ENTIDAD,NOM_ENT,MUN,NOM_MUN,LOC,NOM_LOC,LONGITUD,LATITUD,ALTITUD,POBTOT,VIVTOT,TVIVHAB,TVIVPAR,VIVPAR_HAB,TVIVPARHAB,SELECCION
00,Total nacional,000,Total nacional,0000,Total nacional,,,,126014024,43903443,35233462,42300700,33630719,35219141,total
01,Aguascalientes,000,Total de la entidad Aguascalientes,0000,Total de la Entidad,,,,1425607,463972,386671,453099,375798,386445,total
01,Aguascalientes,001,Aguascalientes,0000,Total del Municipio,,,,948990,313256,266942,304033,257719,266778,total
01,Aguascalientes,001,Aguascalientes,0001,Aguascalientes,"102°17'45.768"" W","21°52'47.362"" N",1878,863893,286646,246259,278009,237622,246116,cabecera_municipal
01,Aguascalientes,002,Asientos,0000,Total del Municipio,,,,51536,15353,12544,15339,12530,12542,total
01,Aguascalientes,002,Asientos,0001,Asientos,"102°05'21.390"" W","22°14'17.941"" N",2168,5248,1490,1263,1486,1259,1262,cabecera_municipal
01,Aguascalientes,003,Calvillo,0000,Total del Municipio,,,,58250,20842,15556,20748,15462,15546,total
01,Aguascalientes,003,Calvillo,0001,Calvillo,"102°43'07.502"" W","21°50'48.866"" N",1632,21049,6913,5626,6897,5610,5620,cabecera_municipal
01,Aguascalientes,004,Cosío,0000,Total del Municipio,,,,17000,4845,3938,4840,3933,3937,total
01,Aguascalientes,004,Cosío,0001,Cosío,"102°18'00.159"" W","22°21'59.071"" N",2004,5870,1770,1430,1766,1426,1429,cabecera_municipal
01,Aguascalientes,005,Jesús María,0000,Total del Municipio,,,,129929,41550,33229,40588,32267,33214,total
01,Aguascalientes,005,Jesús María,0001,Jesús María,"102°20'36.299"" W","21°57'40.582"" N",1878,63805,19358,16023,18882,15547,16015,cabecera_municipal
01,Aguascalientes,006,Pabellón de Arteaga,0000,Total del Municipio,,,,47646,13541,11470,13322,11251,11456,total
01,Aguascalientes,006,Pabellón de Arteaga,0001,Pabellón de Arteaga,"102°16'35.550"" W","22°08'57.126"" N",1912,32035,8675,7794,8509,7628,7784,cabecera_municipal
01,Aguascalientes,007,Rincón de Romos,0000,Total del Municipio,,,,57369,16527,13584,16462,13519,13572,total
01,Aguascalientes,007,Rincón de Romos,0001,Rincón de Romos,"102°19'23.047"" W","22°13'45.239"" N",1952,31963,9204,7803,9152,7751,7797,cabecera_municipal
01,Aguascalientes,008,San José de Gracia,0000,Total del Municipio,,,,9552,3410,2381,3406,2377,2381,total
01,Aguascalientes,008,San José de Gracia,0001,San José de Gracia,"102°24'56.281"" W","22°09'00.779"" N",2052,5607,1903,1409,1899,1405,1409,cabecera_municipal
01,Aguascalientes,009,Tepezalá,0000,Total del Municipio,,,,22485,6592,5425,6583,5416,5422,total
01,Aguascalientes,009,Tepezalá,0001,Tepezalá,"102°10'01.097"" W","22°13'27.220"" N",2101,5225,1530,1261,1528,1259,1260,cabecera_municipal
01,Aguascalientes,010,El Llano,0000,Total del Municipio,,,,20853,6598,5211,6517,5130,5210,total
01,Aguascalientes,010,El Llano,0001,Palo Alto,"101°57'55.106"" W","21°55'07.929"" N",2031,6307,1896,1622,1866,1592,1622,cabecera_municipal
01,Aguascalientes,011,San Francisco de los Romo,0000,Total del Municipio,,,,61997,21458,16391,21261,16194,16387,total
01,Aguascalientes,011,San Francisco de los Romo,0001,San Francisco de los Romo,"102°16'21.642"" W","22°04'20.615"" N",1890,18799,5380,4699,5369,4688,4695,cabecera_municipal
02,Baja California,000,Total de la entidad Baja California,0000,Total de la Entidad,,,,3769020,1325949,1149563,1236142,1059756,1148913,total
02,Baja California,001,Ensenada,0000,Total del Municipio,,,,443807,171203,139968,164464,133229,139850,total
02,Baja California,001,Ensenada,0001,Ensenada,"116°35'42.482"" W","31°48'32.198"" N",0018,330652,121224,105810,116055,100641,105736,cabecera_municipal
02,Baja California,002,Mexicali,0000,Total del Municipio,,,,1049792,385642,330500,366463,311321,330356,total
02,Baja California,002,Mexicali,0001,Mexicali,"115°28'32.084"" W","32°38'28.233"" N",0001,854186,310112,271614,292944,254446,271511,cabecera_municipal
02,Baja California,003,Tecate,0000,Total del Municipio,,,,108440,42401,31176,40512,29287,31140,total
02,Baja California,003,Tecate,0001,Tecate,"116°37'35.581"" W","32°34'21.644"" N",0526,81059,28613,24109,27300,22796,24098,cabecera_municipal
02,Baja California,004,Tijuana,0000,Total del Municipio,,,,1922523,636034,577011,581616,522593,576708,total
02,Baja California,004,Tijuana,0001,Tijuana,"117°01'08.088"" W","32°31'56.859"" N",0022,1810645,595061,542933,542532,490404,542649,cabecera_municipal
02,Baja California,005,Playas de Rosarito,0000,Total del Municipio,,,,126890,49770,38135,42871,31236,38109,total
02,Baja California,005,Playas de Rosarito,0001,Playas de Rosarito,"117°03'16.052"" W","32°21'49.263"" N",0025,100660,36103,29988,30518,24403,29969,cabecera_municipal
02,Baja California,006,San Quintín,0000,Total del Municipio,,,,117568,40899,32773,40216,32090,32750,total
02,Baja California,006,San Quintín,0001,San Quintín,"115°56'20.621"" W","30°33'23.347"" N",0027,4754,1853,1459,1823,1429,1459,cabecera_municipal
03,Baja California Sur,000,Total de la entidad Baja California Sur,0000,Total de la Entidad,,,,798447,299873,240660,286051,226838,240468,total
03,Baja California Sur,001,Comondú,0000,Total del Municipio,,,,73021,27446,22242,27205,22001,22216,total
03,Baja California Sur,001,Comondú,0001,Ciudad Constitución,"111°40'24.022"" W","25°02'04.688"" N",0049,43805,15938,13329,15810,13201,13318,cabecera_municipal
03,Baja California Sur,002,Mulegé,0000,Total del Municipio,,,,64022,26741,19436,25847,18542,19402,total
03,Baja California Sur,002,Mulegé,0001,Santa Rosalía,"112°16'05.789"" W","27°20'12.726"" N",0005,14357,4887,4245,4592,3950,4235,cabecera_municipal
03,Baja California Sur,003,La Paz,0000,Total del Municipio,,,,292241,116231,91366,111792,86927,91287,total
03,Baja California Sur,003,La Paz,0001,La Paz,"110°18'23.724"" W","24°08'55.482"" N",0031,250141,98009,78973,94783,75747,78913,cabecera_municipal
03,Baja California Sur,008,Los Cabos,0000,Total del Municipio,,,,351111,121645,101981,113841,94177,101934,total
03,Baja California Sur,008,Los Cabos,0001,San José del Cabo,"109°41'41.097"" W","23°03'41.729"" N",0016,136285,48382,40579,46933,39130,40561,cabecera_municipal
03,Baja California Sur,009,Loreto,0000,Total del Municipio,,,,18052,7810,5635,7366,5191,5629,total
03,Baja California Sur,009,Loreto,0001,Loreto,"111°20'36.000"" W","26°00'46.000"" N",0003,16311,6268,5089,5842,4663,5085,cabecera_municipal
04,Campeche,000,Total de la entidad Campeche,0000,Total de la Entidad,,,,928363,321634,260824,312770,251960,260725,total
04,Campeche,001,Calkiní,0000,Total del Municipio,,,,59232,19433,15289,19424,15280,15287,total
04,Campeche,001,Calkiní,0001,Calkiní," 90°03'02.662"" W","20°22'16.414"" N",0013,15949,5604,4100,5600,4096,4098,cabecera_municipal
04,Campeche,002,Campeche,0000,Total del Municipio,,,,294077,101576,85353,98038,81815,85297,total
04,Campeche,002,Campeche,0001,San Francisco de Campeche," 90°32'22.737"" W","19°50'41.331"" N",0005,249623,86048,73209,82776,69937,73161,cabecera_municipal
04,Campeche,003,Carmen,0000,Total del Municipio,,,,248845,88379,72119,83448,67188,72094,total
04,Campeche,003,Carmen,0001,Ciudad del Carmen," 91°50'11.220"" W","18°38'16.042"" N",0000,191238,66661,55582,61995,50916,55559,cabecera_municipal
04,Campeche,004,Champotón,0000,Total del Municipio,,,,78170,26787,21474,26599,21286,21470,total
04,Campeche,004,Champotón,0001,Champotón," 90°43'26.008"" W","19°21'22.387"" N",0010,35799,12384,10015,12273,9904,10012,cabecera_municipal
04,Campeche,005,Hecelchakán,0000,Total del Municipio,,,,31917,10058,8292,10057,8291,8291,total
04,Campeche,005,Hecelchakán,0001,Hecelchakán," 90°08'04.262"" W","20°10'37.078"" N",0014,11419,3787,3082,3786,3081,3081,cabecera_municipal
04,Campeche,006,Hopelchén,0000,Total del Municipio,,,,42140,12573,10243,12553,10223,10241,total
04,Campeche,006,Hopelchén,0001,Hopelchén," 89°50'42.157"" W","19°44'43.973"" N",0089,8048,2884,2121,2879,2116,2120,cabecera_municipal
04,Campeche,007,Palizada,0000,Total del Municipio,,,,8683,3349,2546,3316,2513,2546,total
04,Campeche,007,Palizada,0001,Palizada," 92°05'27.246"" W","18°15'12.954"" N",-005,3485,1415,1052,1395,1032,1052,cabecera_municipal
04,Campeche,008,Tenabo,0000,Total del Municipio,,,,11452,3921,3066,3921,3066,3066,total
04,Campeche,008,Tenabo,0001,Tenabo," 90°13'32.748"" W","20°02'22.837"" N",0008,8748,2861,2303,2861,2303,2303,cabecera_municipal
04,Campeche,009,Escárcega,0000,Total del Municipio,,,,59923,22289,16837,22248,16796,16833,total
04,Campeche,009,Escárcega,0001,Escárcega," 90°43'55.203"" W","18°36'15.533"" N",0084,31375,12249,8955,12231,8937,8951,cabecera_municipal
04,Campeche,010,Calakmul,0000,Total del Municipio,,,,31714,10343,8037,10331,8025,8037,total
04,Campeche,010,Calakmul,0001,Xpujil," 89°23'50.192"" W","18°30'19.335"" N",0263,5729,2290,1543,2286,1539,1543,cabecera_municipal
04,Campeche,011,Candelaria,0000,Total del Municipio,,,,46913,17817,13294,17743,13220,13289,total
04,Campeche,011,Candelaria,0001,Candelaria," 91°02'46.657"" W","18°11'00.422"" N",0046,11121,4620,3196,4608,3184,3191,cabecera_municipal
04,Campeche,012,Seybaplaya,0000,Total del Municipio,,,,15297,5109,4274,5092,4257,4274,total
04,Campeche,012,Seybaplaya,0001,Seybaplaya," 90°41'17.884"" W","19°38'21.109"" N",0003,9515,3256,2725,3249,2718,2725,cabecera_municipal
05,Coahuila de Zaragoza,000,Total de la entidad Coahuila de Zaragoza,0000,Total de la Entidad,,,,3146771,1078048,901249,1043108,866309,900883,total
05,Coahuila de Zaragoza,001,Abasolo,0000,Total del Municipio,,,,1022,696,363,695,362,363,total
05,Coahuila de Zaragoza,001,Abasolo,0001,Abasolo,"101°25'35.000"" W","27°10'55.000"" N",0436,735,418,252,417,251,252,cabecera_municipal
05,Coahuila de Zaragoza,002,Acuña,0000,Total del Municipio,,,,163058,56926,47246,56817,47137,47231,total
05,Coahuila de Zaragoza,002,Acuña,0001,Ciudad Acuña,"100°58'41.730"" W","29°19'48.020"" N",0291,160225,55672,46387,55598,46313,46372,cabecera_municipal
05,Coahuila de Zaragoza,003,Allende,0000,Total del Municipio,,,,23056,8907,6852,8868,6813,6850,total
05,Coahuila de Zaragoza,003,Allende,0001,Allende,"100°51'15.000"" W","28°20'50.000"" N",0378,21376,8150,6321,8113,6284,6319,cabecera_municipal
05,Coahuila de Zaragoza,004,Arteaga,0000,Total del Municipio,,,,29578,14621,8639,14100,8118,8633,total
05,Coahuila de Zaragoza,004,Arteaga,0001,Arteaga,"100°50'58.641"" W","25°27'02.234"" N",1680,15534,6017,4587,5576,4146,4585,cabecera_municipal
05,Coahuila de Zaragoza,005,Candela,0000,Total del Municipio,,,,1643,1028,471,1021,464,471,total
05,Coahuila de Zaragoza,005,Candela,0001,Candela,"100°39'50.000"" W","26°50'25.000"" N",0422,1404,866,403,859,396,403,cabecera_municipal
05,Coahuila de Zaragoza,006,Castaños,0000,Total del Municipio,,,,29128,10691,8382,10468,8159,8379,total
05,Coahuila de Zaragoza,006,Castaños,0001,Castaños,"101°25'50.000"" W","26°47'07.000"" N",0747,27314,9429,7778,9241,7590,7775,cabecera_municipal
05,Coahuila de Zaragoza,007,Cuatro Ciénegas,0000,Total del Municipio,,,,12715,5275,3777,5103,3605,3776,total
05,Coahuila de Zaragoza,007,Cuatro Ciénegas,0001,Cuatro Ciénegas de Carranza,"102°04'01.564"" W","26°59'12.709"" N",0741,10395,4042,3068,3882,2908,3067,cabecera_municipal
05,Coahuila de Zaragoza,008,Escobedo,0000,Total del Municipio,,,,3047,1322,908,1278,864,908,total
05,Coahuila de Zaragoza,008,Escobedo,0001,Escobedo,"101°24'45.000"" W","27°14'05.000"" N",0448,541,275,172,270,167,172,cabecera_municipal
05,Coahuila de Zaragoza,009,Francisco I. Madero,0000,Total del Municipio,,,,59035,20022,15901,19785,15664,15897,total
05,Coahuila de Zaragoza,009,Francisco I. Madero,0001,Francisco I. Madero (Chávez),"103°16'23.000"" W","25°46'30.000"" N",1110,32704,11166,8900,11061,8795,8896,cabecera_municipal
05,Coahuila de Zaragoza,010,Frontera,0000,Total del Municipio,,,,82409,26600,23371,25899,22670,23366,total
05,Coahuila de Zaragoza,010,Frontera,0001,Frontera,"101°26'58.000"" W","26°55'34.000"" N",0590,75242,23736,21278,23123,20665,21273,cabecera_municipal
05,Coahuila de Zaragoza,011,General Cepeda,0000,Total del Municipio,,,,11898,4992,3407,4861,3276,3402,total
05,Coahuila de Zaragoza,011,General Cepeda,0001,General Cepeda,"101°28'45.450"" W","25°22'47.667"" N",1470,5535,2100,1509,2054,1463,1505,cabecera_municipal
05,Coahuila de Zaragoza,012,Guerrero,0000,Total del Municipio,,,,1643,961,523,930,492,521,total
05,Coahuila de Zaragoza,012,Guerrero,0001,Guerrero,"100°22'43.412"" W","28°18'30.306"" N",0220,775,451,236,435,220,234,cabecera_municipal
05,Coahuila de Zaragoza,013,Hidalgo,0000,Total del Municipio,,,,1735,787,492,783,488,492,total
05,Coahuila de Zaragoza,013,Hidalgo,0001,Hidalgo," 99°52'33.798"" W","27°47'30.050"" N",0151,1674,729,452,726,449,452,cabecera_municipal
05,Coahuila de Zaragoza,014,Jiménez,0000,Total del Municipio,,,,9502,4192,2729,4064,2601,2727,total
05,Coahuila de Zaragoza,014,Jiménez,0001,Jiménez,"100°40'27.219"" W","29°04'13.110"" N",0248,1162,638,348,632,342,348,cabecera_municipal
05,Coahuila de Zaragoza,015,Juárez,0000,Total del Municipio,,,,1584,973,486,971,484,486,total
05,Coahuila de Zaragoza,015,Juárez,0001,Juárez,"100°43'37.631"" W","27°36'23.423"" N",0270,929,427,277,426,276,277,cabecera_municipal
05,Coahuila de Zaragoza,016,Lamadrid,0000,Total del Municipio,,,,1764,1021,553,1021,553,553,total
05,Coahuila de Zaragoza,016,Lamadrid,0001,Lamadrid,"101°47'36.957"" W","27°02'54.577"" N",0648,1743,1004,544,1004,544,544,cabecera_municipal
05,Coahuila de Zaragoza,017,Matamoros,0000,Total del Municipio,,,,118337,37230,31207,35899,29876,31201,total
05,Coahuila de Zaragoza,017,Matamoros,0001,Matamoros,"103°13'49.381"" W","25°31'41.290"" N",1115,59762,18659,15955,17759,15055,15951,cabecera_municipal
05,Coahuila de Zaragoza,018,Monclova,0000,Total del Municipio,,,,237951,78416,69906,74214,65704,69886,total
05,Coahuila de Zaragoza,018,Monclova,0001,Monclova,"101°25'02.008"" W","26°54'04.472"" N",0606,237169,77798,69627,73616,65445,69607,cabecera_municipal
05,Coahuila de Zaragoza,019,Morelos,0000,Total del Municipio,,,,7928,3299,2335,3187,2223,2332,total
05,Coahuila de Zaragoza,019,Morelos,0001,Morelos,"100°53'11.873"" W","28°24'36.376"" N",0368,6720,2854,2005,2758,1909,2005,cabecera_municipal
05,Coahuila de Zaragoza,020,Múzquiz,0000,Total del Municipio,,,,71627,25010,20663,24183,19836,20657,total
05,Coahuila de Zaragoza,020,Múzquiz,0001,Ciudad Melchor Múzquiz,"101°30'59.464"" W","27°52'39.179"" N",0490,38992,13746,11220,13403,10877,11214,cabecera_municipal
05,Coahuila de Zaragoza,021,Nadadores,0000,Total del Municipio,,,,6539,2787,1974,2745,1932,1973,total
05,Coahuila de Zaragoza,021,Nadadores,0001,Nadadores,"101°35'31.284"" W","27°01'44.510"" N",0519,4526,1775,1339,1751,1315,1338,cabecera_municipal
05,Coahuila de Zaragoza,022,Nava,0000,Total del Municipio,,,,33129,11129,9379,10211,8461,9372,total
05,Coahuila de Zaragoza,022,Nava,0001,Nava,"100°46'03.193"" W","28°25'18.749"" N",0327,26963,8828,7609,8083,6864,7606,cabecera_municipal
05,Coahuila de Zaragoza,023,Ocampo,0000,Total del Municipio,,,,9642,4111,2672,4000,2561,2663,total
05,Coahuila de Zaragoza,023,Ocampo,0001,Ocampo,"102°23'50.657"" W","27°18'40.374"" N",1108,3651,1414,985,1385,956,985,cabecera_municipal
05,Coahuila de Zaragoza,024,Parras,0000,Total del Municipio,,,,44472,17265,12735,17199,12669,12719,total
05,Coahuila de Zaragoza,024,Parras,0001,Parras de la Fuente,"102°11'03.008"" W","25°26'14.570"" N",1535,34798,13320,10006,13264,9950,9992,cabecera_municipal
05,Coahuila de Zaragoza,025,Piedras Negras,0000,Total del Municipio,,,,176327,62631,51732,61707,50808,51705,total
05,Coahuila de Zaragoza,025,Piedras Negras,0001,Piedras Negras,"100°31'42.389"" W","28°42'29.135"" N",0222,173959,61855,51302,60947,50394,51279,cabecera_municipal
05,Coahuila de Zaragoza,026,Progreso,0000,Total del Municipio,,,,3239,1557,995,1506,944,994,total
05,Coahuila de Zaragoza,026,Progreso,0001,Progreso,"100°59'14.040"" W","27°25'44.320"" N",0308,675,397,200,391,194,199,cabecera_municipal
05,Coahuila de Zaragoza,027,Ramos Arizpe,0000,Total del Municipio,,,,122243,40038,34397,38769,33128,34386,total
05,Coahuila de Zaragoza,027,Ramos Arizpe,0001,Ramos Arizpe,"100°57'02.815"" W","25°32'35.641"" N",1393,114010,35867,32106,34612,30851,32098,cabecera_municipal
05,Coahuila de Zaragoza,028,Sabinas,0000,Total del Municipio,,,,64811,24744,20215,23955,19426,20212,total
05,Coahuila de Zaragoza,028,Sabinas,0001,Sabinas,"101°07'11.961"" W","27°50'55.998"" N",0343,59196,22346,18424,21599,17677,18421,cabecera_municipal
05,Coahuila de Zaragoza,029,Sacramento,0000,Total del Municipio,,,,2471,1035,725,1035,725,725,total
05,Coahuila de Zaragoza,029,Sacramento,0001,Sacramento,"101°43'30.129"" W","27°00'15.979"" N",0589,2437,1016,710,1016,710,710,cabecera_municipal
05,Coahuila de Zaragoza,030,Saltillo,0000,Total del Municipio,,,,879958,271428,242663,262996,234231,242588,total
05,Coahuila de Zaragoza,030,Saltillo,0001,Saltillo,"100°59'58.996"" W","25°25'17.993"" N",1600,864431,264208,238246,255851,229889,238171,cabecera_municipal
05,Coahuila de Zaragoza,031,San Buenaventura,0000,Total del Municipio,,,,24759,9640,7627,9323,7310,7622,total
05,Coahuila de Zaragoza,031,San Buenaventura,0001,San Buenaventura,"101°33'00.103"" W","27°03'36.926"" N",0497,23413,8634,7123,8326,6815,7118,cabecera_municipal
05,Coahuila de Zaragoza,032,San Juan de Sabinas,0000,Total del Municipio,,,,42260,15777,13101,15301,12625,13094,total
05,Coahuila de Zaragoza,032,San Juan de Sabinas,0014,Nueva Rosita,"101°13'01.120"" W","27°56'02.050"" N",0390,39058,14438,12118,13998,11678,12112,cabecera_municipal
05,Coahuila de Zaragoza,033,San Pedro,0000,Total del Municipio,,,,101041,33186,26588,32673,26075,26577,total
05,Coahuila de Zaragoza,033,San Pedro,0001,San Pedro,"102°58'59.365"" W","25°45'28.000"" N",1091,49490,15595,12920,15259,12584,12913,cabecera_municipal
05,Coahuila de Zaragoza,034,Sierra Mojada,0000,Total del Municipio,,,,6744,2629,1937,2450,1758,1924,total
05,Coahuila de Zaragoza,034,Sierra Mojada,0001,Sierra Mojada,"103°42'05.244"" W","27°17'12.757"" N",1536,462,209,139,208,138,139,cabecera_municipal
05,Coahuila de Zaragoza,035,Torreón,0000,Total del Municipio,,,,720848,261544,215134,249828,203418,215039,total
05,Coahuila de Zaragoza,035,Torreón,0001,Torreón,"103°27'11.018"" W","25°32'30.312"" N",1110,690193,251174,207158,239649,195633,207066,cabecera_municipal
05,Coahuila de Zaragoza,036,Viesca,0000,Total del Municipio,,,,20305,6880,5356,6731,5207,5353,total
05,Coahuila de Zaragoza,036,Viesca,0001,Viesca,"102°48'22.861"" W","25°20'36.979"" N",1097,3522,1272,908,1237,873,906,cabecera_municipal
05,Coahuila de Zaragoza,037,Villa Unión,0000,Total del Municipio,,,,6188,2917,1820,2909,1812,1820,total
05,Coahuila de Zaragoza,037,Villa Unión,0001,Villa Unión,"100°43'30.558"" W","28°13'13.792"" N",0381,5443,2534,1579,2526,1571,1579,cabecera_municipal
05,Coahuila de Zaragoza,038,Zaragoza,0000,Total del Municipio,,,,13135,5781,3988,5623,3830,3986,total
05,Coahuila de Zaragoza,038,Zaragoza,0001,Zaragoza,"100°55'03.438"" W","28°29'13.355"" N",0360,11150,4702,3322,4564,3184,3321,cabecera_municipal
06,Colima,000,Total de la entidad Colima,0000,Total de la Entidad,,,,731391,288978,227050,278552,216624,226853,total
06,Colima,001,Armería,0000,Total del Municipio,,,,27626,11236,8236,11040,8040,8224,total
06,Colima,001,Armería,0001,Ciudad de Armería,"103°57'53.990"" W","18°56'13.462"" N",0020,15368,5609,4502,5486,4379,4499,cabecera_municipal
06,Colima,002,Colima,0000,Total del Municipio,,,,157048,65375,50440,64509,49574,50352,total
06,Colima,002,Colima,0001,Colima,"103°43'41.228"" W","19°14'34.520"" N",0485,146965,60820,47337,60051,46568,47250,cabecera_municipal
06,Colima,003,Comala,0000,Total del Municipio,,,,21661,8056,6309,7872,6125,6300,total
06,Colima,003,Comala,0001,Comala,"103°45'31.684"" W","19°19'23.515"" N",0601,9649,3508,2937,3407,2836,2929,cabecera_municipal
06,Colima,004,Coquimatlán,0000,Total del Municipio,,,,20837,7954,6192,7854,6092,6189,total
06,Colima,004,Coquimatlán,0001,Coquimatlán,"103°48'39.301"" W","19°12'05.076"" N",0330,14892,5289,4332,5204,4247,4330,cabecera_municipal
06,Colima,005,Cuauhtémoc,0000,Total del Municipio,,,,31267,11645,9332,11146,8833,9322,total
06,Colima,005,Cuauhtémoc,0001,Cuauhtémoc,"103°36'06.698"" W","19°19'43.588"" N",0940,9746,3815,2951,3591,2727,2948,cabecera_municipal
06,Colima,006,Ixtlahuacán,0000,Total del Municipio,,,,5623,2418,1713,2412,1707,1711,total
06,Colima,006,Ixtlahuacán,0001,Ixtlahuacán,"103°44'18.936"" W","19°00'04.261"" N",0173,2985,1193,902,1187,896,900,cabecera_municipal
06,Colima,007,Manzanillo,0000,Total del Municipio,,,,191031,76583,59803,71303,54523,59761,total
06,Colima,007,Manzanillo,0001,Manzanillo,"104°18'58.970"" W","19°03'11.541"" N",0013,159853,64153,50485,59451,45783,50445,cabecera_municipal
06,Colima,008,Minatitlán,0000,Total del Municipio,,,,10231,3753,2914,3718,2879,2913,total
06,Colima,008,Minatitlán,0001,Minatitlán,"104°02'58.693"" W","19°23'09.996"" N",0742,6075,2084,1707,2079,1702,1706,cabecera_municipal
06,Colima,009,Tecomán,0000,Total del Municipio,,,,116305,40114,33020,39230,32136,33001,total
06,Colima,009,Tecomán,0001,Tecomán,"103°52'25.640"" W","18°54'38.175"" N",0033,88337,30312,25226,29530,24444,25210,cabecera_municipal
06,Colima,010,Villa de Álvarez,0000,Total del Municipio,,,,149762,61844,49091,59468,46715,49080,total
06,Colima,010,Villa de Álvarez,0001,Ciudad de Villa de Álvarez,"103°44'12.331"" W","19°15'53.195"" N",0521,147496,60499,48403,58142,46046,48393,cabecera_municipal
07,Chiapas,000,Total de la entidad Chiapas,0000,Total de la Entidad,,,,5543828,1694405,1351630,1668330,1325555,1351023,total
07,Chiapas,001,Acacoyagua,0000,Total del Municipio,,,,17994,5459,4416,5421,4378,4415,total
07,Chiapas,001,Acacoyagua,0001,Acacoyagua," 92°40'28.622"" W","15°20'27.475"" N",0081,8092,2574,2107,2543,2076,2106,cabecera_municipal
07,Chiapas,002,Acala,0000,Total del Municipio,,,,21187,7179,5431,7120,5372,5431,total
07,Chiapas,002,Acala,0001,Acala," 92°48'27.030"" W","16°33'06.025"" N",0403,15001,5118,3966,5061,3909,3966,cabecera_municipal
07,Chiapas,003,Acapetahua,0000,Total del Municipio,,,,26899,9482,7608,9409,7535,7604,total
07,Chiapas,003,Acapetahua,0001,Acapetahua," 92°41'20.875"" W","15°16'58.216"" N",0031,6247,2428,1842,2402,1816,1842,cabecera_municipal
07,Chiapas,004,Altamirano,0000,Total del Municipio,,,,36160,10020,7973,9091,7044,7969,total
07,Chiapas,004,Altamirano,0001,Altamirano," 92°02'18.937"" W","16°44'09.313"" N",1242,10618,3553,2630,3549,2626,2628,cabecera_municipal
07,Chiapas,005,Amatán,0000,Total del Municipio,,,,24512,6597,5665,6593,5661,5663,total
07,Chiapas,005,Amatán,0001,Amatán," 92°49'08.843"" W","17°22'22.254"" N",0788,4327,1430,1126,1429,1125,1125,cabecera_municipal
07,Chiapas,006,Amatenango de la Frontera,0000,Total del Municipio,,,,31735,9806,7580,9777,7551,7580,total
07,Chiapas,006,Amatenango de la Frontera,0001,Amatenango de la Frontera," 92°06'54.568"" W","15°26'06.038"" N",0870,773,244,178,241,175,178,cabecera_municipal
07,Chiapas,007,Amatenango del Valle,0000,Total del Municipio,,,,11283,2919,2561,2885,2527,2559,total
07,Chiapas,007,Amatenango del Valle,0001,Amatenango del Valle," 92°26'07.766"" W","16°31'42.605"" N",1810,5920,1698,1468,1696,1466,1466,cabecera_municipal
07,Chiapas,008,Angel Albino Corzo,0000,Total del Municipio,,,,31947,9702,7299,9684,7281,7296,total
07,Chiapas,008,Angel Albino Corzo,0001,Jaltenango de la Paz (Ángel Albino Corzo)," 92°43'30.287"" W","15°52'21.520"" N",0635,11875,4065,2945,4059,2939,2943,cabecera_municipal
07,Chiapas,009,Arriaga,0000,Total del Municipio,,,,41135,15702,12362,15689,12349,12358,total
07,Chiapas,009,Arriaga,0001,Arriaga," 93°53'58.104"" W","16°14'09.834"" N",0061,25366,9640,7692,9629,7681,7688,cabecera_municipal
07,Chiapas,010,Bejucal de Ocampo,0000,Total del Municipio,,,,7365,1962,1567,1960,1565,1567,total
07,Chiapas,010,Bejucal de Ocampo,0001,Bejucal de Ocampo," 92°09'30.265"" W","15°27'19.415"" N",2316,294,97,72,97,72,72,cabecera_municipal
07,Chiapas,011,Bella Vista,0000,Total del Municipio,,,,20157,6160,4523,6157,4520,4523,total
07,Chiapas,011,Bella Vista,0001,Bella Vista," 92°14'41.445"" W","15°34'58.791"" N",1580,1996,616,466,616,466,466,cabecera_municipal
07,Chiapas,012,Berriozábal,0000,Total del Municipio,,,,64632,23549,16200,23488,16139,16192,total
07,Chiapas,012,Berriozábal,0001,Berriozábal," 93°16'23.777"" W","16°48'01.155"" N",0911,36084,11100,8698,11078,8676,8694,cabecera_municipal
07,Chiapas,013,Bochil,0000,Total del Municipio,,,,37263,10230,8413,9601,7784,8407,total
07,Chiapas,013,Bochil,0001,Bochil," 92°53'24.788"" W","16°59'46.980"" N",1148,14200,4262,3363,4246,3347,3358,cabecera_municipal
07,Chiapas,014,El Bosque,0000,Total del Municipio,,,,24273,5701,5051,5653,5003,5049,total
07,Chiapas,014,El Bosque,0001,El Bosque," 92°43'17.072"" W","17°03'43.957"" N",1080,5833,1599,1411,1592,1404,1409,cabecera_municipal
07,Chiapas,015,Cacahoatán,0000,Total del Municipio,,,,50112,15017,12150,15007,12140,12144,total
07,Chiapas,015,Cacahoatán,0001,Cacahoatán," 92°10'05.197"" W","14°59'23.239"" N",0477,19108,5994,4971,5992,4969,4970,cabecera_municipal
07,Chiapas,016,Catazajá,0000,Total del Municipio,,,,17619,5888,4788,5875,4775,4785,total
07,Chiapas,016,Catazajá,0001,Catazajá," 92°00'58.918"" W","17°43'41.957"" N",0010,3344,1302,961,1302,961,961,cabecera_municipal
07,Chiapas,017,Cintalapa,0000,Total del Municipio,,,,88106,27322,21775,27270,21723,21765,total
07,Chiapas,017,Cintalapa,0001,Cintalapa de Figueroa," 93°43'13.541"" W","16°41'55.256"" N",0540,49201,15732,12563,15689,12520,12559,cabecera_municipal
07,Chiapas,018,Coapilla,0000,Total del Municipio,,,,9900,3101,2447,3098,2444,2444,total
07,Chiapas,018,Coapilla,0001,Coapilla," 93°09'32.479"" W","17°07'50.849"" N",1623,3770,1382,1005,1379,1002,1002,cabecera_municipal
07,Chiapas,019,Comitán de Domínguez,0000,Total del Municipio,,,,166178,56783,44451,56526,44194,44427,total
07,Chiapas,019,Comitán de Domínguez,0001,Comitán de Domínguez," 92°08'09.006"" W","16°15'08.858"" N",1643,113479,40028,31056,39848,30876,31032,cabecera_municipal
07,Chiapas,020,La Concordia,0000,Total del Municipio,,,,49920,15492,12263,15458,12229,12251,total
07,Chiapas,020,La Concordia,0001,La Concordia," 92°41'16.562"" W","16°07'00.177"" N",0539,8389,2918,2294,2906,2282,2283,cabecera_municipal
07,Chiapas,021,Copainalá,0000,Total del Municipio,,,,22192,7830,6057,7708,5935,6055,total
07,Chiapas,021,Copainalá,0001,Copainalá," 93°12'38.000"" W","17°05'37.000"" N",0452,7125,2629,2025,2540,1936,2024,cabecera_municipal
07,Chiapas,022,Chalchihuitán,0000,Total del Municipio,,,,21915,7135,4819,7108,4792,4819,total
07,Chiapas,022,Chalchihuitán,0001,Chalchihuitán," 92°37'06.223"" W","16°57'48.257"" N",1463,1976,1280,437,1264,421,437,cabecera_municipal
07,Chiapas,023,Chamula,0000,Total del Municipio,,,,101967,29553,22655,29290,22392,22654,total
07,Chiapas,023,Chamula,0001,Chamula," 92°41'21.000"" W","16°47'15.000"" N",2270,4727,2186,1174,2092,1080,1174,cabecera_municipal
07,Chiapas,024,Chanal,0000,Total del Municipio,,,,13678,3046,2189,3020,2163,2188,total
07,Chiapas,024,Chanal,0001,Chanal," 92°15'35.792"" W","16°39'36.223"" N",2115,9533,2208,1502,2189,1483,1501,cabecera_municipal
07,Chiapas,025,Chapultenango,0000,Total del Municipio,,,,7472,2094,1724,2047,1677,1722,total
07,Chiapas,025,Chapultenango,0001,Chapultenango," 93°07'48.282"" W","17°20'25.442"" N",0630,3498,991,817,985,811,815,cabecera_municipal
07,Chiapas,026,Chenalhó,0000,Total del Municipio,,,,47371,11570,9505,11050,8985,9503,total
07,Chiapas,026,Chenalhó,0001,Chenalhó," 92°37'34.133"" W","16°53'39.397"" N",1522,4369,1419,917,1407,905,915,cabecera_municipal
07,Chiapas,027,Chiapa de Corzo,0000,Total del Municipio,,,,112075,39208,29653,38876,29321,29647,total
07,Chiapas,027,Chiapa de Corzo,0001,Chiapa de Corzo," 93°00'57.453"" W","16°42'28.649"" N",0407,55931,19565,14704,19383,14522,14699,cabecera_municipal
07,Chiapas,028,Chiapilla,0000,Total del Municipio,,,,6156,2089,1627,2088,1626,1627,total
07,Chiapas,028,Chiapilla,0001,Chiapilla," 92°43'12.090"" W","16°34'13.775"" N",0541,4329,1447,1124,1446,1123,1124,cabecera_municipal
07,Chiapas,029,Chicoasén,0000,Total del Municipio,,,,5402,1972,1476,1956,1460,1476,total
07,Chiapas,029,Chicoasén,0001,Chicoasén," 93°06'18.846"" W","16°58'02.118"" N",0227,3947,1450,1083,1436,1069,1083,cabecera_municipal
07,Chiapas,030,Chicomuselo,0000,Total del Municipio,,,,36785,11400,8809,11375,8784,8807,total
07,Chiapas,030,Chicomuselo,0001,Chicomuselo," 92°16'59.834"" W","15°44'41.770"" N",0591,7083,2447,1932,2443,1928,1930,cabecera_municipal
07,Chiapas,031,Chilón,0000,Total del Municipio,,,,137262,31087,26658,30211,25782,26645,total
07,Chiapas,031,Chilón,0001,Chilón," 92°16'17.502"" W","17°06'19.769"" N",0869,8982,2668,2128,2619,2079,2126,cabecera_municipal
07,Chiapas,032,Escuintla,0000,Total del Municipio,,,,30896,10147,7882,9886,7621,7880,total
07,Chiapas,032,Escuintla,0001,Escuintla," 92°39'30.810"" W","15°19'09.370"" N",0077,10624,3687,3013,3598,2924,3012,cabecera_municipal
07,Chiapas,033,Francisco León,0000,Total del Municipio,,,,7245,1804,1511,1795,1502,1511,total
07,Chiapas,033,Francisco León,0042,Rivera el Viejo Carmen," 93°16'22.407"" W","17°17'09.329"" N",0827,807,240,168,240,168,168,cabecera_municipal
07,Chiapas,034,Frontera Comalapa,0000,Total del Municipio,,,,80897,27745,20195,27718,20168,20188,total
07,Chiapas,034,Frontera Comalapa,0001,Frontera Comalapa," 92°08'27.780"" W","15°39'36.590"" N",0645,21727,7573,5408,7562,5397,5407,cabecera_municipal
07,Chiapas,035,Frontera Hidalgo,0000,Total del Municipio,,,,14556,4447,3695,4397,3645,3694,total
07,Chiapas,035,Frontera Hidalgo,0001,Frontera Hidalgo," 92°10'33.540"" W","14°46'40.215"" N",0060,3891,1258,1042,1245,1029,1042,cabecera_municipal
07,Chiapas,036,La Grandeza,0000,Total del Municipio,,,,7701,1968,1538,1966,1536,1537,total
07,Chiapas,036,La Grandeza,0001,La Grandeza," 92°13'33.168"" W","15°30'36.469"" N",1946,1502,458,342,456,340,341,cabecera_municipal
07,Chiapas,037,Huehuetán,0000,Total del Municipio,,,,36333,11713,9564,11688,9539,9562,total
07,Chiapas,037,Huehuetán,0001,Huehuetán," 92°23'03.051"" W","15°01'06.671"" N",0039,8334,2621,2193,2617,2189,2193,cabecera_municipal
07,Chiapas,038,Huixtán,0000,Total del Municipio,,,,22975,5654,4600,5278,4224,4599,total
07,Chiapas,038,Huixtán,0001,Huixtán," 92°27'16.549"" W","16°42'43.742"" N",1995,1901,720,471,703,454,471,cabecera_municipal
07,Chiapas,039,Huitiupán,0000,Total del Municipio,,,,27893,7082,6279,7049,6246,6278,total
07,Chiapas,039,Huitiupán,0001,Huitiupán," 92°41'09.355"" W","17°10'23.634"" N",0300,3508,1193,927,1187,921,926,cabecera_municipal
07,Chiapas,040,Huixtla,0000,Total del Municipio,,,,53242,17713,14285,17649,14221,14269,total
07,Chiapas,040,Huixtla,0001,Huixtla," 92°27'56.944"" W","15°08'17.839"" N",0047,32109,11414,9029,11366,8981,9024,cabecera_municipal
07,Chiapas,041,La Independencia,0000,Total del Municipio,,,,46409,12735,11089,12679,11033,11084,total
07,Chiapas,041,La Independencia,0001,La Independencia," 92°01'25.828"" W","16°15'14.946"" N",1565,3620,1155,958,1150,953,955,cabecera_municipal
07,Chiapas,042,Ixhuatán,0000,Total del Municipio,,,,11377,3234,2611,3210,2587,2607,total
07,Chiapas,042,Ixhuatán,0001,Ixhuatán," 93°00'30.175"" W","17°17'35.775"" N",0445,3674,1214,968,1194,948,965,cabecera_municipal
07,Chiapas,043,Ixtacomitán,0000,Total del Municipio,,,,10961,3245,2659,3244,2658,2659,total
07,Chiapas,043,Ixtacomitán,0001,Ixtacomitán," 93°05'47.661"" W","17°25'50.862"" N",0140,5309,1722,1389,1722,1389,1389,cabecera_municipal
07,Chiapas,044,Ixtapa,0000,Total del Municipio,,,,28999,7258,6169,7255,6166,6166,total
07,Chiapas,044,Ixtapa,0001,Ixtapa," 92°54'21.250"" W","16°48'12.691"" N",1097,6481,2137,1606,2136,1605,1605,cabecera_municipal
07,Chiapas,045,Ixtapangajoya,0000,Total del Municipio,,,,6284,1810,1535,1807,1532,1533,total
07,Chiapas,045,Ixtapangajoya,0001,Ixtapangajoya," 93°00'05.997"" W","17°29'51.140"" N",0089,1635,502,415,500,413,414,cabecera_municipal
07,Chiapas,046,Jiquipilas,0000,Total del Municipio,,,,41063,14323,11277,14212,11166,11277,total
07,Chiapas,046,Jiquipilas,0001,Jiquipilas," 93°39'01.711"" W","16°40'03.797"" N",0516,11596,3795,3153,3741,3099,3153,cabecera_municipal
07,Chiapas,047,Jitotol,0000,Total del Municipio,,,,24966,6627,5443,6356,5172,5441,total
07,Chiapas,047,Jitotol,0001,Jitotol," 92°51'44.410"" W","17°04'04.683"" N",1643,5580,1874,1353,1863,1342,1351,cabecera_municipal
07,Chiapas,048,Juárez,0000,Total del Municipio,,,,21807,7500,6098,7496,6094,6094,total
07,Chiapas,048,Juárez,0001,Juárez," 93°11'35.991"" W","17°36'29.344"" N",0121,7809,2945,2304,2941,2300,2300,cabecera_municipal
07,Chiapas,049,Larráinzar,0000,Total del Municipio,,,,31259,7419,5989,6865,5435,5986,total
07,Chiapas,049,Larráinzar,0001,Larráinzar," 92°42'47.730"" W","16°53'04.006"" N",2015,3954,1313,852,1244,783,851,cabecera_municipal
07,Chiapas,050,La Libertad,0000,Total del Municipio,,,,5232,1994,1586,1993,1585,1586,total
07,Chiapas,050,La Libertad,0001,La Libertad," 91°43'08.624"" W","17°41'24.491"" N",0022,2216,884,677,883,676,677,cabecera_municipal
07,Chiapas,051,Mapastepec,0000,Total del Municipio,,,,46130,16797,12777,16710,12690,12775,total
07,Chiapas,051,Mapastepec,0001,Mapastepec," 92°53'29.781"" W","15°26'28.083"" N",0043,19271,7605,5723,7534,5652,5721,cabecera_municipal
07,Chiapas,052,Las Margaritas,0000,Total del Municipio,,,,141027,33663,28906,31711,26954,28902,total
07,Chiapas,052,Las Margaritas,0001,Las Margaritas," 91°58'53.646"" W","16°18'57.410"" N",1525,24326,8400,6227,8370,6197,6225,cabecera_municipal
07,Chiapas,053,Mazapa de Madero,0000,Total del Municipio,,,,7901,2202,1695,2198,1691,1695,total
07,Chiapas,053,Mazapa de Madero,0001,Mazapa de Madero," 92°11'15.845"" W","15°23'16.677"" N",1080,1631,489,395,485,391,395,cabecera_municipal
07,Chiapas,054,Mazatán,0000,Total del Municipio,,,,28250,9529,7818,9474,7763,7814,total
07,Chiapas,054,Mazatán,0001,Mazatán," 92°26'58.095"" W","14°51'46.891"" N",0018,7774,2706,2203,2670,2167,2202,cabecera_municipal
07,Chiapas,055,Metapa,0000,Total del Municipio,,,,5876,1944,1574,1940,1570,1574,total
07,Chiapas,055,Metapa,0001,Metapa de Domínguez," 92°11'27.401"" W","14°50'14.331"" N",0103,2860,990,794,988,792,794,cabecera_municipal
07,Chiapas,056,Mitontic,0000,Total del Municipio,,,,13755,3500,2712,3492,2704,2710,total
07,Chiapas,056,Mitontic,0001,Mitontic," 92°37'46.745"" W","16°51'52.095"" N",1698,1275,500,249,495,244,248,cabecera_municipal
07,Chiapas,057,Motozintla,0000,Total del Municipio,,,,76398,21794,16617,21765,16588,16607,total
07,Chiapas,057,Motozintla,0001,Motozintla de Mendoza," 92°14'51.880"" W","15°21'47.402"" N",1285,27815,8746,6682,8736,6672,6680,cabecera_municipal
07,Chiapas,058,Nicolás Ruíz,0000,Total del Municipio,,,,4765,1246,1049,1237,1040,1049,total
07,Chiapas,058,Nicolás Ruíz,0001,Nicolás Ruíz," 92°35'07.250"" W","16°26'13.463"" N",0732,4765,1246,1049,1237,1040,1049,cabecera_municipal
07,Chiapas,059,Ocosingo,0000,Total del Municipio,,,,234661,57036,46891,53523,43378,46858,total
07,Chiapas,059,Ocosingo,0001,Ocosingo," 92°05'44.976"" W","16°54'28.938"" N",0893,47688,15612,11635,15264,11287,11624,cabecera_municipal
07,Chiapas,060,Ocotepec,0000,Total del Municipio,,,,14088,3899,2929,3894,2924,2927,total
07,Chiapas,060,Ocotepec,0001,Ocotepec," 93°09'51.859"" W","17°13'30.105"" N",1461,5330,1563,1161,1561,1159,1159,cabecera_municipal
07,Chiapas,061,Ocozocoautla de Espinosa,0000,Total del Municipio,,,,97397,30125,23915,30037,23827,23902,total
07,Chiapas,061,Ocozocoautla de Espinosa,0001,Ocozocoautla de Espinosa," 93°22'32.349"" W","16°45'41.263"" N",0821,43247,12949,10856,12890,10797,10849,cabecera_municipal
07,Chiapas,062,Ostuacán,0000,Total del Municipio,,,,18469,5566,4487,5565,4486,4487,total
07,Chiapas,062,Ostuacán,0001,Ostuacán," 93°20'13.691"" W","17°24'20.128"" N",0121,3141,1106,867,1106,867,867,cabecera_municipal
07,Chiapas,063,Osumacinta,0000,Total del Municipio,,,,3983,1351,1042,1347,1038,1042,total
07,Chiapas,063,Osumacinta,0001,Osumacinta," 93°05'28.814"" W","16°56'07.681"" N",0402,1989,822,588,818,584,588,cabecera_municipal
07,Chiapas,064,Oxchuc,0000,Total del Municipio,,,,54932,12795,10105,12781,10091,10102,total
07,Chiapas,064,Oxchuc,0001,Oxchuc," 92°20'05.700"" W","16°47'10.030"" N",2006,10356,2621,1950,2613,1942,1950,cabecera_municipal
07,Chiapas,065,Palenque,0000,Total del Municipio,,,,132265,43025,33719,42610,33304,33695,total
07,Chiapas,065,Palenque,0001,Palenque," 91°58'51.720"" W","17°30'32.880"" N",0080,51797,19765,14994,19698,14927,14977,cabecera_municipal
07,Chiapas,066,Pantelhó,0000,Total del Municipio,,,,26391,5973,4931,5746,4704,4929,total
07,Chiapas,066,Pantelhó,0001,Pantelhó," 92°28'10.487"" W","17°00'23.971"" N",1187,8629,2227,1796,2222,1791,1794,cabecera_municipal
07,Chiapas,067,Pantepec,0000,Total del Municipio,,,,12266,3674,2938,3664,2928,2936,total
07,Chiapas,067,Pantepec,0001,Pantepec," 93°02'58.365"" W","17°11'17.131"" N",1461,1924,632,501,629,498,500,cabecera_municipal
07,Chiapas,068,Pichucalco,0000,Total del Municipio,,,,31919,10578,8604,10568,8594,8600,total
07,Chiapas,068,Pichucalco,0001,Pichucalco," 93°07'03.963"" W","17°30'30.783"" N",0036,15244,5487,4341,5479,4333,4338,cabecera_municipal
07,Chiapas,069,Pijijiapan,0000,Total del Municipio,,,,51193,19104,14937,18833,14666,14935,total
07,Chiapas,069,Pijijiapan,0001,Pijijiapan," 93°12'33.541"" W","15°41'30.025"" N",0058,18219,6993,5471,6748,5226,5469,cabecera_municipal
07,Chiapas,070,El Porvenir,0000,Total del Municipio,,,,12263,3129,2403,3126,2400,2403,total
07,Chiapas,070,El Porvenir,0001,El Porvenir de Velasco Suárez," 92°16'46.705"" W","15°27'22.922"" N",2839,1775,593,422,592,421,422,cabecera_municipal
07,Chiapas,071,Villa Comaltitlán,0000,Total del Municipio,,,,30297,9572,7682,9568,7678,7679,total
07,Chiapas,071,Villa Comaltitlán,0001,Villa Comaltitlán," 92°34'33.687"" W","15°12'42.975"" N",0035,8222,2962,2300,2961,2299,2299,cabecera_municipal
07,Chiapas,072,Pueblo Nuevo Solistahuacán,0000,Total del Municipio,,,,29636,7551,6506,7428,6383,6503,total
07,Chiapas,072,Pueblo Nuevo Solistahuacán,0001,Pueblo Nuevo Solistahuacán," 92°53'50.360"" W","17°09'27.245"" N",1714,12805,3615,2991,3614,2990,2990,cabecera_municipal
07,Chiapas,073,Rayón,0000,Total del Municipio,,,,10866,3037,2407,2989,2359,2404,total
07,Chiapas,073,Rayón,0001,Rayón," 93°00'40.382"" W","17°12'01.812"" N",1340,6860,2074,1591,2069,1586,1588,cabecera_municipal
07,Chiapas,074,Reforma,0000,Total del Municipio,,,,44829,16258,12523,16099,12364,12520,total
07,Chiapas,074,Reforma,0001,Reforma," 93°08'49.589"" W","17°51'56.923"" N",0020,29018,10970,8291,10831,8152,8288,cabecera_municipal
07,Chiapas,075,Las Rosas,0000,Total del Municipio,,,,28829,8989,7232,8973,7216,7227,total
07,Chiapas,075,Las Rosas,0001,Las Rosas," 92°22'10.490"" W","16°21'50.875"" N",1302,21194,6569,5353,6556,5340,5351,cabecera_municipal
07,Chiapas,076,Sabanilla,0000,Total del Municipio,,,,29889,8244,6775,8048,6579,6774,total
07,Chiapas,076,Sabanilla,0001,Sabanilla," 92°33'06.192"" W","17°17'00.543"" N",0257,3360,1042,821,1017,796,821,cabecera_municipal
07,Chiapas,077,Salto de Agua,0000,Total del Municipio,,,,64251,17284,14760,17134,14610,14749,total
07,Chiapas,077,Salto de Agua,0001,Salto de Agua," 92°20'00.319"" W","17°33'25.275"" N",0011,6181,2135,1605,2097,1567,1600,cabecera_municipal
07,Chiapas,078,San Cristóbal de las Casas,0000,Total del Municipio,,,,215874,65980,52718,63643,50381,52666,total
07,Chiapas,078,San Cristóbal de las Casas,0001,San Cristóbal de las Casas," 92°38'15.230"" W","16°44'13.280"" N",2121,183509,57091,45806,55080,43795,45756,cabecera_municipal
07,Chiapas,079,San Fernando,0000,Total del Municipio,,,,41793,13024,10483,13005,10464,10482,total
07,Chiapas,079,San Fernando,0001,San Fernando," 93°12'22.625"" W","16°52'18.163"" N",0887,11867,3704,3004,3702,3002,3003,cabecera_municipal
07,Chiapas,080,Siltepec,0000,Total del Municipio,,,,25937,6667,5208,6661,5202,5206,total
07,Chiapas,080,Siltepec,0001,Siltepec," 92°19'22.296"" W","15°33'25.866"" N",1569,3645,1059,854,1054,849,853,cabecera_municipal
07,Chiapas,081,Simojovel,0000,Total del Municipio,,,,52935,12472,10718,12066,10312,10715,total
07,Chiapas,081,Simojovel,0001,Simojovel de Allende," 92°42'54.750"" W","17°08'26.974"" N",0663,14618,4481,3473,4444,3436,3470,cabecera_municipal
07,Chiapas,082,Sitalá,0000,Total del Municipio,,,,15518,4008,3222,3999,3213,3221,total
07,Chiapas,082,Sitalá,0001,Sitalá," 92°18'27.874"" W","17°01'30.183"" N",1081,2091,698,506,697,505,506,cabecera_municipal
07,Chiapas,083,Socoltenango,0000,Total del Municipio,,,,19092,6390,5061,6291,4962,5061,total
07,Chiapas,083,Socoltenango,0001,Socoltenango," 92°21'01.137"" W","16°14'34.618"" N",0884,5244,1979,1530,1953,1504,1530,cabecera_municipal
07,Chiapas,084,Solosuchiapa,0000,Total del Municipio,,,,8561,2533,2060,2519,2046,2058,total
07,Chiapas,084,Solosuchiapa,0001,Solosuchiapa," 93°01'52.246"" W","17°25'43.160"" N",0157,2243,765,609,751,595,607,cabecera_municipal
07,Chiapas,085,Soyaló,0000,Total del Municipio,,,,10890,3246,2567,3244,2565,2567,total
07,Chiapas,085,Soyaló,0001,Soyaló," 92°55'31.044"" W","16°53'27.573"" N",1161,4486,1448,1082,1447,1081,1082,cabecera_municipal
07,Chiapas,086,Suchiapa,0000,Total del Municipio,,,,25627,8237,6362,8214,6339,6362,total
07,Chiapas,086,Suchiapa,0001,Suchiapa," 93°06'17.258"" W","16°37'19.049"" N",0444,19571,6407,4861,6387,4841,4861,cabecera_municipal
07,Chiapas,087,Suchiate,0000,Total del Municipio,,,,41672,13591,11045,13571,11025,11041,total
07,Chiapas,087,Suchiate,0001,Ciudad Hidalgo," 92°09'03.392"" W","14°40'46.028"" N",0024,17485,5610,4577,5605,4572,4575,cabecera_municipal
07,Chiapas,088,Sunuapa,0000,Total del Municipio,,,,2308,724,561,724,561,561,total
07,Chiapas,088,Sunuapa,0001,Sunuapa," 93°14'35.410"" W","17°29'21.760"" N",0190,894,292,223,292,223,223,cabecera_municipal
07,Chiapas,089,Tapachula,0000,Total del Municipio,,,,353706,121813,96307,121237,95731,96211,total
07,Chiapas,089,Tapachula,0001,Tapachula de Córdova y Ordóñez," 92°15'51.552"" W","14°54'39.857"" N",0176,217550,78039,62355,77604,61920,62310,cabecera_municipal
07,Chiapas,090,Tapalapa,0000,Total del Municipio,,,,4547,1554,1102,1552,1100,1100,total
07,Chiapas,090,Tapalapa,0001,Tapalapa," 93°06'16.577"" W","17°11'24.173"" N",1707,2272,763,556,761,554,554,cabecera_municipal
07,Chiapas,091,Tapilula,0000,Total del Municipio,,,,13592,4389,3462,4385,3458,3459,total
07,Chiapas,091,Tapilula,0001,Tapilula," 93°00'58.530"" W","17°14'54.250"" N",0779,8421,2812,2160,2808,2156,2157,cabecera_municipal
07,Chiapas,092,Tecpatán,0000,Total del Municipio,,,,21426,7408,5804,7372,5768,5798,total
07,Chiapas,092,Tecpatán,0001,Tecpatán," 93°18'41.284"" W","17°08'13.183"" N",0308,4950,1929,1446,1919,1436,1443,cabecera_municipal
07,Chiapas,093,Tenejapa,0000,Total del Municipio,,,,48162,11209,9207,10824,8822,9206,total
07,Chiapas,093,Tenejapa,0001,Tenejapa," 92°30'23.370"" W","16°49'08.460"" N",2003,2611,821,527,792,498,527,cabecera_municipal
07,Chiapas,094,Teopisca,0000,Total del Municipio,,,,49499,14858,11179,14839,11160,11176,total
07,Chiapas,094,Teopisca,0001,Teopisca," 92°28'21.350"" W","16°32'29.450"" N",1781,20044,6703,4987,6693,4977,4985,cabecera_municipal
07,Chiapas,096,Tila,0000,Total del Municipio,,,,83505,20775,17999,17815,15039,17994,total
07,Chiapas,096,Tila,0001,Tila," 92°25'33.113"" W","17°18'02.285"" N",1062,9609,2632,2145,965,478,2143,cabecera_municipal
07,Chiapas,097,Tonalá,0000,Total del Municipio,,,,91913,31835,25574,31747,25486,25567,total
07,Chiapas,097,Tonalá,0001,Tonalá," 93°45'06.420"" W","16°05'28.880"" N",0059,38087,13827,10978,13808,10959,10974,cabecera_municipal
07,Chiapas,098,Totolapa,0000,Total del Municipio,,,,7211,2258,1735,2251,1728,1735,total
07,Chiapas,098,Totolapa,0001,Totolapa," 92°40'49.354"" W","16°32'41.037"" N",0645,4600,1493,1167,1488,1162,1167,cabecera_municipal
07,Chiapas,099,La Trinitaria,0000,Total del Municipio,,,,83111,26435,20865,26426,20856,20860,total
07,Chiapas,099,La Trinitaria,0001,La Trinitaria," 92°03'01.690"" W","16°07'08.614"" N",1553,11055,3896,3022,3894,3020,3021,cabecera_municipal
07,Chiapas,100,Tumbalá,0000,Total del Municipio,,,,38025,9535,7972,9422,7859,7967,total
07,Chiapas,100,Tumbalá,0001,Tumbalá," 92°18'57.556"" W","17°16'42.468"" N",1492,3996,1156,888,1147,879,886,cabecera_municipal
07,Chiapas,101,Tuxtla Gutiérrez,0000,Total del Municipio,,,,604147,208847,166210,204735,162098,166151,total
07,Chiapas,101,Tuxtla Gutiérrez,0001,Tuxtla Gutiérrez," 93°06'54.690"" W","16°45'14.300"" N",0522,578830,199918,159617,195954,155653,159564,cabecera_municipal
07,Chiapas,102,Tuxtla Chico,0000,Total del Municipio,,,,41024,13413,10633,13409,10629,10632,total
07,Chiapas,102,Tuxtla Chico,0001,Tuxtla Chico," 92°10'08.291"" W","14°56'24.683"" N",0312,7662,2508,2128,2508,2128,2128,cabecera_municipal
07,Chiapas,103,Tuzantán,0000,Total del Municipio,,,,30302,9553,7711,9508,7666,7709,total
07,Chiapas,103,Tuzantán,0001,Tuzantán," 92°25'17.834"" W","15°08'45.828"" N",0071,3536,1121,916,1120,915,916,cabecera_municipal
07,Chiapas,104,Tzimol,0000,Total del Municipio,,,,16560,5774,4671,5749,4646,4669,total
07,Chiapas,104,Tzimol,0001,Tzimol," 92°11'16.572"" W","16°11'03.233"" N",1366,6441,2339,1860,2337,1858,1859,cabecera_municipal
07,Chiapas,105,Unión Juárez,0000,Total del Municipio,,,,16008,4962,3938,4870,3846,3936,total
07,Chiapas,105,Unión Juárez,0001,Unión Juárez," 92°04'55.048"" W","15°03'38.546"" N",1284,2987,991,751,989,749,750,cabecera_municipal
07,Chiapas,106,Venustiano Carranza,0000,Total del Municipio,,,,67292,22524,17906,22416,17798,17901,total
07,Chiapas,106,Venustiano Carranza,0001,Venustiano Carranza," 92°33'54.487"" W","16°20'22.622"" N",0784,16144,5564,4509,5555,4500,4506,cabecera_municipal
07,Chiapas,107,Villa Corzo,0000,Total del Municipio,,,,65643,20951,16824,20916,16789,16820,total
07,Chiapas,107,Villa Corzo,0001,Villa Corzo," 93°16'03.661"" W","16°11'05.104"" N",0586,11556,3655,3036,3654,3035,3035,cabecera_municipal
07,Chiapas,108,Villaflores,0000,Total del Municipio,,,,109536,36061,29277,36032,29248,29270,total
07,Chiapas,108,Villaflores,0001,Villaflores," 93°16'03.747"" W","16°14'07.749"" N",0561,37546,12904,10315,12892,10303,10311,cabecera_municipal
07,Chiapas,109,Yajalón,0000,Total del Municipio,,,,40285,10465,8753,10358,8646,8748,total
07,Chiapas,109,Yajalón,0001,Yajalón," 92°20'02.199"" W","17°10'26.076"" N",0782,18926,5881,4704,5864,4687,4700,cabecera_municipal
07,Chiapas,110,San Lucas,0000,Total del Municipio,,,,7526,2492,1831,2477,1816,1831,total
07,Chiapas,110,San Lucas,0001,San Lucas," 92°43'09.632"" W","16°36'41.892"" N",0654,4998,1715,1262,1701,1248,1262,cabecera_municipal
07,Chiapas,111,Zinacantán,0000,Total del Municipio,,,,45373,10955,9129,10798,8972,9128,total
07,Chiapas,111,Zinacantán,0001,Zinacantán," 92°43'24.890"" W","16°45'36.428"" N",2158,5575,1622,1208,1608,1194,1207,cabecera_municipal
07,Chiapas,112,San Juan Cancuc,0000,Total del Municipio,,,,37948,8207,6960,8204,6957,6960,total
07,Chiapas,112,San Juan Cancuc,0001,San Juan Cancuc," 92°22'19.029"" W","16°53'32.076"" N",1421,8477,1958,1541,1958,1541,1541,cabecera_municipal
07,Chiapas,113,Aldama,0000,Total del Municipio,,,,8480,1939,1653,1701,1415,1653,total
07,Chiapas,113,Aldama,0001,Aldama," 92°41'17.491"" W","16°55'04.144"" N",1805,2279,586,461,470,345,461,cabecera_municipal
07,Chiapas,114,Benemérito de las Américas,0000,Total del Municipio,,,,23603,6950,5476,6921,5447,5473,total
07,Chiapas,114,Benemérito de las Américas,0001,Benemérito de las Américas," 90°39'11.887"" W","16°30'56.981"" N",0129,10026,3315,2446,3287,2418,2444,cabecera_municipal
07,Chiapas,115,Maravilla Tenejapa,0000,Total del Municipio,,,,14714,3702,2952,3678,2928,2951,total
07,Chiapas,115,Maravilla Tenejapa,0001,Maravilla Tenejapa," 91°17'42.373"" W","16°08'25.428"" N",0387,2705,850,564,849,563,563,cabecera_municipal
07,Chiapas,116,Marqués de Comillas,0000,Total del Municipio,,,,12892,3626,2898,3624,2896,2897,total
07,Chiapas,116,Marqués de Comillas,0001,Zamora Pico de Oro," 90°45'55.020"" W","16°19'59.280"" N",0130,2769,847,685,846,684,684,cabecera_municipal
07,Chiapas,117,Montecristo de Guerrero,0000,Total del Municipio,,,,8412,2430,1829,2428,1827,1829,total
07,Chiapas,117,Montecristo de Guerrero,0001,Montecristo de Guerrero," 92°37'09.336"" W","15°41'38.103"" N",1218,3191,985,729,985,729,729,cabecera_municipal
07,Chiapas,118,San Andrés Duraznal,0000,Total del Municipio,,,,6047,1589,1311,1587,1309,1311,total
07,Chiapas,118,San Andrés Duraznal,0001,San Andrés Duraznal," 92°48'17.955"" W","17°07'55.191"" N",1574,3869,1012,838,1012,838,838,cabecera_municipal
07,Chiapas,119,Santiago el Pinar,0000,Total del Municipio,,,,4959,1101,911,1081,891,911,total
07,Chiapas,119,Santiago el Pinar,0001,Santiago el Pinar," 92°42'52.545"" W","16°56'29.177"" N",1681,1566,335,297,325,287,297,cabecera_municipal
07,Chiapas,120,Capitán Luis Ángel Vidal,0000,Total del Municipio,,,,4315,1045,805,1045,805,805,total
07,Chiapas,120,Capitán Luis Ángel Vidal,0001,Capitán Luis Ángel Vidal," 92°37'44.751"" W","15°36'04.060"" N",1564,638,172,134,172,134,134,cabecera_municipal
07,Chiapas,121,Rincón Chamula San Pedro,0000,Total del Municipio,,,,8718,2294,1847,2292,1845,1847,total
07,Chiapas,121,Rincón Chamula San Pedro,0001,Rincón Chamula," 92°56'15.253"" W","17°12'34.095"" N",1879,6732,1755,1416,1754,1415,1416,cabecera_municipal
07,Chiapas,122,El Parral,0000,Total del Municipio,,,,15587,5371,4266,5368,4263,4265,total
07,Chiapas,122,El Parral,0001,El Parral," 93°00'24.160"" W","16°21'58.420"" N",0648,11949,4145,3294,4143,3292,3293,cabecera_municipal
07,Chiapas,123,Emiliano Zapata,0000,Total del Municipio,,,,10783,3604,2839,3599,2834,2839,total
07,Chiapas,123,Emiliano Zapata,0001,20 de Noviembre," 92°53'48.208"" W","16°32'21.018"" N",0444,5240,1733,1454,1732,1453,1454,cabecera_municipal
07,Chiapas,124,Mezcalapa,0000,Total del Municipio,,,,23847,7300,5811,7262,5773,5809,total
07,Chiapas,124,Mezcalapa,0001,Raudales Malpaso," 93°36'17.184"" W","17°11'21.201"" N",0138,7968,2843,2110,2838,2105,2109,cabecera_municipal
07,Chiapas,125,Honduras de la Sierra,0000,Total del Municipio,,,,11650,2971,2344,2971,2344,2344,total
07,Chiapas,125,Honduras de la Sierra,0001,Honduras de la Sierra," 92°28'33.807"" W","15°35'22.788"" N",1202,626,171,129,171,129,129,cabecera_municipal
08,Chihuahua,000,Total de la entidad Chihuahua,0000,Total de la Entidad,,,,3741869,1401765,1146915,1348614,1093764,1146395,total
08,Chihuahua,001,Ahumada,0000,Total del Municipio,,,,14635,5407,4228,5289,4110,4227,total
08,Chihuahua,001,Ahumada,0001,Miguel Ahumada,"106°30'44.695"" W","30°37'03.842"" N",1197,10510,3875,3134,3794,3053,3134,cabecera_municipal
08,Chihuahua,002,Aldama,0000,Total del Municipio,,,,26047,11514,8242,11165,7893,8238,total
08,Chihuahua,002,Aldama,0001,Juan Aldama,"105°54'40.653"" W","28°50'18.170"" N",1270,22568,9582,7049,9262,6729,7048,cabecera_municipal
08,Chihuahua,003,Allende,0000,Total del Municipio,,,,8487,4242,2746,4212,2716,2746,total
08,Chihuahua,003,Allende,0001,Valle de Ignacio Allende,"105°23'42.276"" W","26°56'21.933"" N",1592,4608,2265,1492,2242,1469,1492,cabecera_municipal
08,Chihuahua,004,Aquiles Serdán,0000,Total del Municipio,,,,24344,9277,7104,8720,6547,7102,total
08,Chihuahua,004,Aquiles Serdán,0001,Santa Eulalia,"105°53'14.906"" W","28°35'40.212"" N",1693,20042,8434,6621,7885,6072,6621,cabecera_municipal
08,Chihuahua,005,Ascensión,0000,Total del Municipio,,,,26093,10891,7925,10430,7464,7923,total
08,Chihuahua,005,Ascensión,0001,Ascensión,"107°59'45.418"" W","31°05'31.834"" N",1301,15054,6121,4464,5816,4159,4464,cabecera_municipal
08,Chihuahua,006,Bachíniva,0000,Total del Municipio,,,,5807,2978,2003,2840,1865,2002,total
08,Chihuahua,006,Bachíniva,0001,Bachíniva,"107°15'15.704"" W","28°45'53.034"" N",2023,2027,994,700,932,638,699,cabecera_municipal
08,Chihuahua,007,Balleza,0000,Total del Municipio,,,,16440,6731,4319,6654,4242,4314,total
08,Chihuahua,007,Balleza,0001,Mariano Balleza,"106°20'48.924"" W","26°57'14.787"" N",1564,2456,1026,735,988,697,735,cabecera_municipal
08,Chihuahua,008,Batopilas de Manuel Gómez Morín,0000,Total del Municipio,,,,11270,4399,2825,4326,2752,2823,total
08,Chihuahua,008,Batopilas de Manuel Gómez Morín,0001,Batopilas de Manuel Gómez Morín,"107°44'22.956"" W","27°01'35.948"" N",0587,932,391,256,387,252,255,cabecera_municipal
08,Chihuahua,009,Bocoyna,0000,Total del Municipio,,,,23351,11789,7560,11568,7339,7543,total
08,Chihuahua,009,Bocoyna,0001,Bocoyna,"107°35'21.309"" W","27°50'26.674"" N",2220,619,411,216,408,213,216,cabecera_municipal
08,Chihuahua,010,Buenaventura,0000,Total del Municipio,,,,25146,10641,7829,10193,7381,7828,total
08,Chihuahua,010,Buenaventura,0001,San Buenaventura,"107°28'16.731"" W","29°50'36.271"" N",1553,8253,3480,2683,3244,2447,2683,cabecera_municipal
08,Chihuahua,011,Camargo,0000,Total del Municipio,,,,49499,19467,15683,19267,15483,15672,total
08,Chihuahua,011,Camargo,0001,Santa Rosalía de Camargo,"105°10'17.833"" W","27°41'41.865"" N",1223,42019,16174,13261,15988,13075,13252,cabecera_municipal
08,Chihuahua,012,Carichí,0000,Total del Municipio,,,,8113,3849,2233,3821,2205,2230,total
08,Chihuahua,012,Carichí,0001,Carichí,"107°03'24.517"" W","27°54'59.515"" N",2064,1830,826,572,813,559,571,cabecera_municipal
08,Chihuahua,013,Casas Grandes,0000,Total del Municipio,,,,11815,5427,3709,5423,3705,3708,total
08,Chihuahua,013,Casas Grandes,0001,Casas Grandes,"107°56'55.699"" W","30°22'32.533"" N",1475,7134,2932,2184,2930,2182,2184,cabecera_municipal
08,Chihuahua,014,Coronado,0000,Total del Municipio,,,,2034,1046,673,1033,660,673,total
08,Chihuahua,014,Coronado,0001,José Esteban Coronado,"105°09'29.923"" W","26°44'15.414"" N",1510,992,565,342,558,335,342,cabecera_municipal
08,Chihuahua,015,Coyame del Sotol,0000,Total del Municipio,,,,1230,926,445,872,391,445,total
08,Chihuahua,015,Coyame del Sotol,0001,Santiago de Coyame,"105°05'39.687"" W","29°27'43.354"" N",1215,682,424,219,396,191,219,cabecera_municipal
08,Chihuahua,016,La Cruz,0000,Total del Municipio,,,,3704,1674,1167,1642,1135,1166,total
08,Chihuahua,016,La Cruz,0001,La Cruz,"105°11'47.000"" W","27°51'50.000"" N",1199,1694,754,524,749,519,523,cabecera_municipal
08,Chihuahua,017,Cuauhtémoc,0000,Total del Municipio,,,,180638,68221,56947,63341,52067,56914,total
08,Chihuahua,017,Cuauhtémoc,0001,Cuauhtémoc,"106°51'57.760"" W","28°24'22.722"" N",2062,135586,50897,43600,47029,39732,43581,cabecera_municipal
08,Chihuahua,018,Cusihuiriachi,0000,Total del Municipio,,,,5099,2824,1700,2814,1690,1700,total
08,Chihuahua,018,Cusihuiriachi,0001,Cusihuiriachi,"106°50'12.000"" W","28°14'28.000"" N",2017,97,122,37,115,30,37,cabecera_municipal
08,Chihuahua,019,Chihuahua,0000,Total del Municipio,,,,937674,350905,300900,332743,282738,300786,total
08,Chihuahua,019,Chihuahua,0001,Chihuahua,"106°04'34.704"" W","28°38'12.458"" N",1424,925762,343627,296779,325784,278936,296670,cabecera_municipal
08,Chihuahua,020,Chínipas,0000,Total del Municipio,,,,6222,2682,1790,2671,1779,1787,total
08,Chihuahua,020,Chínipas,0001,Chínipas de Almada,"108°32'10.425"" W","27°23'34.117"" N",0429,2057,773,576,764,567,573,cabecera_municipal
08,Chihuahua,021,Delicias,0000,Total del Municipio,,,,150506,57503,47701,56186,46384,47679,total
08,Chihuahua,021,Delicias,0001,Delicias,"105°28'15.768"" W","28°11'34.613"" N",1172,128548,48762,41135,47577,39950,41114,cabecera_municipal
08,Chihuahua,022,Dr. Belisario Domínguez,0000,Total del Municipio,,,,2456,2033,958,2013,938,958,total
08,Chihuahua,022,Dr. Belisario Domínguez,0001,San Lorenzo,"106°28'37.309"" W","28°09'16.800"" N",1603,396,310,143,302,135,143,cabecera_municipal
08,Chihuahua,023,Galeana,0000,Total del Municipio,,,,6656,2306,1821,2180,1695,1821,total
08,Chihuahua,023,Galeana,0001,Hermenegildo Galeana,"107°37'00.279"" W","30°06'46.618"" N",1432,1011,364,288,360,284,288,cabecera_municipal
08,Chihuahua,024,Santa Isabel,0000,Total del Municipio,,,,3791,2523,1290,2365,1132,1290,total
08,Chihuahua,024,Santa Isabel,0001,Santa Isabel,"106°22'04.996"" W","28°20'36.045"" N",1619,1723,1024,580,944,500,580,cabecera_municipal
08,Chihuahua,025,Gómez Farías,0000,Total del Municipio,,,,7023,4196,2550,4080,2434,2549,total
08,Chihuahua,025,Gómez Farías,0001,Valentín Gómez Farías,"107°44'19.158"" W","29°21'25.269"" N",2148,4484,2563,1599,2469,1505,1598,cabecera_municipal
08,Chihuahua,026,Gran Morelos,0000,Total del Municipio,,,,2448,1771,913,1726,868,913,total
08,Chihuahua,026,Gran Morelos,0001,San Nicolás de Carretas,"106°30'36.444"" W","28°14'52.168"" N",1681,670,413,239,399,225,239,cabecera_municipal
08,Chihuahua,027,Guachochi,0000,Total del Municipio,,,,50180,20136,13522,19650,13036,13503,total
08,Chihuahua,027,Guachochi,0001,Guachochi,"107°04'09.702"" W","26°49'08.949"" N",2396,17410,6409,4932,6032,4555,4925,cabecera_municipal
08,Chihuahua,028,Guadalupe,0000,Total del Municipio,,,,4237,2917,1366,2858,1307,1364,total
08,Chihuahua,028,Guadalupe,0001,Guadalupe,"106°06'06.313"" W","31°23'24.385"" N",1090,1998,1425,629,1385,589,628,cabecera_municipal
08,Chihuahua,029,Guadalupe y Calvo,0000,Total del Municipio,,,,50514,17442,12232,17258,12048,12221,total
08,Chihuahua,029,Guadalupe y Calvo,0001,Guadalupe y Calvo,"106°57'51.730"" W","26°05'40.257"" N",2307,6332,2231,1644,2134,1547,1643,cabecera_municipal
08,Chihuahua,030,Guazapares,0000,Total del Municipio,,,,8196,3075,2223,3056,2204,2222,total
08,Chihuahua,030,Guazapares,0001,Témoris,"108°16'47.841"" W","27°16'34.974"" N",1441,2746,982,763,964,745,762,cabecera_municipal
08,Chihuahua,031,Guerrero,0000,Total del Municipio,,,,35473,17065,11829,16691,11455,11820,total
08,Chihuahua,031,Guerrero,0001,Vicente Guerrero,"107°29'12.925"" W","28°32'53.493"" N",2002,7834,3524,2635,3410,2521,2635,cabecera_municipal
08,Chihuahua,032,Hidalgo del Parral,0000,Total del Municipio,,,,116662,41166,34430,40589,33853,34411,total
08,Chihuahua,032,Hidalgo del Parral,0001,Hidalgo del Parral,"105°40'01.716"" W","26°55'19.516"" N",1754,113843,40000,33699,39425,33124,33681,cabecera_municipal
08,Chihuahua,033,Huejotitán,0000,Total del Municipio,,,,824,444,281,444,281,281,total
08,Chihuahua,033,Huejotitán,0001,Huejotitán,"106°10'46.043"" W","27°03'16.812"" N",1651,273,136,91,136,91,91,cabecera_municipal
08,Chihuahua,034,Ignacio Zaragoza,0000,Total del Municipio,,,,5196,3330,1953,3301,1924,1952,total
08,Chihuahua,034,Ignacio Zaragoza,0001,Ignacio Zaragoza,"107°45'51.101"" W","29°38'35.564"" N",2011,2830,1568,1019,1553,1004,1018,cabecera_municipal
08,Chihuahua,035,Janos,0000,Total del Municipio,,,,11005,4576,3238,4475,3137,3232,total
08,Chihuahua,035,Janos,0001,Janos,"108°11'23.459"" W","30°53'14.127"" N",1371,3194,1427,1030,1393,996,1029,cabecera_municipal
08,Chihuahua,036,Jiménez,0000,Total del Municipio,,,,40859,14624,11839,14439,11654,11831,total
08,Chihuahua,036,Jiménez,0001,José Mariano Jiménez,"104°55'22.716"" W","27°07'49.977"" N",1381,35087,12251,10137,12079,9965,10130,cabecera_municipal
08,Chihuahua,037,Juárez,0000,Total del Municipio,,,,1512450,520392,449602,501556,430766,449452,total
08,Chihuahua,037,Juárez,0001,Juárez,"106°29'06.067"" W","31°44'47.275"" N",1131,1501551,515449,446416,497062,428029,446269,cabecera_municipal
08,Chihuahua,038,Julimes,0000,Total del Municipio,,,,4980,2467,1686,2465,1684,1686,total
08,Chihuahua,038,Julimes,0001,Julimes,"105°25'50.000"" W","28°25'23.000"" N",1120,1913,904,639,903,638,639,cabecera_municipal
08,Chihuahua,039,López,0000,Total del Municipio,,,,4122,1939,1287,1936,1284,1286,total
08,Chihuahua,039,López,0001,Octaviano López,"105°01'59.000"" W","27°00'09.000"" N",1420,2174,1030,703,1028,701,703,cabecera_municipal
08,Chihuahua,040,Madera,0000,Total del Municipio,,,,25144,12350,8133,11478,7261,8123,total
08,Chihuahua,040,Madera,0001,Madera,"108°08'29.000"" W","29°11'24.000"" N",2100,14755,6373,4625,5920,4172,4616,cabecera_municipal
08,Chihuahua,041,Maguarichi,0000,Total del Municipio,,,,1302,723,453,719,449,452,total
08,Chihuahua,041,Maguarichi,0001,Maguarichi,"107°59'38.241"" W","27°51'33.490"" N",1677,741,295,219,291,215,218,cabecera_municipal
08,Chihuahua,042,Manuel Benavides,0000,Total del Municipio,,,,1178,918,469,897,448,469,total
08,Chihuahua,042,Manuel Benavides,0001,Manuel Benavides,"103°54'28.137"" W","29°06'26.591"" N",1062,778,524,284,504,264,284,cabecera_municipal
08,Chihuahua,043,Matachí,0000,Total del Municipio,,,,2742,1508,990,1505,987,990,total
08,Chihuahua,043,Matachí,0001,Matachí,"107°45'16.733"" W","28°50'35.622"" N",1901,1581,837,575,835,573,575,cabecera_municipal
08,Chihuahua,044,Matamoros,0000,Total del Municipio,,,,4314,2153,1375,2109,1331,1373,total
08,Chihuahua,044,Matamoros,0001,Mariano Matamoros,"105°34'59.988"" W","26°45'49.957"" N",1730,2694,1309,836,1282,809,835,cabecera_municipal
08,Chihuahua,045,Meoqui,0000,Total del Municipio,,,,44853,17420,13843,17202,13625,13837,total
08,Chihuahua,045,Meoqui,0001,Pedro Meoqui,"105°28'49.048"" W","28°16'04.068"" N",1149,23140,8612,7167,8469,7024,7163,cabecera_municipal
08,Chihuahua,046,Morelos,0000,Total del Municipio,,,,7266,2771,1874,2755,1858,1868,total
08,Chihuahua,046,Morelos,0001,Morelos,"107°40'38.092"" W","26°40'13.896"" N",0577,1098,306,245,304,243,243,cabecera_municipal
08,Chihuahua,047,Moris,0000,Total del Municipio,,,,4447,2038,1344,2017,1323,1344,total
08,Chihuahua,047,Moris,0001,Moris,"108°31'23.655"" W","28°08'54.183"" N",0748,1670,637,470,631,464,470,cabecera_municipal
08,Chihuahua,048,Namiquipa,0000,Total del Municipio,,,,22712,11141,7750,10709,7318,7744,total
08,Chihuahua,048,Namiquipa,0001,Namiquipa,"107°24'31.938"" W","29°15'02.736"" N",1842,1723,967,627,934,594,627,cabecera_municipal
08,Chihuahua,049,Nonoava,0000,Total del Municipio,,,,2757,1348,841,1346,839,840,total
08,Chihuahua,049,Nonoava,0001,Nonoava,"106°44'07.196"" W","27°28'19.395"" N",1639,1359,640,419,638,417,418,cabecera_municipal
08,Chihuahua,050,Nuevo Casas Grandes,0000,Total del Municipio,,,,65753,25184,20945,24420,20181,20932,total
08,Chihuahua,050,Nuevo Casas Grandes,0001,Nuevo Casas Grandes,"107°54'43.571"" W","30°24'50.348"" N",1457,62038,23778,19942,23074,19238,19932,cabecera_municipal
08,Chihuahua,051,Ocampo,0000,Total del Municipio,,,,8127,3612,2379,3542,2309,2377,total
08,Chihuahua,051,Ocampo,0001,Melchor Ocampo,"108°22'00.266"" W","28°11'37.804"" N",1756,432,197,132,194,129,131,cabecera_municipal
08,Chihuahua,052,Ojinaga,0000,Total del Municipio,,,,24534,11727,8223,10438,6934,8218,total
08,Chihuahua,052,Ojinaga,0001,Manuel Ojinaga,"104°24'56.393"" W","29°33'52.202"" N",0799,22066,10169,7349,8932,6112,7344,cabecera_municipal
08,Chihuahua,053,Praxedis G. Guerrero,0000,Total del Municipio,,,,5111,3209,1679,3192,1662,1677,total
08,Chihuahua,053,Praxedis G. Guerrero,0001,Praxedis G. Guerrero,"106°00'19.421"" W","31°22'19.444"" N",1084,2181,1226,681,1212,667,680,cabecera_municipal
08,Chihuahua,054,Riva Palacio,0000,Total del Municipio,,,,7695,3121,2180,3018,2077,2180,total
08,Chihuahua,054,Riva Palacio,0001,San Andrés,"106°30'09.476"" W","28°32'45.628"" N",1773,702,381,249,372,240,249,cabecera_municipal
08,Chihuahua,055,Rosales,0000,Total del Municipio,,,,16776,6959,5321,6878,5240,5320,total
08,Chihuahua,055,Rosales,0001,Santa Cruz de Rosales,"105°33'16.000"" W","28°11'13.000"" N",1180,5866,2465,1873,2432,1840,1873,cabecera_municipal
08,Chihuahua,056,Rosario,0000,Total del Municipio,,,,2079,1091,681,1091,681,681,total
08,Chihuahua,056,Rosario,0001,Valle del Rosario,"106°17'43.793"" W","27°19'10.707"" N",1480,269,134,89,134,89,89,cabecera_municipal
08,Chihuahua,057,San Francisco de Borja,0000,Total del Municipio,,,,2197,1342,800,1335,793,799,total
08,Chihuahua,057,San Francisco de Borja,0001,San Francisco de Borja,"106°41'05.699"" W","27°54'06.556"" N",1655,1138,624,412,621,409,411,cabecera_municipal
08,Chihuahua,058,San Francisco de Conchos,0000,Total del Municipio,,,,2696,1422,929,1421,928,929,total
08,Chihuahua,058,San Francisco de Conchos,0001,San Francisco de Conchos,"105°20'04.709"" W","27°35'18.787"" N",1245,576,291,206,290,205,206,cabecera_municipal
08,Chihuahua,059,San Francisco del Oro,0000,Total del Municipio,,,,5004,2212,1559,2204,1551,1559,total
08,Chihuahua,059,San Francisco del Oro,0001,San Francisco del Oro,"105°51'00.289"" W","26°51'32.380"" N",1982,4427,1910,1364,1904,1358,1364,cabecera_municipal
08,Chihuahua,060,Santa Bárbara,0000,Total del Municipio,,,,11582,4388,3453,4256,3321,3451,total
08,Chihuahua,060,Santa Bárbara,0001,Santa Bárbara,"105°49'05.159"" W","26°48'07.560"" N",1922,9169,3492,2779,3426,2713,2778,cabecera_municipal
08,Chihuahua,061,Satevó,0000,Total del Municipio,,,,3414,2139,1222,2137,1220,1222,total
08,Chihuahua,061,Satevó,0001,San Francisco Javier de Satevó,"106°06'25.935"" W","27°57'21.721"" N",1383,421,217,137,217,137,137,cabecera_municipal
08,Chihuahua,062,Saucillo,0000,Total del Municipio,,,,29862,11575,9048,11233,8706,9045,total
08,Chihuahua,062,Saucillo,0001,Saucillo,"105°17'16.916"" W","28°01'57.628"" N",1183,10805,4125,3369,3897,3141,3368,cabecera_municipal
08,Chihuahua,063,Temósachic,0000,Total del Municipio,,,,5320,2862,1862,2791,1791,1862,total
08,Chihuahua,063,Temósachic,0001,Temósachic,"107°49'47.422"" W","28°57'09.930"" N",1858,1657,939,612,937,610,612,cabecera_municipal
08,Chihuahua,064,El Tule,0000,Total del Municipio,,,,1448,779,472,770,463,472,total
08,Chihuahua,064,El Tule,0001,El Tule,"106°15'58.512"" W","27°03'13.005"" N",1569,672,363,211,363,211,211,cabecera_municipal
08,Chihuahua,065,Urique,0000,Total del Municipio,,,,17043,7180,4794,7108,4722,4789,total
08,Chihuahua,065,Urique,0001,Urique,"107°54'51.497"" W","27°12'45.773"" N",0555,879,384,279,379,274,279,cabecera_municipal
08,Chihuahua,066,Uruachi,0000,Total del Municipio,,,,6512,2884,1882,2878,1876,1882,total
08,Chihuahua,066,Uruachi,0001,Uruachi,"108°12'54.702"" W","27°52'04.527"" N",1347,1258,527,371,526,370,371,cabecera_municipal
08,Chihuahua,067,Valle de Zaragoza,0000,Total del Municipio,,,,4775,2914,1665,2873,1624,1662,total
08,Chihuahua,067,Valle de Zaragoza,0001,Valle de Zaragoza,"105°48'39.579"" W","27°27'25.674"" N",1336,2417,1389,797,1357,765,794,cabecera_municipal
09,Ciudad de México,000,Total de la entidad Ciudad de México,0000,Total de la Entidad,,,,9209944,3036239,2757433,2883154,2604348,2756319,total
09,Ciudad de México,002,Azcapotzalco,0000,Total del Municipio,,,,432205,149381,134204,145267,130090,134168,total
09,Ciudad de México,003,Coyoacán,0000,Total del Municipio,,,,614447,208024,191646,199165,182787,191517,total
09,Ciudad de México,004,Cuajimalpa de Morelos,0000,Total del Municipio,,,,217686,65831,60442,52825,47436,60436,total
09,Ciudad de México,005,Gustavo A. Madero,0000,Total del Municipio,,,,1173351,370297,340301,362152,332156,340155,total
09,Ciudad de México,006,Iztacalco,0000,Total del Municipio,,,,404695,130175,117740,125122,112687,117720,total
09,Ciudad de México,007,Iztapalapa,0000,Total del Municipio,,,,1835486,537596,504456,522378,489238,504365,total
09,Ciudad de México,008,La Magdalena Contreras,0000,Total del Municipio,,,,247622,71545,68107,66560,63122,68089,total
09,Ciudad de México,009,Milpa Alta,0000,Total del Municipio,,,,152685,44823,39101,43390,37668,39100,total
09,Ciudad de México,010,Álvaro Obregón,0000,Total del Municipio,,,,759137,236129,219445,217253,200569,219354,total
09,Ciudad de México,011,Tláhuac,0000,Total del Municipio,,,,392313,118983,106964,117730,105711,106935,total
09,Ciudad de México,012,Tlalpan,0000,Total del Municipio,,,,699928,224761,202483,217907,195629,202318,total
09,Ciudad de México,013,Xochimilco,0000,Total del Municipio,,,,442178,131035,117159,129646,115770,117113,total
09,Ciudad de México,014,Benito Juárez,0000,Total del Municipio,,,,434153,199993,176175,184968,161150,176053,total
09,Ciudad de México,015,Cuauhtémoc,0000,Total del Municipio,,,,545884,227906,196593,209043,177730,196466,total
09,Ciudad de México,016,Miguel Hidalgo,0000,Total del Municipio,,,,414470,168191,146828,144530,123167,146762,total
09,Ciudad de México,017,Venustiano Carranza,0000,Total del Municipio,,,,443704,151569,135789,145218,129438,135768,total
10,Durango,000,Total de la entidad Durango,0000,Total de la Entidad,,,,1832650,632975,493989,614109,475123,493698,total
10,Durango,001,Canatlán,0000,Total del Municipio,,,,31454,11723,8733,11702,8712,8728,total
10,Durango,001,Canatlán,0001,Canatlán,"104°46'42.145"" W","24°31'38.148"" N",1940,11943,4322,3405,4314,3397,3403,cabecera_municipal
10,Durango,002,Canelas,0000,Total del Municipio,,,,4321,1684,1165,1675,1156,1159,total
10,Durango,002,Canelas,0001,Canelas,"106°32'44.279"" W","25°07'22.695"" N",1342,958,395,279,393,277,278,cabecera_municipal
10,Durango,003,Coneto de Comonfort,0000,Total del Municipio,,,,4084,1665,1058,1654,1047,1057,total
10,Durango,003,Coneto de Comonfort,0001,Coneto de Comonfort,"104°46'08.101"" W","24°58'44.849"" N",1956,857,341,228,339,226,227,cabecera_municipal
10,Durango,004,Cuencamé,0000,Total del Municipio,,,,34955,12922,9339,12896,9313,9339,total
10,Durango,004,Cuencamé,0001,Cuencamé de Ceniceros,"103°41'54.463"" W","24°52'15.382"" N",1585,11585,3790,2931,3785,2926,2931,cabecera_municipal
10,Durango,005,Durango,0000,Total del Municipio,,,,688697,224232,186870,215654,178292,186768,total
10,Durango,005,Durango,0001,Victoria de Durango,"104°40'12.700"" W","24°01'26.357"" N",1890,616068,198415,168462,190875,160922,168367,cabecera_municipal
10,Durango,006,General Simón Bolívar,0000,Total del Municipio,,,,10038,4021,2631,3972,2582,2630,total
10,Durango,006,General Simón Bolívar,0001,General Simón Bolívar,"103°13'33.511"" W","24°41'20.666"" N",1520,1337,486,348,483,345,347,cabecera_municipal
10,Durango,007,Gómez Palacio,0000,Total del Municipio,,,,372750,123433,102752,117885,97204,102717,total
10,Durango,007,Gómez Palacio,0001,Gómez Palacio,"103°29'47.101"" W","25°34'12.386"" N",1130,301742,102017,85205,96539,79727,85176,cabecera_municipal
10,Durango,008,Guadalupe Victoria,0000,Total del Municipio,,,,36695,13775,10084,13738,10047,10079,total
10,Durango,008,Guadalupe Victoria,0001,Guadalupe Victoria,"104°07'25.176"" W","24°26'47.160"" N",2002,18696,6884,5201,6861,5178,5197,cabecera_municipal
10,Durango,009,Guanaceví,0000,Total del Municipio,,,,9869,4361,2883,4350,2872,2880,total
10,Durango,009,Guanaceví,0001,Guanaceví,"105°57'15.955"" W","25°55'53.983"" N",2072,3852,1276,1026,1268,1018,1024,cabecera_municipal
10,Durango,010,Hidalgo,0000,Total del Municipio,,,,3843,1957,1186,1881,1110,1185,total
10,Durango,010,Hidalgo,0001,Villa Hidalgo,"104°54'48.523"" W","26°15'05.203"" N",1700,568,273,160,269,156,159,cabecera_municipal
10,Durango,011,Indé,0000,Total del Municipio,,,,4748,2822,1442,2802,1422,1440,total
10,Durango,011,Indé,0001,Indé,"105°13'25.648"" W","25°54'43.276"" N",1852,571,333,175,332,174,175,cabecera_municipal
10,Durango,012,Lerdo,0000,Total del Municipio,,,,163313,54303,44727,51404,41828,44713,total
10,Durango,012,Lerdo,0001,Lerdo,"103°31'29.458"" W","25°32'11.586"" N",1132,96243,32800,27642,30371,25213,27629,cabecera_municipal
10,Durango,013,Mapimí,0000,Total del Municipio,,,,26932,9307,6936,9100,6729,6935,total
10,Durango,013,Mapimí,0001,Mapimí,"103°50'53.497"" W","25°49'59.965"" N",1304,6617,2317,1655,2267,1605,1655,cabecera_municipal
10,Durango,014,Mezquital,0000,Total del Municipio,,,,48583,12726,9340,12349,8963,9316,total
10,Durango,014,Mezquital,0001,San Francisco del Mezquital,"104°23'48.278"" W","23°28'24.709"" N",1404,2106,907,520,867,480,516,cabecera_municipal
10,Durango,015,Nazas,0000,Total del Municipio,,,,12894,5233,3522,5224,3513,3521,total
10,Durango,015,Nazas,0001,Nazas,"104°06'49.691"" W","25°13'39.996"" N",1243,3892,1567,1062,1563,1058,1062,cabecera_municipal
10,Durango,016,Nombre de Dios,0000,Total del Municipio,,,,19060,7638,5298,7614,5274,5296,total
10,Durango,016,Nombre de Dios,0001,Nombre de Dios,"104°14'40.938"" W","23°50'53.559"" N",1730,5953,2201,1620,2190,1609,1619,cabecera_municipal
10,Durango,017,Ocampo,0000,Total del Municipio,,,,8003,4099,2646,4046,2593,2646,total
10,Durango,017,Ocampo,0001,Villa Ocampo,"105°30'23.180"" W","26°26'29.623"" N",1727,950,467,319,462,314,319,cabecera_municipal
10,Durango,018,El Oro,0000,Total del Municipio,,,,10384,6229,3258,6203,3232,3258,total
10,Durango,018,El Oro,0001,Santa María del Oro,"105°21'53.516"" W","25°56'57.566"" N",1700,6342,2885,1887,2864,1866,1887,cabecera_municipal
10,Durango,019,Otáez,0000,Total del Municipio,,,,4924,1749,1153,1741,1145,1153,total
10,Durango,019,Otáez,0001,Otáez,"105°59'38.607"" W","24°41'55.281"" N",1708,900,330,229,328,227,229,cabecera_municipal
10,Durango,020,Pánuco de Coronado,0000,Total del Municipio,,,,12656,5315,3622,5313,3620,3621,total
10,Durango,020,Pánuco de Coronado,0001,Francisco I. Madero,"104°19'09.352"" W","24°24'03.688"" N",1958,5256,2209,1513,2207,1511,1512,cabecera_municipal
10,Durango,021,Peñón Blanco,0000,Total del Municipio,,,,11118,4304,3028,4302,3026,3026,total
10,Durango,021,Peñón Blanco,0001,Peñón Blanco,"104°02'03.360"" W","24°47'33.031"" N",1677,5911,2208,1583,2206,1581,1581,cabecera_municipal
10,Durango,022,Poanas,0000,Total del Municipio,,,,25623,9498,6857,9465,6824,6855,total
10,Durango,022,Poanas,0001,Villa Unión,"104°02'38.890"" W","23°58'30.332"" N",1907,11509,3803,3004,3788,2989,3003,cabecera_municipal
10,Durango,023,Pueblo Nuevo,0000,Total del Municipio,,,,51269,16103,12077,16062,12036,12062,total
10,Durango,023,Pueblo Nuevo,0001,El Salto,"105°21'36.691"" W","23°46'41.342"" N",2548,26678,8202,6523,8186,6507,6512,cabecera_municipal
10,Durango,024,Rodeo,0000,Total del Municipio,,,,12818,5190,3472,5188,3470,3471,total
10,Durango,024,Rodeo,0001,Rodeo,"104°33'37.600"" W","25°10'50.587"" N",1344,5079,2056,1392,2054,1390,1391,cabecera_municipal
10,Durango,025,San Bernardo,0000,Total del Municipio,,,,2837,1747,977,1719,949,977,total
10,Durango,025,San Bernardo,0001,San Bernardo,"105°31'23.724"" W","26°00'02.834"" N",1632,677,384,215,384,215,215,cabecera_municipal
10,Durango,026,San Dimas,0000,Total del Municipio,,,,17333,6742,4532,6694,4484,4522,total
10,Durango,026,San Dimas,0001,Tayoltita,"105°55'52.482"" W","24°06'07.854"" N",0533,5817,1724,1441,1703,1420,1435,cabecera_municipal
10,Durango,027,San Juan de Guadalupe,0000,Total del Municipio,,,,5251,2540,1473,2535,1468,1473,total
10,Durango,027,San Juan de Guadalupe,0001,San Juan de Guadalupe,"102°46'55.397"" W","24°37'51.070"" N",1522,1632,843,425,840,422,425,cabecera_municipal
10,Durango,028,San Juan del Río,0000,Total del Municipio,,,,12013,4863,3125,4862,3124,3124,total
10,Durango,028,San Juan del Río,0001,San Juan del Río del Centauro del Norte,"104°27'33.212"" W","24°46'41.718"" N",1691,3161,1296,833,1295,832,832,cabecera_municipal
10,Durango,029,San Luis del Cordero,0000,Total del Municipio,,,,2103,1039,590,1032,583,590,total
10,Durango,029,San Luis del Cordero,0001,San Luis del Cordero,"104°16'40.030"" W","25°25'03.535"" N",1485,1522,816,447,810,441,447,cabecera_municipal
10,Durango,030,San Pedro del Gallo,0000,Total del Municipio,,,,1633,840,492,839,491,491,total
10,Durango,030,San Pedro del Gallo,0001,San Pedro del Gallo,"104°17'34.203"" W","25°33'57.110"" N",1658,576,290,177,289,176,176,cabecera_municipal
10,Durango,031,Santa Clara,0000,Total del Municipio,,,,6727,2812,1886,2772,1846,1886,total
10,Durango,031,Santa Clara,0001,Santa Clara,"103°21'26.000"" W","24°28'31.598"" N",1810,3999,1632,1115,1601,1084,1115,cabecera_municipal
10,Durango,032,Santiago Papasquiaro,0000,Total del Municipio,,,,49207,19868,13589,19577,13298,13559,total
10,Durango,032,Santiago Papasquiaro,0001,Santiago Papasquiaro,"105°25'15.402"" W","25°02'20.687"" N",1730,30063,10796,8308,10720,8232,8305,cabecera_municipal
10,Durango,033,Súchil,0000,Total del Municipio,,,,6917,2681,1859,2679,1857,1859,total
10,Durango,033,Súchil,0001,Súchil,"103°55'18.731"" W","23°37'19.787"" N",1971,4071,1701,1141,1700,1140,1141,cabecera_municipal
10,Durango,034,Tamazula,0000,Total del Municipio,,,,26300,8761,6108,8705,6052,6103,total
10,Durango,034,Tamazula,0001,Tamazula de Victoria,"106°57'59.766"" W","24°58'13.138"" N",0246,3222,966,747,954,735,744,cabecera_municipal
10,Durango,035,Tepehuanes,0000,Total del Municipio,,,,11378,6981,3473,6911,3403,3471,total
10,Durango,035,Tepehuanes,0001,Santa Catarina de Tepehuanes,"105°43'22.807"" W","25°20'35.551"" N",1800,5490,2392,1575,2385,1568,1573,cabecera_municipal
10,Durango,036,Tlahualilo,0000,Total del Municipio,,,,21143,7555,5686,7467,5598,5686,total
10,Durango,036,Tlahualilo,0001,Tlahualilo de Zaragoza,"103°26'21.249"" W","26°06'26.589"" N",1092,9101,3275,2494,3222,2441,2494,cabecera_municipal
10,Durango,037,Topia,0000,Total del Municipio,,,,9320,3018,2316,2984,2282,2310,total
10,Durango,037,Topia,0001,Topia,"106°34'16.305"" W","25°12'32.481"" N",1741,2897,933,749,928,744,748,cabecera_municipal
10,Durango,038,Vicente Guerrero,0000,Total del Municipio,,,,23476,8612,6372,8583,6343,6363,total
10,Durango,038,Vicente Guerrero,0001,Vicente Guerrero,"103°59'16.000"" W","23°43'52.000"" N",1921,17967,6582,4901,6560,4879,4893,cabecera_municipal
10,Durango,039,Nuevo Ideal,0000,Total del Municipio,,,,27981,10627,7432,10530,7335,7429,total
10,Durango,039,Nuevo Ideal,0001,Nuevo Ideal,"105°04'27.139"" W","24°53'17.928"" N",1991,12850,4583,3495,4524,3436,3494,cabecera_municipal
11,Guanajuato,000,Total de la entidad Guanajuato,0000,Total de la Entidad,,,,6166934,1992652,1587234,1953972,1548554,1586531,total
11,Guanajuato,001,Abasolo,0000,Total del Municipio,,,,92040,27505,22284,27386,22165,22275,total
11,Guanajuato,001,Abasolo,0001,Abasolo,"101°31'42.098"" W","20°27'03.240"" N",1709,29002,8103,6823,8084,6804,6817,cabecera_municipal
11,Guanajuato,002,Acámbaro,0000,Total del Municipio,,,,108697,45739,30192,45596,30049,30171,total
11,Guanajuato,002,Acámbaro,0001,Acámbaro,"100°43'09.575"" W","20°02'07.369"" N",1880,56597,21321,15762,21246,15687,15742,cabecera_municipal
11,Guanajuato,003,San Miguel de Allende,0000,Total del Municipio,,,,174615,61035,44573,59895,43433,44543,total
11,Guanajuato,003,San Miguel de Allende,0001,San Miguel de Allende,"100°42'48.173"" W","20°54'14.446"" N",2028,72452,28305,19445,27462,18602,19426,cabecera_municipal
11,Guanajuato,004,Apaseo el Alto,0000,Total del Municipio,,,,63392,22999,16171,22831,16003,16165,total
11,Guanajuato,004,Apaseo el Alto,0001,Apaseo el Alto,"100°37'17.855"" W","20°27'25.817"" N",1861,28260,9703,7143,9668,7108,7140,cabecera_municipal
11,Guanajuato,005,Apaseo el Grande,0000,Total del Municipio,,,,117883,40881,31269,35854,26242,31264,total
11,Guanajuato,005,Apaseo el Grande,0001,Apaseo el Grande,"100°41'17.581"" W","20°32'43.023"" N",1769,31264,9530,7917,8879,7266,7915,cabecera_municipal
11,Guanajuato,006,Atarjea,0000,Total del Municipio,,,,5296,2232,1559,2230,1557,1558,total
11,Guanajuato,006,Atarjea,0001,Atarjea," 99°43'12.962"" W","21°16'01.345"" N",1225,434,190,125,189,124,124,cabecera_municipal
11,Guanajuato,007,Celaya,0000,Total del Municipio,,,,521169,180622,143512,174344,137234,143420,total
11,Guanajuato,007,Celaya,0001,Celaya,"100°48'48.863"" W","20°31'17.486"" N",1759,378143,135989,108600,130164,102775,108515,cabecera_municipal
11,Guanajuato,008,Manuel Doblado,0000,Total del Municipio,,,,41240,15891,11186,15857,11152,11183,total
11,Guanajuato,008,Manuel Doblado,0001,Ciudad Manuel Doblado,"101°57'10.045"" W","20°43'39.065"" N",1726,16092,5820,4400,5814,4394,4398,cabecera_municipal
11,Guanajuato,009,Comonfort,0000,Total del Municipio,,,,82216,24694,19541,24662,19509,19536,total
11,Guanajuato,009,Comonfort,0001,Comonfort,"100°45'40.328"" W","20°43'12.171"" N",1787,24228,7010,5678,6995,5663,5676,cabecera_municipal
11,Guanajuato,010,Coroneo,0000,Total del Municipio,,,,11083,5070,3135,5064,3129,3133,total
11,Guanajuato,010,Coroneo,0001,Coroneo,"100°21'52.000"" W","20°11'55.000"" N",2266,3913,1741,1121,1737,1117,1119,cabecera_municipal
11,Guanajuato,011,Cortazar,0000,Total del Municipio,,,,97928,31346,25388,31267,25309,25373,total
11,Guanajuato,011,Cortazar,0001,Cortazar,"100°57'49.424"" W","20°29'00.623"" N",1736,69371,21110,18108,21061,18059,18096,cabecera_municipal
11,Guanajuato,012,Cuerámaro,0000,Total del Municipio,,,,30857,11338,8163,11325,8150,8160,total
11,Guanajuato,012,Cuerámaro,0001,Cuerámaro,"101°40'13.389"" W","20°37'35.322"" N",1722,15305,5641,4073,5630,4062,4070,cabecera_municipal
11,Guanajuato,013,Doctor Mora,0000,Total del Municipio,,,,27390,8464,6764,8432,6732,6761,total
11,Guanajuato,013,Doctor Mora,0001,Doctor Mora,"100°19'08.218"" W","21°08'33.504"" N",2120,6192,2088,1642,2065,1619,1640,cabecera_municipal
11,Guanajuato,014,Dolores Hidalgo Cuna de la Independencia Nacional,0000,Total del Municipio,,,,163038,50340,38976,50207,38843,38964,total
11,Guanajuato,014,Dolores Hidalgo Cuna de la Independencia Nacional,0001,Dolores Hidalgo Cuna de la Independencia Nacional,"100°55'02.048"" W","21°09'33.121"" N",1932,67101,21251,16638,21171,16558,16632,cabecera_municipal
11,Guanajuato,015,Guanajuato,0000,Total del Municipio,,,,194500,63114,51688,61214,49788,51675,total
11,Guanajuato,015,Guanajuato,0001,Guanajuato,"101°15'13.037"" W","21°00'57.951"" N",2020,70068,22714,18807,21905,17998,18800,cabecera_municipal
11,Guanajuato,016,Huanímaro,0000,Total del Municipio,,,,21128,7390,5372,7287,5269,5372,total
11,Guanajuato,016,Huanímaro,0001,Huanímaro,"101°29'48.720"" W","20°22'05.788"" N",1719,5740,1904,1405,1904,1405,1405,cabecera_municipal
11,Guanajuato,017,Irapuato,0000,Total del Municipio,,,,592953,179354,151961,177744,150351,151888,total
11,Guanajuato,017,Irapuato,0001,Irapuato,"101°20'53.221"" W","20°40'22.085"" N",1715,452090,138737,117925,137218,116406,117854,cabecera_municipal
11,Guanajuato,018,Jaral del Progreso,0000,Total del Municipio,,,,38782,13077,9998,13071,9992,9994,total
11,Guanajuato,018,Jaral del Progreso,0001,Jaral del Progreso,"101°03'50.310"" W","20°22'35.460"" N",1716,21756,6694,5403,6690,5399,5401,cabecera_municipal
11,Guanajuato,019,Jerécuaro,0000,Total del Municipio,,,,49517,21773,13770,21745,13742,13760,total
11,Guanajuato,019,Jerécuaro,0001,Jerécuaro,"100°30'37.901"" W","20°09'00.121"" N",1942,8011,3181,2166,3173,2158,2160,cabecera_municipal
11,Guanajuato,020,León,0000,Total del Municipio,,,,1721215,511648,440870,495150,424372,440662,total
11,Guanajuato,020,León,0001,León de los Aldama,"101°40'59.519"" W","21°07'19.099"" N",1800,1579803,473075,409234,457166,393325,409041,cabecera_municipal
11,Guanajuato,021,Moroleón,0000,Total del Municipio,,,,47261,19856,14275,19744,14163,14271,total
11,Guanajuato,021,Moroleón,0001,Moroleón,"101°11'21.151"" W","20°07'54.733"" N",1807,41910,16583,12615,16479,12511,12611,cabecera_municipal
11,Guanajuato,022,Ocampo,0000,Total del Municipio,,,,26383,8897,6137,8881,6121,6134,total
11,Guanajuato,022,Ocampo,0001,Ocampo,"101°28'40.859"" W","21°38'54.572"" N",2259,7324,2681,1816,2679,1814,1814,cabecera_municipal
11,Guanajuato,023,Pénjamo,0000,Total del Municipio,,,,154960,52573,39613,52306,39346,39604,total
11,Guanajuato,023,Pénjamo,0001,Pénjamo,"101°43'30.158"" W","20°25'54.461"" N",1770,43249,13097,10928,13041,10872,10922,cabecera_municipal
11,Guanajuato,024,Pueblo Nuevo,0000,Total del Municipio,,,,12403,4511,3284,4499,3272,3281,total
11,Guanajuato,024,Pueblo Nuevo,0001,Pueblo Nuevo,"101°22'15.049"" W","20°31'33.446"" N",1703,3562,1479,992,1469,982,989,cabecera_municipal
11,Guanajuato,025,Purísima del Rincón,0000,Total del Municipio,,,,83842,23696,19873,23002,19179,19865,total
11,Guanajuato,025,Purísima del Rincón,0001,Purísima de Bustos,"101°52'41.157"" W","21°01'46.485"" N",1764,52257,13948,12319,13542,11913,12312,cabecera_municipal
11,Guanajuato,026,Romita,0000,Total del Municipio,,,,65766,20510,16207,20349,16046,16202,total
11,Guanajuato,026,Romita,0001,Romita,"101°31'01.622"" W","20°52'16.374"" N",1751,24757,7620,6063,7484,5927,6059,cabecera_municipal
11,Guanajuato,027,Salamanca,0000,Total del Municipio,,,,273417,93638,74992,93157,74511,74971,total
11,Guanajuato,027,Salamanca,0001,Salamanca,"101°11'59.695"" W","20°34'07.250"" N",1710,160682,55247,45437,54990,45180,45419,cabecera_municipal
11,Guanajuato,028,Salvatierra,0000,Total del Municipio,,,,94126,38171,25802,38077,25708,25786,total
11,Guanajuato,028,Salvatierra,0001,Salvatierra,"100°52'52.896"" W","20°12'58.023"" N",1757,35401,14066,10180,14029,10143,10168,cabecera_municipal
11,Guanajuato,029,San Diego de la Unión,0000,Total del Municipio,,,,41054,13180,10167,13102,10089,10165,total
11,Guanajuato,029,San Diego de la Unión,0001,San Diego de la Unión,"100°52'23.939"" W","21°27'58.992"" N",2064,7946,2661,2029,2651,2019,2028,cabecera_municipal
11,Guanajuato,030,San Felipe,0000,Total del Municipio,,,,119793,36661,28000,36639,27978,27991,total
11,Guanajuato,030,San Felipe,0001,San Felipe,"101°12'57.401"" W","21°28'45.609"" N",2090,32831,11096,8145,11079,8128,8136,cabecera_municipal
11,Guanajuato,031,San Francisco del Rincón,0000,Total del Municipio,,,,130871,38921,32225,38243,31547,32211,total
11,Guanajuato,031,San Francisco del Rincón,0001,San Francisco del Rincón,"101°51'30.665"" W","21°01'07.253"" N",1752,79772,22734,19808,22281,19355,19797,cabecera_municipal
11,Guanajuato,032,San José Iturbide,0000,Total del Municipio,,,,89558,28189,22749,27914,22474,22741,total
11,Guanajuato,032,San José Iturbide,0001,San José Iturbide,"100°23'08.593"" W","21°00'02.959"" N",2093,27593,9466,7500,9397,7431,7495,cabecera_municipal
11,Guanajuato,033,San Luis de la Paz,0000,Total del Municipio,,,,128536,38180,30404,37744,29968,30386,total
11,Guanajuato,033,San Luis de la Paz,0001,San Luis de la Paz,"100°30'54.452"" W","21°17'55.738"" N",2016,51894,15953,12674,15826,12547,12661,cabecera_municipal
11,Guanajuato,034,Santa Catarina,0000,Total del Municipio,,,,5723,2384,1551,2382,1549,1550,total
11,Guanajuato,034,Santa Catarina,0001,Santa Catarina,"100°04'00.887"" W","21°08'23.559"" N",1557,1681,712,462,710,460,461,cabecera_municipal
11,Guanajuato,035,Santa Cruz de Juventino Rosas,0000,Total del Municipio,,,,82340,23941,19432,23904,19395,19426,total
11,Guanajuato,035,Santa Cruz de Juventino Rosas,0001,Juventino Rosas,"100°59'38.534"" W","20°38'35.521"" N",1755,43998,13222,10539,13211,10528,10534,cabecera_municipal
11,Guanajuato,036,Santiago Maravatío,0000,Total del Municipio,,,,6714,3383,2003,3381,2001,2002,total
11,Guanajuato,036,Santiago Maravatío,0001,Santiago Maravatío,"100°59'42.812"" W","20°10'20.665"" N",1730,3966,1864,1168,1862,1166,1167,cabecera_municipal
11,Guanajuato,037,Silao de la Victoria,0000,Total del Municipio,,,,203556,57175,46625,56109,45559,46602,total
11,Guanajuato,037,Silao de la Victoria,0001,Silao de la Victoria,"101°25'34.378"" W","20°56'40.021"" N",1779,83352,23928,19706,23466,19244,19693,cabecera_municipal
11,Guanajuato,038,Tarandacuao,0000,Total del Municipio,,,,11304,5199,3190,5145,3136,3189,total
11,Guanajuato,038,Tarandacuao,0001,Tarandacuao,"100°30'58.783"" W","20°00'14.285"" N",1941,5651,2549,1584,2542,1577,1583,cabecera_municipal
11,Guanajuato,039,Tarimoro,0000,Total del Municipio,,,,35905,15897,10198,15887,10188,10193,total
11,Guanajuato,039,Tarimoro,0001,Tarimoro,"100°45'21.391"" W","20°17'18.746"" N",1776,12426,5424,3542,5419,3537,3539,cabecera_municipal
11,Guanajuato,040,Tierra Blanca,0000,Total del Municipio,,,,20007,6623,4904,6619,4900,4904,total
11,Guanajuato,040,Tierra Blanca,0001,Tierra Blanca,"100°09'32.954"" W","21°06'00.009"" N",1698,2428,938,659,937,658,659,cabecera_municipal
11,Guanajuato,041,Uriangato,0000,Total del Municipio,,,,61494,22919,17360,22457,16898,17350,total
11,Guanajuato,041,Uriangato,0001,Uriangato,"101°10'40.984"" W","20°08'27.642"" N",1803,52156,18478,14602,18165,14289,14594,cabecera_municipal
11,Guanajuato,042,Valle de Santiago,0000,Total del Municipio,,,,150054,49543,37805,49452,37714,37795,total
11,Guanajuato,042,Valle de Santiago,0001,Valle de Santiago,"101°10'53.147"" W","20°23'28.760"" N",1726,72663,22275,17786,22194,17705,17777,cabecera_municipal
11,Guanajuato,043,Victoria,0000,Total del Municipio,,,,21253,7422,5473,7379,5430,5471,total
11,Guanajuato,043,Victoria,0001,Victoria,"100°12'57.369"" W","21°12'43.820"" N",1742,2842,1015,755,1010,750,754,cabecera_municipal
11,Guanajuato,044,Villagrán,0000,Total del Municipio,,,,65791,22120,16401,21920,16201,16398,total
11,Guanajuato,044,Villagrán,0001,Villagrán,"100°59'47.410"" W","20°30'40.938"" N",1731,28109,9093,7059,9062,7028,7058,cabecera_municipal
11,Guanajuato,045,Xichú,0000,Total del Municipio,,,,11143,4304,3013,4301,3010,3011,total
11,Guanajuato,045,Xichú,0001,Xichú,"100°03'34.604"" W","21°17'54.988"" N",1305,1738,715,490,713,488,488,cabecera_municipal
11,Guanajuato,046,Yuriria,0000,Total del Municipio,,,,68741,30247,19179,30218,19150,19175,total
11,Guanajuato,046,Yuriria,0001,Yuriria,"101°07'51.360"" W","20°12'45.876"" N",1743,25845,9827,7003,9817,6993,6999,cabecera_municipal
12,Guerrero,000,Total de la entidad Guerrero,0000,Total de la Entidad,,,,3540685,1316263,942509,1253357,879603,942043,total
12,Guerrero,001,Acapulco de Juárez,0000,Total del Municipio,,,,779566,331319,224027,305668,198376,223924,total
12,Guerrero,001,Acapulco de Juárez,0001,Acapulco de Juárez," 99°53'11.608"" W","16°51'42.721"" N",0019,658609,288312,191604,263491,166783,191507,cabecera_municipal
12,Guerrero,002,Ahuacuotzingo,0000,Total del Municipio,,,,25205,7971,5783,7526,5338,5777,total
12,Guerrero,002,Ahuacuotzingo,0001,Ahuacuotzingo," 98°56'05.668"" W","17°42'50.720"" N",1477,4072,1307,941,1290,924,941,cabecera_municipal
12,Guerrero,003,Ajuchitlán del Progreso,0000,Total del Municipio,,,,37655,13201,9270,12636,8705,9265,total
12,Guerrero,003,Ajuchitlán del Progreso,0001,Ajuchitlán del Progreso,"100°29'45.805"" W","18°09'34.397"" N",0270,6537,2135,1642,2053,1560,1639,cabecera_municipal
12,Guerrero,004,Alcozauca de Guerrero,0000,Total del Municipio,,,,21225,6695,4044,6680,4029,4038,total
12,Guerrero,004,Alcozauca de Guerrero,0001,Alcozauca de Guerrero," 98°23'01.996"" W","17°27'48.686"" N",1326,3115,996,647,990,641,641,cabecera_municipal
12,Guerrero,005,Alpoyeca,0000,Total del Municipio,,,,7813,3082,1924,3080,1922,1923,total
12,Guerrero,005,Alpoyeca,0001,Alpoyeca," 98°30'47.660"" W","17°40'12.230"" N",0943,4653,1798,1104,1796,1102,1103,cabecera_municipal
12,Guerrero,006,Apaxtla,0000,Total del Municipio,,,,11112,4110,2911,3850,2651,2911,total
12,Guerrero,006,Apaxtla,0001,Ciudad Apaxtla de Castrejón," 99°55'56.329"" W","18°07'48.282"" N",1213,7256,2502,1902,2383,1783,1902,cabecera_municipal
12,Guerrero,007,Arcelia,0000,Total del Municipio,,,,33267,12492,8953,12419,8880,8950,total
12,Guerrero,007,Arcelia,0001,Arcelia,"100°17'02.227"" W","18°18'56.970"" N",0382,22534,8068,6063,7999,5994,6060,cabecera_municipal
12,Guerrero,008,Atenango del Río,0000,Total del Municipio,,,,9147,3299,2460,3193,2354,2460,total
12,Guerrero,008,Atenango del Río,0001,Atenango del Río," 99°06'28.091"" W","18°06'15.635"" N",0627,3156,1061,837,1026,802,837,cabecera_municipal
12,Guerrero,009,Atlamajalcingo del Monte,0000,Total del Municipio,,,,5811,2100,1276,2098,1274,1274,total
12,Guerrero,009,Atlamajalcingo del Monte,0001,Atlamajalcingo del Monte," 98°36'18.307"" W","17°18'41.959"" N",1785,870,316,189,315,188,188,cabecera_municipal
12,Guerrero,010,Atlixtac,0000,Total del Municipio,,,,28491,9861,6879,9858,6876,6878,total
12,Guerrero,010,Atlixtac,0001,Atlixtac," 98°55'59.636"" W","17°33'49.245"" N",1659,3733,1439,941,1438,940,940,cabecera_municipal
12,Guerrero,011,Atoyac de Álvarez,0000,Total del Municipio,,,,60680,22620,17770,21801,16951,17766,total
12,Guerrero,011,Atoyac de Álvarez,0001,Atoyac de Álvarez,"100°25'59.266"" W","17°12'45.860"" N",0040,22271,7994,6569,7679,6254,6565,cabecera_municipal
12,Guerrero,012,Ayutla de los Libres,0000,Total del Municipio,,,,69123,19262,15821,18424,14983,15816,total
12,Guerrero,012,Ayutla de los Libres,0001,Ayutla de los Libres," 99°05'50.582"" W","16°57'55.033"" N",0379,18224,5672,4355,5280,3963,4350,cabecera_municipal
12,Guerrero,013,Azoyú,0000,Total del Municipio,,,,15099,5543,4307,5346,4110,4306,total
12,Guerrero,013,Azoyú,0001,Azoyú," 98°36'03.927"" W","16°43'58.657"" N",0359,4676,1669,1345,1633,1309,1344,cabecera_municipal
12,Guerrero,014,Benito Juárez,0000,Total del Municipio,,,,15442,6610,5069,6395,4854,5067,total
12,Guerrero,014,Benito Juárez,0001,San Jerónimo de Juárez,"100°28'07.205"" W","17°08'10.931"" N",0005,7494,2939,2408,2860,2329,2407,cabecera_municipal
12,Guerrero,015,Buenavista de Cuéllar,0000,Total del Municipio,,,,12982,5507,4028,5240,3761,4027,total
12,Guerrero,015,Buenavista de Cuéllar,0001,Buenavista de Cuéllar," 99°24'19.232"" W","18°27'28.394"" N",1262,7233,3092,2335,2922,2165,2334,cabecera_municipal
12,Guerrero,016,Coahuayutla de José María Izazaga,0000,Total del Municipio,,,,12408,4593,3482,4195,3084,3482,total
12,Guerrero,016,Coahuayutla de José María Izazaga,0001,Coahuayutla de Guerrero,"101°44'04.601"" W","18°18'59.022"" N",0308,1482,639,460,578,399,460,cabecera_municipal
12,Guerrero,017,Cocula,0000,Total del Municipio,,,,15579,6586,4302,6573,4289,4302,total
12,Guerrero,017,Cocula,0001,Cocula," 99°39'40.284"" W","18°14'09.119"" N",0607,3637,1666,1066,1666,1066,1066,cabecera_municipal
12,Guerrero,018,Copala,0000,Total del Municipio,,,,14463,5782,4168,5778,4164,4168,total
12,Guerrero,018,Copala,0001,Copala," 98°58'43.045"" W","16°36'31.533"" N",0041,6839,2878,2071,2876,2069,2071,cabecera_municipal
12,Guerrero,019,Copalillo,0000,Total del Municipio,,,,15598,4774,3483,4769,3478,3481,total
12,Guerrero,019,Copalillo,0001,Copalillo," 99°02'30.208"" W","18°02'02.945"" N",0882,7862,2187,1694,2184,1691,1693,cabecera_municipal
12,Guerrero,020,Copanatoyac,0000,Total del Municipio,,,,21648,6490,4595,6066,4171,4590,total
12,Guerrero,020,Copanatoyac,0001,Copanatoyac," 98°42'48.466"" W","17°27'42.641"" N",1357,3435,1051,792,1006,747,790,cabecera_municipal
12,Guerrero,021,Coyuca de Benítez,0000,Total del Municipio,,,,73056,26843,21384,25251,19792,21377,total
12,Guerrero,021,Coyuca de Benítez,0001,Coyuca de Benítez,"100°05'21.722"" W","17°00'32.406"" N",0013,13866,5239,4281,4875,3917,4281,cabecera_municipal
12,Guerrero,022,Coyuca de Catalán,0000,Total del Municipio,,,,38554,16272,10732,15203,9663,10730,total
12,Guerrero,022,Coyuca de Catalán,0001,Coyuca de Catalán,"100°41'54.837"" W","18°19'51.670"" N",0241,7276,2818,1953,2642,1777,1951,cabecera_municipal
12,Guerrero,023,Cuajinicuilapa,0000,Total del Municipio,,,,26627,10144,7445,9609,6910,7445,total
12,Guerrero,023,Cuajinicuilapa,0001,Cuajinicuilapa," 98°25'00.281"" W","16°28'19.148"" N",0051,11245,4184,3117,3958,2891,3117,cabecera_municipal
12,Guerrero,024,Cualác,0000,Total del Municipio,,,,7874,2796,1973,2793,1970,1971,total
12,Guerrero,024,Cualác,0001,Cualác," 98°39'38.620"" W","17°44'33.942"" N",1459,2204,827,582,825,580,580,cabecera_municipal
12,Guerrero,025,Cuautepec,0000,Total del Municipio,,,,17024,5353,4386,5130,4163,4385,total
12,Guerrero,025,Cuautepec,0001,Cuautepec," 99°00'05.564"" W","16°44'56.410"" N",0205,4073,1291,1053,1248,1010,1052,cabecera_municipal
12,Guerrero,026,Cuetzala del Progreso,0000,Total del Municipio,,,,8272,3976,2419,3850,2293,2419,total
12,Guerrero,026,Cuetzala del Progreso,0001,Cuetzala del Progreso," 99°49'53.348"" W","18°08'02.909"" N",1119,2282,936,640,903,607,640,cabecera_municipal
12,Guerrero,027,Cutzamala de Pinzón,0000,Total del Municipio,,,,20537,9624,6209,9446,6031,6209,total
12,Guerrero,027,Cutzamala de Pinzón,0001,Cutzamala de Pinzón,"100°34'42.646"" W","18°27'54.880"" N",0262,4717,2028,1422,1980,1374,1422,cabecera_municipal
12,Guerrero,028,Chilapa de Álvarez,0000,Total del Municipio,,,,123722,40126,29670,37853,27397,29650,total
12,Guerrero,028,Chilapa de Álvarez,0001,Chilapa de Álvarez," 99°10'39.654"" W","17°35'39.236"" N",1406,33783,11550,8471,10815,7736,8461,cabecera_municipal
12,Guerrero,029,Chilpancingo de los Bravo,0000,Total del Municipio,,,,283354,94480,72566,90394,68480,72480,total
12,Guerrero,029,Chilpancingo de los Bravo,0001,Chilpancingo de los Bravo," 99°30'03.826"" W","17°33'05.938"" N",1257,225728,75149,58123,71208,54182,58037,cabecera_municipal
12,Guerrero,030,Florencio Villarreal,0000,Total del Municipio,,,,22250,7536,5745,7335,5544,5742,total
12,Guerrero,030,Florencio Villarreal,0001,Cruz Grande," 99°07'25.634"" W","16°43'25.970"" N",0049,13440,4587,3430,4436,3279,3427,cabecera_municipal
12,Guerrero,031,General Canuto A. Neri,0000,Total del Municipio,,,,6278,2221,1602,2101,1482,1601,total
12,Guerrero,031,General Canuto A. Neri,0001,Acapetlahuaya,"100°04'19.386"" W","18°25'06.545"" N",1175,1617,650,434,620,404,433,cabecera_municipal
12,Guerrero,032,General Heliodoro Castillo,0000,Total del Municipio,,,,37254,10259,8466,9618,7825,8464,total
12,Guerrero,032,General Heliodoro Castillo,0001,Tlacotepec," 99°58'41.944"" W","17°47'22.013"" N",1540,8442,2397,1982,2301,1886,1980,cabecera_municipal
12,Guerrero,033,Huamuxtitlán,0000,Total del Municipio,,,,17488,6863,4621,6862,4620,4620,total
12,Guerrero,033,Huamuxtitlán,0001,Huamuxtitlán," 98°33'55.032"" W","17°48'07.828"" N",0881,7783,2852,2058,2851,2057,2057,cabecera_municipal
12,Guerrero,034,Huitzuco de los Figueroa,0000,Total del Municipio,,,,36593,14667,10535,14240,10108,10531,total
12,Guerrero,034,Huitzuco de los Figueroa,0001,Ciudad de Huitzuco," 99°20'03.491"" W","18°18'21.528"" N",0940,17550,6456,4850,6205,4599,4848,cabecera_municipal
12,Guerrero,035,Iguala de la Independencia,0000,Total del Municipio,,,,154173,58634,42889,57063,41318,42874,total
12,Guerrero,035,Iguala de la Independencia,0001,Iguala de la Independencia," 99°32'18.126"" W","18°20'40.377"" N",0730,132854,49696,37056,48136,35496,37042,cabecera_municipal
12,Guerrero,036,Igualapa,0000,Total del Municipio,,,,11739,3821,3021,3662,2862,3021,total
12,Guerrero,036,Igualapa,0001,Igualapa," 98°28'35.823"" W","16°44'37.368"" N",0481,3110,1051,851,1022,822,851,cabecera_municipal
12,Guerrero,037,Ixcateopan de Cuauhtémoc,0000,Total del Municipio,,,,6138,3322,1685,3320,1683,1685,total
12,Guerrero,037,Ixcateopan de Cuauhtémoc,0001,Ixcateopan de Cuauhtémoc," 99°47'36.850"" W","18°30'08.828"" N",1844,2493,1070,663,1068,661,663,cabecera_municipal
12,Guerrero,038,Zihuatanejo de Azueta,0000,Total del Municipio,,,,126001,53085,37375,48193,32483,37359,total
12,Guerrero,038,Zihuatanejo de Azueta,0001,Zihuatanejo,"101°32'53.432"" W","17°39'01.647"" N",0009,70760,24895,20893,21977,17975,20882,cabecera_municipal
12,Guerrero,039,Juan R. Escudero,0000,Total del Municipio,,,,26093,9376,7151,8853,6628,7148,total
12,Guerrero,039,Juan R. Escudero,0001,Tierra Colorada," 99°31'19.369"" W","17°10'08.416"" N",0292,12262,4250,3315,3955,3020,3312,cabecera_municipal
12,Guerrero,040,Leonardo Bravo,0000,Total del Municipio,,,,26357,7876,6422,7238,5784,6421,total
12,Guerrero,040,Leonardo Bravo,0001,Chichihualco," 99°40'38.426"" W","17°39'38.887"" N",1124,12483,3779,3115,3566,2902,3115,cabecera_municipal
12,Guerrero,041,Malinaltepec,0000,Total del Municipio,,,,29625,11238,6747,11224,6733,6742,total
12,Guerrero,041,Malinaltepec,0001,Malinaltepec," 98°40'15.987"" W","17°14'40.662"" N",1532,1371,614,300,613,299,299,cabecera_municipal
12,Guerrero,042,Mártir de Cuilapan,0000,Total del Municipio,,,,18613,6750,4868,6495,4613,4868,total
12,Guerrero,042,Mártir de Cuilapan,0001,Apango," 99°19'45.628"" W","17°44'30.931"" N",1093,4917,1864,1415,1806,1357,1415,cabecera_municipal
12,Guerrero,043,Metlatónoc,0000,Total del Municipio,,,,18859,8906,3895,8890,3879,3890,total
12,Guerrero,043,Metlatónoc,0001,Metlatónoc," 98°24'25.558"" W","17°11'43.340"" N",2020,4011,2297,864,2295,862,863,cabecera_municipal
12,Guerrero,044,Mochitlán,0000,Total del Municipio,,,,12402,4320,3263,4161,3104,3263,total
12,Guerrero,044,Mochitlán,0001,Mochitlán," 99°22'16.660"" W","17°28'20.488"" N",0996,6052,2134,1589,2058,1513,1589,cabecera_municipal
12,Guerrero,045,Olinalá,0000,Total del Municipio,,,,28446,8934,6673,8916,6655,6666,total
12,Guerrero,045,Olinalá,0001,Olinalá," 98°44'28.523"" W","17°46'41.996"" N",1331,6971,2356,1769,2346,1759,1765,cabecera_municipal
12,Guerrero,046,Ometepec,0000,Total del Municipio,,,,68207,22794,17236,22421,16863,17229,total
12,Guerrero,046,Ometepec,0001,Ometepec," 98°24'15.917"" W","16°41'06.321"" N",0323,27607,10615,7186,10366,6937,7182,cabecera_municipal
12,Guerrero,047,Pedro Ascencio Alquisiras,0000,Total del Municipio,,,,7076,2449,1684,2341,1576,1684,total
12,Guerrero,047,Pedro Ascencio Alquisiras,0001,Ixcapuzalco," 99°53'13.264"" W","18°30'44.511"" N",1783,737,307,215,296,204,215,cabecera_municipal
12,Guerrero,048,Petatlán,0000,Total del Municipio,,,,44583,17214,12978,16248,12012,12972,total
12,Guerrero,048,Petatlán,0001,Petatlán,"101°16'28.387"" W","17°32'17.544"" N",0028,23363,9290,6966,8799,6475,6962,cabecera_municipal
12,Guerrero,049,Pilcaya,0000,Total del Municipio,,,,12753,4883,3586,4868,3571,3583,total
12,Guerrero,049,Pilcaya,0001,Pilcaya," 99°40'34.229"" W","18°44'51.302"" N",1619,6184,2120,1676,2110,1666,1673,cabecera_municipal
12,Guerrero,050,Pungarabato,0000,Total del Municipio,,,,38482,14382,10224,14347,10189,10209,total
12,Guerrero,050,Pungarabato,0001,Ciudad Altamirano,"100°40'05.667"" W","18°21'44.182"" N",0243,25850,9758,6937,9723,6902,6922,cabecera_municipal
12,Guerrero,051,Quechultenango,0000,Total del Municipio,,,,36143,12056,8975,11698,8617,8969,total
12,Guerrero,051,Quechultenango,0001,Quechultenango," 99°14'27.000"" W","17°24'33.000"" N",0860,7214,2524,1902,2451,1829,1899,cabecera_municipal
12,Guerrero,052,San Luis Acatlán,0000,Total del Municipio,,,,46270,13989,10602,13974,10587,10594,total
12,Guerrero,052,San Luis Acatlán,0001,San Luis Acatlán," 98°44'01.006"" W","16°48'30.899"" N",0280,9582,3301,2432,3300,2431,2432,cabecera_municipal
12,Guerrero,053,San Marcos,0000,Total del Municipio,,,,50124,19480,13960,19467,13947,13959,total
12,Guerrero,053,San Marcos,0001,San Marcos," 99°23'24.167"" W","16°47'50.437"" N",0086,13650,5667,3956,5663,3952,3956,cabecera_municipal
12,Guerrero,054,San Miguel Totolapan,0000,Total del Municipio,,,,24139,7357,5749,6299,4691,5749,total
12,Guerrero,054,San Miguel Totolapan,0001,San Miguel Totolapan,"100°23'26.956"" W","18°09'40.560"" N",0295,4310,1436,1150,1234,948,1150,cabecera_municipal
12,Guerrero,055,Taxco de Alarcón,0000,Total del Municipio,,,,105586,37922,29999,36257,28334,29987,total
12,Guerrero,055,Taxco de Alarcón,0001,Taxco de Alarcón," 99°36'16.541"" W","18°33'26.575"" N",1752,50399,17880,14868,17001,13989,14861,cabecera_municipal
12,Guerrero,056,Tecoanapa,0000,Total del Municipio,,,,46063,14195,11575,13386,10766,11575,total
12,Guerrero,056,Tecoanapa,0001,Tecoanapa," 99°15'39.155"" W","16°59'19.876"" N",0431,4590,1538,1268,1436,1166,1268,cabecera_municipal
12,Guerrero,057,Técpan de Galeana,0000,Total del Municipio,,,,65237,24982,19721,23965,18704,19717,total
12,Guerrero,057,Técpan de Galeana,0001,Técpan de Galeana,"100°37'56.560"" W","17°13'21.391"" N",0023,16447,6169,5064,5932,4827,5062,cabecera_municipal
12,Guerrero,058,Teloloapan,0000,Total del Municipio,,,,53817,20872,13902,19598,12628,13901,total
12,Guerrero,058,Teloloapan,0001,Teloloapan," 99°52'10.462"" W","18°22'18.513"" N",1663,25148,8683,6415,8125,5857,6414,cabecera_municipal
12,Guerrero,059,Tepecoacuilco de Trujano,0000,Total del Municipio,,,,30806,13299,8805,13237,8743,8803,total
12,Guerrero,059,Tepecoacuilco de Trujano,0001,Tepecoacuilco de Trujano," 99°28'00.099"" W","18°17'13.163"" N",0832,6884,2706,2024,2692,2010,2024,cabecera_municipal
12,Guerrero,060,Tetipac,0000,Total del Municipio,,,,13552,5159,3739,5056,3636,3738,total
12,Guerrero,060,Tetipac,0001,Tetipac," 99°38'56.336"" W","18°38'57.787"" N",1655,2265,879,679,847,647,678,cabecera_municipal
12,Guerrero,061,Tixtla de Guerrero,0000,Total del Municipio,,,,43171,14357,11062,13739,10444,11055,total
12,Guerrero,061,Tixtla de Guerrero,0001,Tixtla de Guerrero," 99°23'53.777"" W","17°34'00.207"" N",1284,24920,8017,6447,7590,6020,6445,cabecera_municipal
12,Guerrero,062,Tlacoachistlahuaca,0000,Total del Municipio,,,,22781,6823,4936,6363,4476,4932,total
12,Guerrero,062,Tlacoachistlahuaca,0001,Tlacoachistlahuaca," 98°18'06.296"" W","16°48'35.672"" N",0401,5033,1521,1223,1475,1177,1220,cabecera_municipal
12,Guerrero,063,Tlacoapa,0000,Total del Municipio,,,,10092,3660,2539,3532,2411,2537,total
12,Guerrero,063,Tlacoapa,0001,Tlacoapa," 98°44'53.561"" W","17°15'35.814"" N",1386,1781,795,456,754,415,455,cabecera_municipal
12,Guerrero,064,Tlalchapa,0000,Total del Municipio,,,,11681,4964,3422,4685,3143,3422,total
12,Guerrero,064,Tlalchapa,0001,Tlalchapa,"100°28'41.712"" W","18°24'31.228"" N",0398,4299,1624,1240,1544,1160,1240,cabecera_municipal
12,Guerrero,065,Tlalixtaquilla de Maldonado,0000,Total del Municipio,,,,7602,3166,1891,3078,1803,1890,total
12,Guerrero,065,Tlalixtaquilla de Maldonado,0001,Tlalixtaquilla," 98°22'11.504"" W","17°34'28.141"" N",1142,2529,1074,668,1029,623,667,cabecera_municipal
12,Guerrero,066,Tlapa de Comonfort,0000,Total del Municipio,,,,96125,32358,21620,32293,21555,21604,total
12,Guerrero,066,Tlapa de Comonfort,0001,Tlapa de Comonfort," 98°34'55.698"" W","17°32'49.018"" N",1057,59580,19596,13396,19565,13365,13387,cabecera_municipal
12,Guerrero,067,Tlapehuala,0000,Total del Municipio,,,,22209,8498,5863,8490,5855,5860,total
12,Guerrero,067,Tlapehuala,0001,Tlapehuala,"100°32'29.667"" W","18°14'23.137"" N",0264,8040,2682,2042,2677,2037,2040,cabecera_municipal
12,Guerrero,068,La Unión de Isidoro Montes de Oca,0000,Total del Municipio,,,,26349,9736,7711,9095,7070,7708,total
12,Guerrero,068,La Unión de Isidoro Montes de Oca,0001,La Unión,"101°48'20.465"" W","17°58'56.400"" N",0047,3197,1350,980,1281,911,978,cabecera_municipal
12,Guerrero,069,Xalpatláhuac,0000,Total del Municipio,,,,11966,4061,2527,4035,2501,2524,total
12,Guerrero,069,Xalpatláhuac,0001,Xalpatláhuac," 98°36'23.217"" W","17°28'15.151"" N",1539,4406,1360,953,1359,952,952,cabecera_municipal
12,Guerrero,070,Xochihuehuetlán,0000,Total del Municipio,,,,7862,3461,2029,3459,2027,2029,total
12,Guerrero,070,Xochihuehuetlán,0001,Xochihuehuetlán," 98°29'15.581"" W","17°54'20.305"" N",1035,5421,2270,1358,2268,1356,1358,cabecera_municipal
12,Guerrero,071,Xochistlahuaca,0000,Total del Municipio,,,,29891,9870,7716,9578,7424,7710,total
12,Guerrero,071,Xochistlahuaca,0001,Xochistlahuaca," 98°14'32.880"" W","16°47'32.725"" N",0368,4761,1677,1380,1583,1286,1378,cabecera_municipal
12,Guerrero,072,Zapotitlán Tablas,0000,Total del Municipio,,,,12004,4186,3029,4182,3025,3028,total
12,Guerrero,072,Zapotitlán Tablas,0001,Zapotitlán Tablas," 98°46'54.152"" W","17°25'22.394"" N",1763,1912,708,475,706,473,474,cabecera_municipal
12,Guerrero,073,Zirándaro,0000,Total del Municipio,,,,18031,7288,4975,6554,4241,4972,total
12,Guerrero,073,Zirándaro,0001,Zirándaro de los Chávez,"100°58'33.082"" W","18°28'44.877"" N",0203,3679,1384,1037,1339,992,1036,cabecera_municipal
12,Guerrero,074,Zitlala,0000,Total del Municipio,,,,21977,7630,5807,7030,5207,5806,total
12,Guerrero,074,Zitlala,0001,Zitlala," 99°11'06.892"" W","17°41'25.226"" N",1381,6077,2228,1655,2045,1472,1654,cabecera_municipal
12,Guerrero,075,Eduardo Neri,0000,Total del Municipio,,,,53126,16461,12503,16407,12449,12500,total
12,Guerrero,075,Eduardo Neri,0001,Zumpango del Río," 99°31'33.372"" W","17°39'11.510"" N",1041,27944,8370,6600,8347,6577,6598,cabecera_municipal
12,Guerrero,076,Acatepec,0000,Total del Municipio,,,,40197,12386,8949,12375,8938,8938,total
12,Guerrero,076,Acatepec,0001,Acatepec," 98°54'37.201"" W","17°19'30.788"" N",1743,2769,1108,633,1106,631,631,cabecera_municipal
12,Guerrero,077,Marquelia,0000,Total del Municipio,,,,14280,4853,3923,4662,3732,3920,total
12,Guerrero,077,Marquelia,0001,Marquelia," 98°49'04.267"" W","16°34'59.930"" N",0002,6857,2263,1869,2156,1762,1866,cabecera_municipal
12,Guerrero,078,Cochoapa el Grande,0000,Total del Municipio,,,,21241,10060,4167,9450,3557,4166,total
12,Guerrero,078,Cochoapa el Grande,0001,Cochoapa el Grande," 98°27'19.007"" W","17°11'34.681"" N",2009,3697,1717,654,1614,551,653,cabecera_municipal
12,Guerrero,079,José Joaquín de Herrera,0000,Total del Municipio,,,,18381,5136,3961,5132,3957,3958,total
12,Guerrero,079,José Joaquín de Herrera,0001,Hueycantenango," 99°01'27.796"" W","17°26'55.414"" N",1644,2084,762,501,761,500,500,cabecera_municipal
12,Guerrero,080,Juchitán,0000,Total del Municipio,,,,7559,3048,2139,2985,2076,2139,total
12,Guerrero,080,Juchitán,0001,Juchitán," 98°38'12.169"" W","16°37'37.454"" N",0156,3530,1561,1027,1526,992,1027,cabecera_municipal
12,Guerrero,081,Iliatenco,0000,Total del Municipio,,,,11679,3909,2711,3776,2578,2710,total
12,Guerrero,081,Iliatenco,0001,Iliatenco," 98°41'08.921"" W","17°02'43.911"" N",1023,2029,672,468,633,429,468,cabecera_municipal
13,Hidalgo,000,Total de la entidad Hidalgo,0000,Total de la Entidad,,,,3082841,1198017,857462,1169653,829098,857174,total
13,Hidalgo,001,Acatlán,0000,Total del Municipio,,,,22268,8021,5870,8010,5859,5869,total
13,Hidalgo,001,Acatlán,0001,Acatlán," 98°26'18.139"" W","20°08'45.251"" N",2130,439,161,130,161,130,130,cabecera_municipal
13,Hidalgo,002,Acaxochitlán,0000,Total del Municipio,,,,46065,14516,10445,14269,10198,10442,total
13,Hidalgo,002,Acaxochitlán,0001,Acaxochitlán," 98°12'11.679"" W","20°09'31.296"" N",2255,3908,1278,999,1274,995,998,cabecera_municipal
13,Hidalgo,003,Actopan,0000,Total del Municipio,,,,61002,20899,16271,20415,15787,16266,total
13,Hidalgo,003,Actopan,0001,Actopan," 98°56'34.442"" W","20°16'08.709"" N",2003,32276,10946,8687,10555,8296,8682,cabecera_municipal
13,Hidalgo,004,Agua Blanca de Iturbide,0000,Total del Municipio,,,,10313,4170,2854,4163,2847,2854,total
13,Hidalgo,004,Agua Blanca de Iturbide,0001,Agua Blanca de Iturbide," 98°21'22.990"" W","20°20'58.214"" N",2183,2325,951,657,946,652,657,cabecera_municipal
13,Hidalgo,005,Ajacuba,0000,Total del Municipio,,,,18872,7146,5174,7101,5129,5174,total
13,Hidalgo,005,Ajacuba,0001,Ajacuba," 99°07'19.677"" W","20°05'33.090"" N",2143,8254,3002,2286,2983,2267,2286,cabecera_municipal
13,Hidalgo,006,Alfajayucan,0000,Total del Municipio,,,,19162,8104,5522,7838,5256,5521,total
13,Hidalgo,006,Alfajayucan,0001,Alfajayucan," 99°20'58.521"" W","20°24'35.896"" N",1870,1794,785,538,729,482,538,cabecera_municipal
13,Hidalgo,007,Almoloya,0000,Total del Municipio,,,,12546,4559,3560,4462,3463,3560,total
13,Hidalgo,007,Almoloya,0001,Almoloya," 98°24'11.855"" W","19°42'11.950"" N",2531,5618,1942,1583,1913,1554,1583,cabecera_municipal
13,Hidalgo,008,Apan,0000,Total del Municipio,,,,46681,16113,12931,15564,12382,12927,total
13,Hidalgo,008,Apan,0001,Apan," 98°27'07.000"" W","19°42'36.000"" N",2488,28792,9607,8028,9145,7566,8024,cabecera_municipal
13,Hidalgo,009,El Arenal,0000,Total del Municipio,,,,19836,6789,5258,6489,4958,5258,total
13,Hidalgo,009,El Arenal,0001,El Arenal," 98°54'39.764"" W","20°13'17.126"" N",2031,3578,1314,923,1233,842,923,cabecera_municipal
13,Hidalgo,010,Atitalaquia,0000,Total del Municipio,,,,31525,10764,8715,10391,8342,8714,total
13,Hidalgo,010,Atitalaquia,0001,Atitalaquia," 99°13'16.063"" W","20°03'32.957"" N",2085,6924,2535,1943,2469,1877,1943,cabecera_municipal
13,Hidalgo,011,Atlapexco,0000,Total del Municipio,,,,19812,6528,5306,6482,5260,5304,total
13,Hidalgo,011,Atlapexco,0001,Atlapexco," 98°20'53.472"" W","21°01'01.610"" N",0158,2960,1042,841,1018,817,840,cabecera_municipal
13,Hidalgo,012,Atotonilco el Grande,0000,Total del Municipio,,,,30135,12095,8382,12036,8323,8380,total
13,Hidalgo,012,Atotonilco el Grande,0001,Atotonilco el Grande," 98°40'08.622"" W","20°17'12.774"" N",2100,8417,3111,2305,3073,2267,2303,cabecera_municipal
13,Hidalgo,013,Atotonilco de Tula,0000,Total del Municipio,,,,62470,36898,17767,36629,17498,17766,total
13,Hidalgo,013,Atotonilco de Tula,0001,Atotonilco de Tula," 99°13'12.687"" W","20°00'27.960"" N",2157,8822,2838,2404,2817,2383,2403,cabecera_municipal
13,Hidalgo,014,Calnali,0000,Total del Municipio,,,,16150,7011,4738,6937,4664,4736,total
13,Hidalgo,014,Calnali,0001,Calnali," 98°35'00.716"" W","20°53'49.840"" N",0924,4235,1747,1191,1727,1171,1190,cabecera_municipal
13,Hidalgo,015,Cardonal,0000,Total del Municipio,,,,19431,7531,5193,7507,5169,5189,total
13,Hidalgo,015,Cardonal,0001,Cardonal," 99°07'01.448"" W","20°36'48.199"" N",2048,755,279,194,275,190,194,cabecera_municipal
13,Hidalgo,016,Cuautepec de Hinojosa,0000,Total del Municipio,,,,60421,21130,16091,21056,16017,16085,total
13,Hidalgo,016,Cuautepec de Hinojosa,0001,Cuautepec," 98°18'35.057"" W","20°02'07.692"" N",2242,20530,7157,5674,7125,5642,5670,cabecera_municipal
13,Hidalgo,017,Chapantongo,0000,Total del Municipio,,,,12967,6109,3888,6057,3836,3887,total
13,Hidalgo,017,Chapantongo,0001,Chapantongo," 99°24'47.632"" W","20°17'07.136"" N",2120,2006,988,633,979,624,632,cabecera_municipal
13,Hidalgo,018,Chapulhuacán,0000,Total del Municipio,,,,22903,8362,6260,8331,6229,6256,total
13,Hidalgo,018,Chapulhuacán,0001,Chapulhuacán," 98°54'16.515"" W","21°09'33.904"" N",0922,4054,1451,1097,1446,1092,1094,cabecera_municipal
13,Hidalgo,019,Chilcuautla,0000,Total del Municipio,,,,18909,7355,5159,7337,5141,5158,total
13,Hidalgo,019,Chilcuautla,0001,Chilcuautla," 99°13'54.288"" W","20°19'51.462"" N",1868,1262,529,358,528,357,358,cabecera_municipal
13,Hidalgo,020,Eloxochitlán,0000,Total del Municipio,,,,2593,1455,847,1426,818,847,total
13,Hidalgo,020,Eloxochitlán,0001,Eloxochitlán," 98°48'32.907"" W","20°44'48.183"" N",1957,601,460,209,451,200,209,cabecera_municipal
13,Hidalgo,021,Emiliano Zapata,0000,Total del Municipio,,,,15175,5026,4161,4970,4105,4158,total
13,Hidalgo,021,Emiliano Zapata,0001,Emiliano Zapata," 98°32'50.698"" W","19°39'25.230"" N",2494,9584,3185,2645,3137,2597,2642,cabecera_municipal
13,Hidalgo,022,Epazoyucan,0000,Total del Municipio,,,,16285,6663,4834,6227,4398,4834,total
13,Hidalgo,022,Epazoyucan,0001,Epazoyucan," 98°38'10.353"" W","20°01'04.878"" N",2458,3310,1241,1019,1234,1012,1019,cabecera_municipal
13,Hidalgo,023,Francisco I. Madero,0000,Total del Municipio,,,,36248,12629,9702,12577,9650,9700,total
13,Hidalgo,023,Francisco I. Madero,0001,Tepatepec," 99°05'20.017"" W","20°14'42.668"" N",1975,11335,3880,3067,3865,3052,3066,cabecera_municipal
13,Hidalgo,024,Huasca de Ocampo,0000,Total del Municipio,,,,17607,6724,4746,6458,4480,4744,total
13,Hidalgo,024,Huasca de Ocampo,0001,Huasca de Ocampo," 98°34'39.413"" W","20°12'13.000"" N",2098,417,174,130,159,115,129,cabecera_municipal
13,Hidalgo,025,Huautla,0000,Total del Municipio,,,,20673,7118,5544,7084,5510,5541,total
13,Hidalgo,025,Huautla,0001,Huautla," 98°17'12.555"" W","21°01'52.992"" N",0520,3806,1261,1013,1247,999,1012,cabecera_municipal
13,Hidalgo,026,Huazalingo,0000,Total del Municipio,,,,12766,3577,3036,3567,3026,3035,total
13,Hidalgo,026,Huazalingo,0001,Huazalingo," 98°30'27.894"" W","20°58'49.089"" N",0903,770,292,217,288,213,216,cabecera_municipal
13,Hidalgo,027,Huehuetla,0000,Total del Municipio,,,,22846,8538,6268,8510,6240,6266,total
13,Hidalgo,027,Huehuetla,0001,Huehuetla," 98°04'42.328"" W","20°27'37.100"" N",0424,2993,935,745,928,738,745,cabecera_municipal
13,Hidalgo,028,Huejutla de Reyes,0000,Total del Municipio,,,,126781,41088,31522,40953,31387,31513,total
13,Hidalgo,028,Huejutla de Reyes,0001,Huejutla de Reyes," 98°25'14.142"" W","21°08'21.163"" N",0141,44311,15338,11541,15226,11429,11538,cabecera_municipal
13,Hidalgo,029,Huichapan,0000,Total del Municipio,,,,47425,17933,12889,17705,12661,12880,total
13,Hidalgo,029,Huichapan,0001,Huichapan," 99°39'04.250"" W","20°22'31.127"" N",2109,9853,4022,2937,3918,2833,2931,cabecera_municipal
13,Hidalgo,030,Ixmiquilpan,0000,Total del Municipio,,,,98654,36676,26601,36575,26500,26586,total
13,Hidalgo,030,Ixmiquilpan,0001,Ixmiquilpan," 99°13'07.585"" W","20°29'05.524"" N",1682,37608,14049,10514,14013,10478,10508,cabecera_municipal
13,Hidalgo,031,Jacala de Ledezma,0000,Total del Municipio,,,,12290,5881,3749,5872,3740,3744,total
13,Hidalgo,031,Jacala de Ledezma,0001,Jacala," 99°11'18.848"" W","21°00'29.867"" N",1333,4582,1849,1324,1844,1319,1320,cabecera_municipal
13,Hidalgo,032,Jaltocán,0000,Total del Municipio,,,,10523,3584,2669,3545,2630,2667,total
13,Hidalgo,032,Jaltocán,0001,Jaltocán," 98°32'17.966"" W","21°07'59.275"" N",0199,5919,1980,1520,1957,1497,1519,cabecera_municipal
13,Hidalgo,033,Juárez Hidalgo,0000,Total del Municipio,,,,2895,1472,955,1442,925,955,total
13,Hidalgo,033,Juárez Hidalgo,0001,Juárez Hidalgo," 98°49'43.900"" W","20°47'01.380"" N",1605,616,357,224,343,210,224,cabecera_municipal
13,Hidalgo,034,Lolotla,0000,Total del Municipio,,,,9474,3491,2603,3454,2566,2603,total
13,Hidalgo,034,Lolotla,0001,Lolotla," 98°43'02.240"" W","20°50'28.192"" N",1601,590,258,177,256,175,177,cabecera_municipal
13,Hidalgo,035,Metepec,0000,Total del Municipio,,,,13078,4265,3273,4244,3252,3272,total
13,Hidalgo,035,Metepec,0001,Metepec," 98°19'19.792"" W","20°14'18.277"" N",2147,2248,706,565,705,564,565,cabecera_municipal
13,Hidalgo,036,San Agustín Metzquititlán,0000,Total del Municipio,,,,9449,3906,2837,3837,2768,2834,total
13,Hidalgo,036,San Agustín Metzquititlán,0001,Mezquititlán," 98°38'19.036"" W","20°31'57.367"" N",1365,1788,674,514,659,499,512,cabecera_municipal
13,Hidalgo,037,Metztitlán,0000,Total del Municipio,,,,20962,9490,6237,9482,6229,6233,total
13,Hidalgo,037,Metztitlán,0001,Metztitlán," 98°45'50.920"" W","20°35'40.920"" N",1302,3274,1371,928,1370,927,927,cabecera_municipal
13,Hidalgo,038,Mineral del Chico,0000,Total del Municipio,,,,8878,3657,2537,3482,2362,2533,total
13,Hidalgo,038,Mineral del Chico,0001,Mineral del Chico," 98°43'52.424"" W","20°12'56.054"" N",2354,533,347,165,323,141,161,cabecera_municipal
13,Hidalgo,039,Mineral del Monte,0000,Total del Municipio,,,,14324,4815,3688,4421,3294,3688,total
13,Hidalgo,039,Mineral del Monte,0001,Mineral del Monte," 98°40'17.508"" W","20°08'25.768"" N",2718,11149,3608,2871,3236,2499,2871,cabecera_municipal
13,Hidalgo,040,La Misión,0000,Total del Municipio,,,,9819,4256,2930,4249,2923,2929,total
13,Hidalgo,040,La Misión,0001,La Misión," 99°07'23.472"" W","21°05'57.910"" N",1497,546,218,155,216,153,155,cabecera_municipal
13,Hidalgo,041,Mixquiahuala de Juárez,0000,Total del Municipio,,,,47222,15631,12705,15118,12192,12703,total
13,Hidalgo,041,Mixquiahuala de Juárez,0001,Mixquiahuala de Juárez," 99°12'49.673"" W","20°13'45.768"" N",2000,27713,9111,7565,8723,7177,7563,cabecera_municipal
13,Hidalgo,042,Molango de Escamilla,0000,Total del Municipio,,,,11578,4870,3337,4760,3227,3336,total
13,Hidalgo,042,Molango de Escamilla,0001,Molango de Escamilla," 98°43'50.929"" W","20°47'11.394"" N",1580,4995,2058,1395,1972,1309,1394,cabecera_municipal
13,Hidalgo,043,Nicolás Flores,0000,Total del Municipio,,,,6265,2624,1760,2617,1753,1755,total
13,Hidalgo,043,Nicolás Flores,0001,Nicolás Flores," 99°09'02.000"" W","20°46'04.000"" N",1518,404,183,115,183,115,115,cabecera_municipal
13,Hidalgo,044,Nopala de Villagrán,0000,Total del Municipio,,,,16948,7434,5145,7259,4970,5145,total
13,Hidalgo,044,Nopala de Villagrán,0001,Nopala de Villagrán," 99°38'39.258"" W","20°15'06.805"" N",2397,1155,583,383,568,368,383,cabecera_municipal
13,Hidalgo,045,Omitlán de Juárez,0000,Total del Municipio,,,,9295,3415,2506,3367,2458,2506,total
13,Hidalgo,045,Omitlán de Juárez,0001,Omitlán de Juárez," 98°38'55.100"" W","20°10'10.200"" N",2410,1050,418,305,409,296,305,cabecera_municipal
13,Hidalgo,046,San Felipe Orizatlán,0000,Total del Municipio,,,,38492,13448,10230,13378,10160,10227,total
13,Hidalgo,046,San Felipe Orizatlán,0001,San Felipe Orizatlán," 98°36'28.135"" W","21°10'15.397"" N",0175,7037,2376,1931,2335,1890,1930,cabecera_municipal
13,Hidalgo,047,Pacula,0000,Total del Municipio,,,,4748,2474,1430,2474,1430,1430,total
13,Hidalgo,047,Pacula,0001,Pacula," 99°17'45.957"" W","21°03'02.955"" N",1310,540,328,170,328,170,170,cabecera_municipal
13,Hidalgo,048,Pachuca de Soto,0000,Total del Municipio,,,,314331,124339,93277,116845,85783,93242,total
13,Hidalgo,048,Pachuca de Soto,0001,Pachuca de Soto," 98°44'13.202"" W","20°07'20.495"" N",2378,297848,118255,88910,111033,81688,88876,cabecera_municipal
13,Hidalgo,049,Pisaflores,0000,Total del Municipio,,,,18723,6267,4881,6220,4834,4878,total
13,Hidalgo,049,Pisaflores,0001,Pisaflores," 99°00'21.590"" W","21°11'41.215"" N",0261,2428,921,699,877,655,696,cabecera_municipal
13,Hidalgo,050,Progreso de Obregón,0000,Total del Municipio,,,,23641,8031,6309,7600,5878,6308,total
13,Hidalgo,050,Progreso de Obregón,0001,Progreso de Obregón," 99°11'21.692"" W","20°14'53.503"" N",2002,17718,5736,4732,5402,4398,4731,cabecera_municipal
13,Hidalgo,051,Mineral de la Reforma,0000,Total del Municipio,,,,202749,97588,63897,93042,59351,63885,total
13,Hidalgo,051,Mineral de la Reforma,0001,Pachuquilla," 98°41'45.725"" W","20°04'20.537"" N",2425,9559,3933,2978,3697,2742,2976,cabecera_municipal
13,Hidalgo,052,San Agustín Tlaxiaca,0000,Total del Municipio,,,,38891,14153,10402,13850,10099,10401,total
13,Hidalgo,052,San Agustín Tlaxiaca,0001,San Agustín Tlaxiaca," 98°53'12.399"" W","20°06'56.379"" N",2358,12328,3739,3057,3688,3006,3056,cabecera_municipal
13,Hidalgo,053,San Bartolo Tutotepec,0000,Total del Municipio,,,,17699,6739,5004,6714,4979,5001,total
13,Hidalgo,053,San Bartolo Tutotepec,0001,San Bartolo Tutotepec," 98°12'07.415"" W","20°23'56.914"" N",1019,2764,990,774,985,769,773,cabecera_municipal
13,Hidalgo,054,San Salvador,0000,Total del Municipio,,,,36796,12948,9808,12899,9759,9807,total
13,Hidalgo,054,San Salvador,0001,San Salvador," 99°00'56.174"" W","20°17'04.445"" N",1941,1107,421,303,421,303,303,cabecera_municipal
13,Hidalgo,055,Santiago de Anaya,0000,Total del Municipio,,,,18329,7041,5050,6983,4992,5050,total
13,Hidalgo,055,Santiago de Anaya,0001,Santiago de Anaya," 98°57'50.229"" W","20°22'57.295"" N",2029,2676,1086,757,1086,757,757,cabecera_municipal
13,Hidalgo,056,Santiago Tulantepec de Lugo Guerrero,0000,Total del Municipio,,,,39561,14169,11139,13753,10723,11135,total
13,Hidalgo,056,Santiago Tulantepec de Lugo Guerrero,0001,Santiago Tulantepec," 98°21'25.223"" W","20°02'21.095"" N",2180,17449,5878,4869,5762,4753,4867,cabecera_municipal
13,Hidalgo,057,Singuilucan,0000,Total del Municipio,,,,15142,5367,4097,4881,3611,4096,total
13,Hidalgo,057,Singuilucan,0001,Singuilucan," 98°31'02.000"" W","19°58'03.000"" N",2634,4805,1650,1278,1493,1121,1277,cabecera_municipal
13,Hidalgo,058,Tasquillo,0000,Total del Municipio,,,,17441,7953,5097,7941,5085,5096,total
13,Hidalgo,058,Tasquillo,0001,Tasquillo," 99°18'45.202"" W","20°33'06.380"" N",1631,4030,1834,1228,1826,1220,1228,cabecera_municipal
13,Hidalgo,059,Tecozautla,0000,Total del Municipio,,,,38010,14162,10220,14128,10186,10216,total
13,Hidalgo,059,Tecozautla,0001,Tecozautla," 99°38'05.726"" W","20°32'01.942"" N",1704,6701,2653,1877,2649,1873,1876,cabecera_municipal
13,Hidalgo,060,Tenango de Doria,0000,Total del Municipio,,,,17503,6462,4630,6412,4580,4628,total
13,Hidalgo,060,Tenango de Doria,0001,Tenango de Doria," 98°13'36.223"" W","20°20'17.000"" N",1641,2614,1009,678,994,663,677,cabecera_municipal
13,Hidalgo,061,Tepeapulco,0000,Total del Municipio,,,,56245,20610,16489,20084,15963,16487,total
13,Hidalgo,061,Tepeapulco,0001,Tepeapulco," 98°33'13.182"" W","19°47'08.426"" N",2510,16368,5473,4493,5329,4349,4492,cabecera_municipal
13,Hidalgo,062,Tepehuacán de Guerrero,0000,Total del Municipio,,,,31235,9235,7498,9216,7479,7490,total
13,Hidalgo,062,Tepehuacán de Guerrero,0001,Tepehuacán de Guerrero," 98°50'37.438"" W","21°00'50.704"" N",0899,1373,479,343,475,339,339,cabecera_municipal
13,Hidalgo,063,Tepeji del Río de Ocampo,0000,Total del Municipio,,,,90546,30537,24689,30231,24383,24686,total
13,Hidalgo,063,Tepeji del Río de Ocampo,0001,Tepeji del Río de Ocampo," 99°20'30.531"" W","19°54'18.782"" N",2139,36618,12382,10366,12200,10184,10364,cabecera_municipal
13,Hidalgo,064,Tepetitlán,0000,Total del Municipio,,,,10830,4771,3258,4681,3168,3257,total
13,Hidalgo,064,Tepetitlán,0001,Tepetitlán," 99°22'49.218"" W","20°11'13.015"" N",2018,1056,427,310,407,290,310,cabecera_municipal
13,Hidalgo,065,Tetepango,0000,Total del Municipio,,,,11768,3960,3088,3887,3015,3088,total
13,Hidalgo,065,Tetepango,0001,Tetepango," 99°09'22.044"" W","20°06'09.558"" N",2090,9145,3016,2388,2958,2330,2388,cabecera_municipal
13,Hidalgo,066,Villa de Tezontepec,0000,Total del Municipio,,,,13032,4484,3444,4362,3322,3444,total
13,Hidalgo,066,Villa de Tezontepec,0001,Tezontepec," 98°49'09.444"" W","19°52'47.499"" N",2321,6213,2449,1729,2389,1669,1729,cabecera_municipal
13,Hidalgo,067,Tezontepec de Aldama,0000,Total del Municipio,,,,55134,18452,14843,18014,14405,14843,total
13,Hidalgo,067,Tezontepec de Aldama,0001,Tezontepec de Aldama," 99°16'21.658"" W","20°11'33.942"" N",2007,5398,1770,1473,1693,1396,1473,cabecera_municipal
13,Hidalgo,068,Tianguistengo,0000,Total del Municipio,,,,14340,5842,4027,5821,4006,4026,total
13,Hidalgo,068,Tianguistengo,0001,Tianguistengo," 98°37'51.064"" W","20°43'41.565"" N",1651,1731,765,486,753,474,486,cabecera_municipal
13,Hidalgo,069,Tizayuca,0000,Total del Municipio,,,,168302,87237,47540,85473,45776,47529,total
13,Hidalgo,069,Tizayuca,0001,Tizayuca," 98°58'53.703"" W","19°50'27.920"" N",2266,60265,24928,16848,24210,16130,16843,cabecera_municipal
13,Hidalgo,070,Tlahuelilpan,0000,Total del Municipio,,,,19067,5936,4917,5762,4743,4917,total
13,Hidalgo,070,Tlahuelilpan,0001,Tlahuelilpan," 99°14'04.847"" W","20°07'50.258"" N",2043,8657,2656,2303,2544,2191,2303,cabecera_municipal
13,Hidalgo,071,Tlahuiltepa,0000,Total del Municipio,,,,9086,4274,2855,4260,2841,2850,total
13,Hidalgo,071,Tlahuiltepa,0001,Tlahuiltepa," 98°57'00.724"" W","20°55'26.087"" N",2000,286,156,97,154,95,95,cabecera_municipal
13,Hidalgo,072,Tlanalapa,0000,Total del Municipio,,,,11113,3982,3187,3899,3104,3187,total
13,Hidalgo,072,Tlanalapa,0001,Tlanalapa," 98°36'14.087"" W","19°49'04.419"" N",2458,8062,2707,2257,2667,2217,2257,cabecera_municipal
13,Hidalgo,073,Tlanchinol,0000,Total del Municipio,,,,37722,11663,9551,11580,9468,9550,total
13,Hidalgo,073,Tlanchinol,0001,Tlanchinol," 98°39'37.024"" W","20°59'21.644"" N",1541,6117,2181,1728,2159,1706,1727,cabecera_municipal
13,Hidalgo,074,Tlaxcoapan,0000,Total del Municipio,,,,28626,8012,7035,7686,6709,7034,total
13,Hidalgo,074,Tlaxcoapan,0001,Tlaxcoapan," 99°13'17.736"" W","20°05'29.812"" N",2062,14689,4190,3651,3966,3427,3651,cabecera_municipal
13,Hidalgo,075,Tolcayuca,0000,Total del Municipio,,,,21362,9940,6015,9563,5638,6014,total
13,Hidalgo,075,Tolcayuca,0001,Tolcayuca," 98°55'18.340"" W","19°57'23.728"" N",2378,8966,3566,2457,3496,2387,2457,cabecera_municipal
13,Hidalgo,076,Tula de Allende,0000,Total del Municipio,,,,115107,43010,33335,42194,32519,33318,total
13,Hidalgo,076,Tula de Allende,0001,Tula de Allende," 99°20'35.480"" W","20°03'18.791"" N",2022,29390,11121,8779,10890,8548,8773,cabecera_municipal
13,Hidalgo,077,Tulancingo de Bravo,0000,Total del Municipio,,,,168369,59262,45979,58518,45235,45953,total
13,Hidalgo,077,Tulancingo de Bravo,0001,Tulancingo," 98°22'05.062"" W","20°04'50.178"" N",2148,106163,35827,29230,35251,28654,29207,cabecera_municipal
13,Hidalgo,078,Xochiatipan,0000,Total del Municipio,,,,18260,5501,4364,5485,4348,4361,total
13,Hidalgo,078,Xochiatipan,0001,Xochiatipan," 98°17'04.313"" W","20°50'07.740"" N",0648,1593,508,407,507,406,406,cabecera_municipal
13,Hidalgo,079,Xochicoatlán,0000,Total del Municipio,,,,7015,3339,2207,3326,2194,2207,total
13,Hidalgo,079,Xochicoatlán,0001,Xochicoatlán," 98°40'47.007"" W","20°46'36.677"" N",1680,1301,593,396,588,391,396,cabecera_municipal
13,Hidalgo,080,Yahualica,0000,Total del Municipio,,,,24674,7743,6277,7694,6228,6277,total
13,Hidalgo,080,Yahualica,0001,Yahualica," 98°22'58.322"" W","20°57'05.936"" N",0677,1389,545,412,538,405,412,cabecera_municipal
13,Hidalgo,081,Zacualtipán de Ángeles,0000,Total del Municipio,,,,38155,13346,10603,12893,10150,10594,total
13,Hidalgo,081,Zacualtipán de Ángeles,0001,Zacualtipán," 98°39'13.057"" W","20°38'42.653"" N",1979,29472,9735,8083,9308,7656,8075,cabecera_municipal
13,Hidalgo,082,Zapotlán de Juárez,0000,Total del Municipio,,,,21443,7808,5851,7666,5709,5849,total
13,Hidalgo,082,Zapotlán de Juárez,0001,Zapotlán de Juárez," 98°51'42.778"" W","19°58'26.570"" N",2360,4978,1794,1436,1741,1383,1435,cabecera_municipal
13,Hidalgo,083,Zempoala,0000,Total del Municipio,,,,57906,31807,17481,30169,15843,17477,total
13,Hidalgo,083,Zempoala,0001,Zempoala," 98°40'05.270"" W","19°54'55.428"" N",2456,7205,2829,2095,2708,1974,2094,cabecera_municipal
13,Hidalgo,084,Zimapán,0000,Total del Municipio,,,,39927,15807,10993,15794,10980,10983,total
13,Hidalgo,084,Zimapán,0001,Zimapán," 99°22'59.207"" W","20°44'17.048"" N",1764,14732,5355,4030,5349,4024,4027,cabecera_municipal
14,Jalisco,000,Total de la entidad Jalisco,0000,Total de la Entidad,,,,8348151,2960158,2332218,2844244,2216304,2330706,total
14,Jalisco,001,Acatic,0000,Total del Municipio,,,,23175,8750,6411,8732,6393,6408,total
14,Jalisco,001,Acatic,0001,Acatic,"102°54'19.000"" W","20°46'46.000"" N",1693,13033,4897,3675,4894,3672,3673,cabecera_municipal
14,Jalisco,002,Acatlán de Juárez,0000,Total del Municipio,,,,25250,7997,6379,7959,6341,6372,total
14,Jalisco,002,Acatlán de Juárez,0001,Acatlán de Juárez,"103°35'14.000"" W","20°25'17.000"" N",1371,11110,3764,3067,3754,3057,3065,cabecera_municipal
14,Jalisco,003,Ahualulco de Mercado,0000,Total del Municipio,,,,23630,8386,6535,8358,6507,6519,total
14,Jalisco,003,Ahualulco de Mercado,0001,Ahualulco de Mercado,"103°58'30.000"" W","20°42'02.000"" N",1320,17000,5944,4732,5918,4706,4717,cabecera_municipal
14,Jalisco,004,Amacueca,0000,Total del Municipio,,,,5743,2284,1589,2282,1587,1588,total
14,Jalisco,004,Amacueca,0001,Amacueca,"103°35'46.000"" W","20°00'38.000"" N",1414,3025,1290,871,1289,870,870,cabecera_municipal
14,Jalisco,005,Amatitán,0000,Total del Municipio,,,,16490,5097,4216,5059,4178,4213,total
14,Jalisco,005,Amatitán,0001,Amatitán,"103°43'48.000"" W","20°50'06.000"" N",1248,12180,3710,3108,3678,3076,3106,cabecera_municipal
14,Jalisco,006,Ameca,0000,Total del Municipio,,,,60386,23046,17374,22998,17326,17361,total
14,Jalisco,006,Ameca,0001,Ameca,"104°02'35.000"" W","20°32'55.000"" N",1239,37871,13623,10895,13598,10870,10886,cabecera_municipal
14,Jalisco,007,San Juanito de Escobedo,0000,Total del Municipio,,,,9433,3718,2665,3715,2662,2665,total
14,Jalisco,007,San Juanito de Escobedo,0001,San Juanito de Escobedo,"104°00'03.549"" W","20°48'01.683"" N",1351,5595,2199,1591,2196,1588,1591,cabecera_municipal
14,Jalisco,008,Arandas,0000,Total del Municipio,,,,80609,29956,22781,29729,22554,22770,total
14,Jalisco,008,Arandas,0001,Arandas,"102°20'25.000"" W","20°42'20.000"" N",2058,59648,20938,17100,20746,16908,17091,cabecera_municipal
14,Jalisco,009,El Arenal,0000,Total del Municipio,,,,21115,8977,5682,8916,5621,5681,total
14,Jalisco,009,El Arenal,0001,El Arenal,"103°41'38.000"" W","20°46'34.000"" N",1400,12438,4033,3242,4032,3241,3242,cabecera_municipal
14,Jalisco,010,Atemajac de Brizuela,0000,Total del Municipio,,,,7758,2641,1820,2636,1815,1820,total
14,Jalisco,010,Atemajac de Brizuela,0001,Atemajac de Brizuela,"103°43'28.328"" W","20°08'22.018"" N",2350,6434,2099,1490,2097,1488,1490,cabecera_municipal
14,Jalisco,011,Atengo,0000,Total del Municipio,,,,5599,2314,1530,2312,1528,1530,total
14,Jalisco,011,Atengo,0001,Atengo,"104°14'04.000"" W","20°16'32.000"" N",1421,1639,790,512,789,511,512,cabecera_municipal
14,Jalisco,012,Atenguillo,0000,Total del Municipio,,,,4176,1903,1311,1903,1311,1311,total
14,Jalisco,012,Atenguillo,0001,Atenguillo,"104°29'33.000"" W","20°24'53.000"" N",1300,1589,814,547,814,547,547,cabecera_municipal
14,Jalisco,013,Atotonilco el Alto,0000,Total del Municipio,,,,64009,21920,17409,21699,17188,17398,total
14,Jalisco,013,Atotonilco el Alto,0001,Atotonilco el Alto,"102°30'15.000"" W","20°33'02.000"" N",1602,28678,9485,7936,9390,7841,7927,cabecera_municipal
14,Jalisco,014,Atoyac,0000,Total del Municipio,,,,8689,3585,2537,3582,2534,2535,total
14,Jalisco,014,Atoyac,0001,Atoyac,"103°30'59.000"" W","20°00'38.000"" N",1350,5389,2136,1551,2134,1549,1549,cabecera_municipal
14,Jalisco,015,Autlán de Navarro,0000,Total del Municipio,,,,64931,24636,18903,24597,18864,18887,total
14,Jalisco,015,Autlán de Navarro,0001,Autlán de Navarro,"104°21'55.000"" W","19°46'17.000"" N",0920,52019,19674,15306,19650,15282,15296,cabecera_municipal
14,Jalisco,016,Ayotlán,0000,Total del Municipio,,,,41552,14392,10744,14381,10733,10738,total
14,Jalisco,016,Ayotlán,0001,Ayotlán,"102°19'42.000"" W","20°31'41.000"" N",1604,13810,4669,3707,4666,3704,3705,cabecera_municipal
14,Jalisco,017,Ayutla,0000,Total del Municipio,,,,12880,5338,3544,5314,3520,3539,total
14,Jalisco,017,Ayutla,0001,Ayutla,"104°20'52.000"" W","20°07'45.000"" N",1360,7469,2912,2045,2890,2023,2040,cabecera_municipal
14,Jalisco,018,La Barca,0000,Total del Municipio,,,,67937,23597,17725,23568,17696,17717,total
14,Jalisco,018,La Barca,0001,La Barca,"102°32'31.000"" W","20°17'25.000"" N",1529,38780,12687,10132,12666,10111,10124,cabecera_municipal
14,Jalisco,019,Bolaños,0000,Total del Municipio,,,,7043,2419,1621,2402,1604,1617,total
14,Jalisco,019,Bolaños,0001,Bolaños,"103°46'53.399"" W","21°49'51.132"" N",0871,1086,376,300,367,291,300,cabecera_municipal
14,Jalisco,020,Cabo Corrientes,0000,Total del Municipio,,,,10940,4674,3182,4674,3182,3182,total
14,Jalisco,020,Cabo Corrientes,0001,El Tuito,"105°19'26.000"" W","20°19'06.000"" N",0600,3835,1452,1075,1452,1075,1075,cabecera_municipal
14,Jalisco,021,Casimiro Castillo,0000,Total del Municipio,,,,20548,8239,6242,8115,6118,6239,total
14,Jalisco,021,Casimiro Castillo,0001,La Resolana,"104°26'05.000"" W","19°36'13.000"" N",0366,11543,4177,3442,4084,3349,3439,cabecera_municipal
14,Jalisco,022,Cihuatlán,0000,Total del Municipio,,,,40139,16334,11536,16113,11315,11530,total
14,Jalisco,022,Cihuatlán,0001,Cihuatlán,"104°33'46.792"" W","19°14'18.036"" N",0019,18787,6593,5353,6539,5299,5351,cabecera_municipal
14,Jalisco,023,Zapotlán el Grande,0000,Total del Municipio,,,,115141,38063,31499,37632,31068,31449,total
14,Jalisco,023,Zapotlán el Grande,0001,Ciudad Guzmán,"103°27'51.000"" W","19°42'31.000"" N",1519,111975,36958,30793,36536,30371,30744,cabecera_municipal
14,Jalisco,024,Cocula,0000,Total del Municipio,,,,29267,11676,8134,11586,8044,8131,total
14,Jalisco,024,Cocula,0001,Cocula,"103°49'27.000"" W","20°22'03.000"" N",1336,16550,6084,4573,6065,4554,4571,cabecera_municipal
14,Jalisco,025,Colotlán,0000,Total del Municipio,,,,19689,8356,5725,8315,5684,5721,total
14,Jalisco,025,Colotlán,0001,Colotlán,"103°15'53.000"" W","22°07'02.000"" N",1666,15129,5949,4381,5918,4350,4378,cabecera_municipal
14,Jalisco,026,Concepción de Buenos Aires,0000,Total del Municipio,,,,6334,2916,1848,2908,1840,1847,total
14,Jalisco,026,Concepción de Buenos Aires,0001,Concepción de Buenos Aires,"103°15'26.000"" W","19°58'43.000"" N",2121,5113,2311,1487,2303,1479,1486,cabecera_municipal
14,Jalisco,027,Cuautitlán de García Barragán,0000,Total del Municipio,,,,18370,6586,4961,6550,4925,4961,total
14,Jalisco,027,Cuautitlán de García Barragán,0001,Cuautitlán de García Barragán,"104°21'25.000"" W","19°26'59.000"" N",0589,2794,1056,828,1043,815,828,cabecera_municipal
14,Jalisco,028,Cuautla,0000,Total del Municipio,,,,2166,1246,679,1242,675,678,total
14,Jalisco,028,Cuautla,0001,Cuautla,"104°24'27.000"" W","20°12'05.000"" N",1719,1330,789,422,788,421,421,cabecera_municipal
14,Jalisco,029,Cuquío,0000,Total del Municipio,,,,17820,7329,4927,7247,4845,4923,total
14,Jalisco,029,Cuquío,0001,Cuquío,"103°01'26.000"" W","20°55'39.000"" N",1786,5011,2078,1437,2030,1389,1435,cabecera_municipal
14,Jalisco,030,Chapala,0000,Total del Municipio,,,,55196,22868,16359,22544,16035,16339,total
14,Jalisco,030,Chapala,0001,Chapala,"103°11'23.000"" W","20°17'36.000"" N",1539,24352,8185,6460,8064,6339,6456,cabecera_municipal
14,Jalisco,031,Chimaltitán,0000,Total del Municipio,,,,3270,1332,892,1331,891,891,total
14,Jalisco,031,Chimaltitán,0001,Chimaltitán,"103°46'50.541"" W","21°46'43.915"" N",0849,609,270,183,269,182,182,cabecera_municipal
14,Jalisco,032,Chiquilistlán,0000,Total del Municipio,,,,5983,2187,1468,2185,1466,1468,total
14,Jalisco,032,Chiquilistlán,0001,Chiquilistlán,"103°51'29.000"" W","20°05'19.000"" N",1724,4299,1449,1027,1449,1027,1027,cabecera_municipal
14,Jalisco,033,Degollado,0000,Total del Municipio,,,,21226,9462,5938,9451,5927,5934,total
14,Jalisco,033,Degollado,0001,Degollado,"102°08'06.000"" W","20°26'51.000"" N",1789,11612,5193,3321,5183,3311,3318,cabecera_municipal
14,Jalisco,034,Ejutla,0000,Total del Municipio,,,,1981,1100,661,1097,658,659,total
14,Jalisco,034,Ejutla,0001,Ejutla,"104°09'43.000"" W","19°54'23.000"" N",1138,1367,712,451,710,449,449,cabecera_municipal
14,Jalisco,035,Encarnación de Díaz,0000,Total del Municipio,,,,53039,19519,14392,19338,14211,14385,total
14,Jalisco,035,Encarnación de Díaz,0001,Encarnación de Díaz,"102°13'59.000"" W","21°31'28.000"" N",1818,27833,10531,7819,10382,7670,7814,cabecera_municipal
14,Jalisco,036,Etzatlán,0000,Total del Municipio,,,,20011,6910,5383,6782,5255,5377,total
14,Jalisco,036,Etzatlán,0001,Etzatlán,"104°04'42.000"" W","20°46'02.000"" N",1389,14697,5018,3980,4929,3891,3974,cabecera_municipal
14,Jalisco,037,El Grullo,0000,Total del Municipio,,,,25920,9594,7462,9549,7417,7458,total
14,Jalisco,037,El Grullo,0001,El Grullo,"104°12'56.000"" W","19°48'27.000"" N",0881,22738,8312,6573,8267,6528,6569,cabecera_municipal
14,Jalisco,038,Guachinango,0000,Total del Municipio,,,,4199,2035,1272,2033,1270,1270,total
14,Jalisco,038,Guachinango,0001,Guachinango,"104°22'38.000"" W","20°34'35.000"" N",1491,2124,981,637,979,635,635,cabecera_municipal
14,Jalisco,039,Guadalajara,0000,Total del Municipio,,,,1385629,454874,398966,440276,384368,398543,total
14,Jalisco,039,Guadalajara,0001,Guadalajara,"103°20'32.000"" W","20°40'35.000"" N",1536,1385621,454853,398965,440255,384367,398542,cabecera_municipal
14,Jalisco,040,Hostotipaquillo,0000,Total del Municipio,,,,8732,3209,2306,3136,2233,2306,total
14,Jalisco,040,Hostotipaquillo,0001,Hostotipaquillo,"104°03'01.000"" W","21°03'29.000"" N",1300,3500,1150,908,1140,898,908,cabecera_municipal
14,Jalisco,041,Huejúcar,0000,Total del Municipio,,,,5920,3106,1780,3100,1774,1779,total
14,Jalisco,041,Huejúcar,0001,Huejúcar,"103°12'42.000"" W","22°21'44.000"" N",1847,3762,1746,1118,1745,1117,1117,cabecera_municipal
14,Jalisco,042,Huejuquilla el Alto,0000,Total del Municipio,,,,10015,4341,2693,4332,2684,2691,total
14,Jalisco,042,Huejuquilla el Alto,0001,Huejuquilla el Alto,"103°53'39.000"" W","22°37'43.000"" N",1753,5949,2391,1630,2386,1625,1629,cabecera_municipal
14,Jalisco,043,La Huerta,0000,Total del Municipio,,,,23258,10270,7004,9912,6646,7002,total
14,Jalisco,043,La Huerta,0001,La Huerta,"104°38'36.000"" W","19°29'06.000"" N",0280,7954,3156,2467,3034,2345,2466,cabecera_municipal
14,Jalisco,044,Ixtlahuacán de los Membrillos,0000,Total del Municipio,,,,67969,34492,19724,34323,19555,19707,total
14,Jalisco,044,Ixtlahuacán de los Membrillos,0001,Ixtlahuacán de los Membrillos,"103°11'34.678"" W","20°20'56.890"" N",1598,9561,3623,2598,3611,2586,2590,cabecera_municipal
14,Jalisco,045,Ixtlahuacán del Río,0000,Total del Municipio,,,,20465,8208,5759,8145,5696,5758,total
14,Jalisco,045,Ixtlahuacán del Río,0001,Ixtlahuacán del Río,"103°14'21.000"" W","20°51'51.000"" N",1647,6882,2527,1922,2519,1914,1921,cabecera_municipal
14,Jalisco,046,Jalostotitlán,0000,Total del Municipio,,,,32678,12314,8938,11910,8534,8931,total
14,Jalisco,046,Jalostotitlán,0001,Jalostotitlán,"102°27'40.000"" W","21°10'07.000"" N",1779,24890,9173,6848,8949,6624,6843,cabecera_municipal
14,Jalisco,047,Jamay,0000,Total del Municipio,,,,24894,8321,6241,8302,6222,6227,total
14,Jalisco,047,Jamay,0001,Jamay,"102°42'34.981"" W","20°17'40.199"" N",1545,18607,6170,4725,6163,4718,4719,cabecera_municipal
14,Jalisco,048,Jesús María,0000,Total del Municipio,,,,18982,9309,5423,9118,5232,5419,total
14,Jalisco,048,Jesús María,0001,Jesús María,"102°13'12.000"" W","20°36'27.000"" N",2108,9436,4270,2752,4155,2637,2749,cabecera_municipal
14,Jalisco,049,Jilotlán de los Dolores,0000,Total del Municipio,,,,9425,3638,2552,3594,2508,2551,total
14,Jalisco,049,Jilotlán de los Dolores,0001,Jilotlán de los Dolores,"103°01'11.000"" W","19°22'14.000"" N",0759,1639,629,487,621,479,487,cabecera_municipal
14,Jalisco,050,Jocotepec,0000,Total del Municipio,,,,47105,16899,11072,16866,11039,11057,total
14,Jalisco,050,Jocotepec,0001,Jocotepec,"103°25'31.000"" W","20°17'04.000"" N",1537,20286,6294,4896,6279,4881,4892,cabecera_municipal
14,Jalisco,051,Juanacatlán,0000,Total del Municipio,,,,30855,12428,8703,11957,8232,8701,total
14,Jalisco,051,Juanacatlán,0001,Juanacatlán,"103°10'02.000"" W","20°30'34.000"" N",1525,9626,3295,2686,3286,2677,2686,cabecera_municipal
14,Jalisco,052,Juchitlán,0000,Total del Municipio,,,,5534,2627,1604,2624,1601,1603,total
14,Jalisco,052,Juchitlán,0001,Juchitlán,"104°05'46.497"" W","20°05'01.880"" N",1225,3528,1684,1052,1681,1049,1051,cabecera_municipal
14,Jalisco,053,Lagos de Moreno,0000,Total del Municipio,,,,172403,59151,45047,58763,44659,45022,total
14,Jalisco,053,Lagos de Moreno,0001,Lagos de Moreno,"101°55'45.000"" W","21°21'23.000"" N",1876,111569,38024,30042,37875,29893,30020,cabecera_municipal
14,Jalisco,054,El Limón,0000,Total del Municipio,,,,5368,3033,1791,3028,1786,1790,total
14,Jalisco,054,El Limón,0001,El Limón,"104°09'08.000"" W","19°49'28.000"" N",0876,3125,1611,1006,1607,1002,1005,cabecera_municipal
14,Jalisco,055,Magdalena,0000,Total del Municipio,,,,21781,7377,5859,7052,5534,5855,total
14,Jalisco,055,Magdalena,0001,Magdalena,"103°58'34.000"" W","20°54'23.000"" N",1390,16873,5378,4458,5093,4173,4456,cabecera_municipal
14,Jalisco,056,Santa María del Oro,0000,Total del Municipio,,,,1815,890,573,890,573,573,total
14,Jalisco,056,Santa María del Oro,0001,Santa María del Oro,"102°54'30.000"" W","19°35'15.000"" N",0944,666,334,227,334,227,227,cabecera_municipal
14,Jalisco,057,La Manzanilla de la Paz,0000,Total del Municipio,,,,4099,1924,1249,1910,1235,1248,total
14,Jalisco,057,La Manzanilla de la Paz,0001,La Manzanilla de la Paz,"103°09'00.000"" W","20°00'16.000"" N",2073,2728,1365,855,1364,854,854,cabecera_municipal
14,Jalisco,058,Mascota,0000,Total del Municipio,,,,14451,6179,4318,6168,4307,4312,total
14,Jalisco,058,Mascota,0001,Mascota,"104°46'56.000"" W","20°31'32.000"" N",1237,9272,3542,2762,3533,2753,2757,cabecera_municipal
14,Jalisco,059,Mazamitla,0000,Total del Municipio,,,,14043,7270,3678,7256,3664,3676,total
14,Jalisco,059,Mazamitla,0001,Mazamitla,"103°01'13.000"" W","19°55'02.000"" N",2234,8142,3451,2058,3442,2049,2057,cabecera_municipal
14,Jalisco,060,Mexticacán,0000,Total del Municipio,,,,5307,3159,1634,3159,1634,1634,total
14,Jalisco,060,Mexticacán,0001,Mexticacán,"102°46'40.000"" W","21°15'47.000"" N",1747,3349,1857,1016,1857,1016,1016,cabecera_municipal
14,Jalisco,061,Mezquitic,0000,Total del Municipio,,,,22083,6767,4734,6720,4687,4715,total
14,Jalisco,061,Mezquitic,0001,Mezquitic,"103°43'41.241"" W","22°23'24.000"" N",1348,2639,1108,742,1095,729,740,cabecera_municipal
14,Jalisco,062,Mixtlán,0000,Total del Municipio,,,,3638,1718,1079,1717,1078,1079,total
14,Jalisco,062,Mixtlán,0001,Mixtlán,"104°24'32.000"" W","20°26'26.000"" N",1539,1710,877,538,877,538,538,cabecera_municipal
14,Jalisco,063,Ocotlán,0000,Total del Municipio,,,,106050,35689,29121,34760,28192,29112,total
14,Jalisco,063,Ocotlán,0001,Ocotlán,"102°46'05.000"" W","20°21'05.000"" N",1530,94978,31400,26248,30516,25364,26240,cabecera_municipal
14,Jalisco,064,Ojuelos de Jalisco,0000,Total del Municipio,,,,33588,10804,8293,10791,8280,8292,total
14,Jalisco,064,Ojuelos de Jalisco,0001,Ojuelos de Jalisco,"101°35'36.000"" W","21°51'51.000"" N",2221,14424,4771,3635,4758,3622,3634,cabecera_municipal
14,Jalisco,065,Pihuamo,0000,Total del Municipio,,,,11386,5191,3562,5185,3556,3560,total
14,Jalisco,065,Pihuamo,0001,Pihuamo,"103°22'30.135"" W","19°15'08.781"" N",0712,6668,2869,2077,2864,2072,2075,cabecera_municipal
14,Jalisco,066,Poncitlán,0000,Total del Municipio,,,,53659,16457,12372,16416,12331,12367,total
14,Jalisco,066,Poncitlán,0001,Poncitlán,"102°55'27.000"" W","20°22'53.000"" N",1524,14636,5208,3997,5199,3988,3995,cabecera_municipal
14,Jalisco,067,Puerto Vallarta,0000,Total del Municipio,,,,291839,118295,86553,116412,84670,86523,total
14,Jalisco,067,Puerto Vallarta,0001,Puerto Vallarta,"105°13'38.000"" W","20°36'49.000"" N",0101,224166,92445,67069,90852,65476,67043,cabecera_municipal
14,Jalisco,068,Villa Purificación,0000,Total del Municipio,,,,11303,5333,3432,5287,3386,3431,total
14,Jalisco,068,Villa Purificación,0001,Villa Purificación,"104°36'18.000"" W","19°43'09.000"" N",0446,5965,2655,1822,2620,1787,1821,cabecera_municipal
14,Jalisco,069,Quitupan,0000,Total del Municipio,,,,7734,4818,2402,4815,2399,2402,total
14,Jalisco,069,Quitupan,0001,Quitupan,"102°52'19.749"" W","19°55'39.545"" N",1642,1466,804,464,804,464,464,cabecera_municipal
14,Jalisco,070,El Salto,0000,Total del Municipio,,,,232852,80505,59178,79272,57945,59134,total
14,Jalisco,070,El Salto,0001,El Salto,"103°10'54.000"" W","20°31'10.000"" N",1550,27876,10677,7887,10630,7840,7883,cabecera_municipal
14,Jalisco,071,San Cristóbal de la Barranca,0000,Total del Municipio,,,,2924,1214,817,1200,803,815,total
14,Jalisco,071,San Cristóbal de la Barranca,0001,San Cristóbal de la Barranca,"103°25'45.000"" W","21°02'40.000"" N",0820,843,322,232,319,229,231,cabecera_municipal
14,Jalisco,072,San Diego de Alejandría,0000,Total del Municipio,,,,7609,2767,1981,2765,1979,1980,total
14,Jalisco,072,San Diego de Alejandría,0001,San Diego de Alejandría,"101°59'37.000"" W","20°59'35.000"" N",1940,6025,2064,1559,2062,1557,1558,cabecera_municipal
14,Jalisco,073,San Juan de los Lagos,0000,Total del Municipio,,,,72230,23848,18657,23695,18504,18652,total
14,Jalisco,073,San Juan de los Lagos,0001,San Juan de los Lagos,"102°19'58.000"" W","21°14'52.000"" N",1743,53539,17787,14040,17692,13945,14035,cabecera_municipal
14,Jalisco,074,San Julián,0000,Total del Municipio,,,,16792,6311,4787,6280,4756,4784,total
14,Jalisco,074,San Julián,0001,San Julián,"102°10'51.000"" W","21°00'35.000"" N",2066,14520,5362,4172,5333,4143,4170,cabecera_municipal
14,Jalisco,075,San Marcos,0000,Total del Municipio,,,,3791,1524,1030,1484,990,1029,total
14,Jalisco,075,San Marcos,0001,San Marcos,"104°11'51.000"" W","20°47'24.000"" N",1377,3478,1364,933,1325,894,932,cabecera_municipal
14,Jalisco,076,San Martín de Bolaños,0000,Total del Municipio,,,,3095,1341,862,1339,860,861,total
14,Jalisco,076,San Martín de Bolaños,0001,San Martín de Bolaños,"103°48'51.116"" W","21°41'00.803"" N",0801,2138,849,575,847,573,574,cabecera_municipal
14,Jalisco,077,San Martín Hidalgo,0000,Total del Municipio,,,,28102,11909,8129,11884,8104,8122,total
14,Jalisco,077,San Martín Hidalgo,0001,San Martín Hidalgo,"103°55'43.000"" W","20°26'06.000"" N",1305,8850,3469,2539,3453,2523,2533,cabecera_municipal
14,Jalisco,078,San Miguel el Alto,0000,Total del Municipio,,,,31965,11707,8829,11614,8736,8824,total
14,Jalisco,078,San Miguel el Alto,0001,San Miguel el Alto,"102°23'53.000"" W","21°01'50.000"" N",1849,25925,9299,7194,9216,7111,7190,cabecera_municipal
14,Jalisco,079,Gómez Farías,0000,Total del Municipio,,,,16431,5089,3940,5083,3934,3937,total
14,Jalisco,079,Gómez Farías,0001,San Sebastián del Sur,"103°28'23.000"" W","19°47'40.000"" N",1505,8909,2526,2114,2524,2112,2113,cabecera_municipal
14,Jalisco,080,San Sebastián del Oeste,0000,Total del Municipio,,,,5086,2482,1578,2477,1573,1578,total
14,Jalisco,080,San Sebastián del Oeste,0001,San Sebastián del Oeste,"104°51'06.000"" W","20°45'39.000"" N",1380,632,353,187,350,184,187,cabecera_municipal
14,Jalisco,081,Santa María de los Ángeles,0000,Total del Municipio,,,,3515,1829,1081,1826,1078,1081,total
14,Jalisco,081,Santa María de los Ángeles,0001,Santa María de los Ángeles,"103°13'23.000"" W","22°10'24.000"" N",1703,927,456,297,455,296,297,cabecera_municipal
14,Jalisco,082,Sayula,0000,Total del Municipio,,,,37186,11563,9463,11465,9365,9439,total
14,Jalisco,082,Sayula,0001,Sayula,"103°35'50.000"" W","19°53'01.000"" N",1360,28145,9078,7411,8992,7325,7393,cabecera_municipal
14,Jalisco,083,Tala,0000,Total del Municipio,,,,87690,36348,24943,36240,24835,24941,total
14,Jalisco,083,Tala,0001,Tala,"103°42'10.000"" W","20°39'09.000"" N",1334,40906,15026,11764,14970,11708,11763,cabecera_municipal
14,Jalisco,084,Talpa de Allende,0000,Total del Municipio,,,,14997,5748,4396,5602,4250,4393,total
14,Jalisco,084,Talpa de Allende,0001,Talpa de Allende,"104°49'05.000"" W","20°22'53.000"" N",1178,10112,3568,2910,3431,2773,2907,cabecera_municipal
14,Jalisco,085,Tamazula de Gordiano,0000,Total del Municipio,,,,38955,15963,11559,15933,11529,11553,total
14,Jalisco,085,Tamazula de Gordiano,0001,Tamazula de Gordiano,"103°15'00.000"" W","19°40'35.000"" N",1117,19113,7282,5788,7269,5775,5786,cabecera_municipal
14,Jalisco,086,Tapalpa,0000,Total del Municipio,,,,21245,7764,4839,7749,4824,4831,total
14,Jalisco,086,Tapalpa,0001,Tapalpa,"103°45'15.000"" W","19°56'44.000"" N",2098,5955,2401,1479,2398,1476,1476,cabecera_municipal
14,Jalisco,087,Tecalitlán,0000,Total del Municipio,,,,16705,6462,4885,6326,4749,4881,total
14,Jalisco,087,Tecalitlán,0001,Tecalitlán,"103°18'24.000"" W","19°28'10.000"" N",1137,13243,5051,3941,4920,3810,3938,cabecera_municipal
14,Jalisco,088,Tecolotlán,0000,Total del Municipio,,,,16603,7419,5001,7334,4916,4998,total
14,Jalisco,088,Tecolotlán,0001,Tecolotlán,"104°02'42.000"" W","20°12'13.000"" N",1220,9668,3966,2882,3907,2823,2879,cabecera_municipal
14,Jalisco,089,Techaluta de Montenegro,0000,Total del Municipio,,,,4072,1511,1096,1511,1096,1096,total
14,Jalisco,089,Techaluta de Montenegro,0001,Techaluta de Montenegro,"103°33'06.000"" W","20°04'27.000"" N",1411,2856,1061,771,1061,771,771,cabecera_municipal
14,Jalisco,090,Tenamaxtlán,0000,Total del Municipio,,,,7302,3374,2261,3367,2254,2259,total
14,Jalisco,090,Tenamaxtlán,0001,Tenamaxtlán,"104°09'37.000"" W","20°13'07.000"" N",1480,4940,2165,1548,2159,1542,1546,cabecera_municipal
14,Jalisco,091,Teocaltiche,0000,Total del Municipio,,,,39839,15816,11047,15680,10911,11045,total
14,Jalisco,091,Teocaltiche,0001,Teocaltiche,"102°34'13.000"" W","21°26'04.000"" N",1761,24580,9389,6841,9289,6741,6839,cabecera_municipal
14,Jalisco,092,Teocuitatlán de Corona,0000,Total del Municipio,,,,11039,5081,3280,5039,3238,3277,total
14,Jalisco,092,Teocuitatlán de Corona,0001,Teocuitatlán de Corona,"103°22'48.000"" W","20°05'36.000"" N",1378,3986,1706,1148,1703,1145,1145,cabecera_municipal
14,Jalisco,093,Tepatitlán de Morelos,0000,Total del Municipio,,,,150190,52997,40899,52905,40807,40868,total
14,Jalisco,093,Tepatitlán de Morelos,0001,Tepatitlán de Morelos,"102°45'26.000"" W","20°49'03.000"" N",1785,98842,32972,27026,32920,26974,27004,cabecera_municipal
14,Jalisco,094,Tequila,0000,Total del Municipio,,,,44353,13555,11150,13517,11112,11140,total
14,Jalisco,094,Tequila,0001,Tequila,"103°50'08.328"" W","20°52'45.982"" N",1201,31115,9314,7864,9292,7842,7857,cabecera_municipal
14,Jalisco,095,Teuchitlán,0000,Total del Municipio,,,,9647,3822,2712,3725,2615,2711,total
14,Jalisco,095,Teuchitlán,0001,Teuchitlán,"103°50'57.000"" W","20°41'07.000"" N",1275,3950,1737,1143,1706,1112,1143,cabecera_municipal
14,Jalisco,096,Tizapán el Alto,0000,Total del Municipio,,,,22758,8971,6317,8938,6284,6311,total
14,Jalisco,096,Tizapán el Alto,0001,Tizapán el Alto,"103°02'21.000"" W","20°09'31.000"" N",1541,16324,6179,4540,6155,4516,4536,cabecera_municipal
14,Jalisco,097,Tlajomulco de Zúñiga,0000,Total del Municipio,,,,727750,304504,212350,297855,205701,212301,total
14,Jalisco,097,Tlajomulco de Zúñiga,0001,Tlajomulco de Zúñiga,"103°26'35.000"" W","20°28'25.000"" N",1585,44103,15190,12048,15039,11897,12045,cabecera_municipal
14,Jalisco,098,San Pedro Tlaquepaque,0000,Total del Municipio,,,,687127,209978,185374,197321,172717,185279,total
14,Jalisco,098,San Pedro Tlaquepaque,0001,Tlaquepaque,"103°18'26.000"" W","20°38'19.000"" N",1569,650123,197688,174879,186169,163360,174792,cabecera_municipal
14,Jalisco,099,Tolimán,0000,Total del Municipio,,,,11219,3415,2621,3412,2618,2618,total
14,Jalisco,099,Tolimán,0001,Tolimán,"103°54'52.000"" W","19°36'00.000"" N",0737,1451,638,427,637,426,426,cabecera_municipal
14,Jalisco,100,Tomatlán,0000,Total del Municipio,,,,36316,13759,10381,13286,9908,10378,total
14,Jalisco,100,Tomatlán,0001,Tomatlán,"105°14'42.981"" W","19°56'29.490"" N",0042,9842,3755,2914,3544,2703,2911,cabecera_municipal
14,Jalisco,101,Tonalá,0000,Total del Municipio,,,,569913,175986,150521,160516,135051,150488,total
14,Jalisco,101,Tonalá,0001,Tonalá,"103°14'44.000"" W","20°37'24.000"" N",1653,442440,127520,114044,116417,102941,114014,cabecera_municipal
14,Jalisco,102,Tonaya,0000,Total del Municipio,,,,5961,2619,1810,2618,1809,1810,total
14,Jalisco,102,Tonaya,0001,Tonaya,"103°58'15.000"" W","19°47'03.000"" N",0820,3706,1481,1116,1480,1115,1116,cabecera_municipal
14,Jalisco,103,Tonila,0000,Total del Municipio,,,,7565,3058,2156,3043,2141,2154,total
14,Jalisco,103,Tonila,0001,Tonila,"103°32'58.000"" W","19°24'39.000"" N",1241,3226,1244,948,1235,939,947,cabecera_municipal
14,Jalisco,104,Totatiche,0000,Total del Municipio,,,,4180,2343,1331,2279,1267,1329,total
14,Jalisco,104,Totatiche,0001,Totatiche,"103°26'37.000"" W","21°55'43.000"" N",1760,1338,771,426,745,400,424,cabecera_municipal
14,Jalisco,105,Tototlán,0000,Total del Municipio,,,,23573,8528,6480,8408,6360,6478,total
14,Jalisco,105,Tototlán,0001,Tototlán,"102°47'21.183"" W","20°32'37.009"" N",1548,13809,4765,3753,4682,3670,3751,cabecera_municipal
14,Jalisco,106,Tuxcacuesco,0000,Total del Municipio,,,,5482,1876,1287,1857,1268,1283,total
14,Jalisco,106,Tuxcacuesco,0001,Tuxcacuesco,"103°59'00.913"" W","19°41'49.991"" N",0720,1674,661,466,657,462,465,cabecera_municipal
14,Jalisco,107,Tuxcueca,0000,Total del Municipio,,,,6702,2832,1756,2829,1753,1755,total
14,Jalisco,107,Tuxcueca,0001,Tuxcueca,"103°11'02.000"" W","20°09'20.000"" N",1536,1424,599,416,598,415,415,cabecera_municipal
14,Jalisco,108,Tuxpan,0000,Total del Municipio,,,,37518,11978,9655,11941,9618,9649,total
14,Jalisco,108,Tuxpan,0001,Tuxpan,"103°22'20.000"" W","19°33'16.000"" N",1129,30471,9293,7721,9257,7685,7715,cabecera_municipal
14,Jalisco,109,Unión de San Antonio,0000,Total del Municipio,,,,19069,6996,4942,6981,4927,4941,total
14,Jalisco,109,Unión de San Antonio,0001,Unión de San Antonio,"102°00'26.000"" W","21°07'41.000"" N",1927,8737,3110,2348,3109,2347,2347,cabecera_municipal
14,Jalisco,110,Unión de Tula,0000,Total del Municipio,,,,13799,6050,4126,6040,4116,4125,total
14,Jalisco,110,Unión de Tula,0001,Unión de Tula,"104°15'52.000"" W","19°57'16.000"" N",1340,9529,3977,2860,3971,2854,2859,cabecera_municipal
14,Jalisco,111,Valle de Guadalupe,0000,Total del Municipio,,,,6627,2644,1859,2601,1816,1858,total
14,Jalisco,111,Valle de Guadalupe,0001,Valle de Guadalupe,"102°37'03.961"" W","21°00'38.153"" N",1826,4628,1915,1363,1880,1328,1362,cabecera_municipal
14,Jalisco,112,Valle de Juárez,0000,Total del Municipio,,,,6151,3012,1882,3011,1881,1881,total
14,Jalisco,112,Valle de Juárez,0001,Valle de Juárez,"102°56'25.000"" W","19°56'01.000"" N",1943,4418,2140,1364,2139,1363,1363,cabecera_municipal
14,Jalisco,113,San Gabriel,0000,Total del Municipio,,,,16548,5615,4211,5535,4131,4207,total
14,Jalisco,113,San Gabriel,0001,San Gabriel,"103°45'59.249"" W","19°44'52.018"" N",1263,5109,1923,1492,1873,1442,1489,cabecera_municipal
14,Jalisco,114,Villa Corona,0000,Total del Municipio,,,,19063,7463,5093,7449,5079,5086,total
14,Jalisco,114,Villa Corona,0001,Villa Corona,"103°39'41.000"" W","20°24'59.000"" N",1365,8485,3108,2313,3105,2310,2311,cabecera_municipal
14,Jalisco,115,Villa Guerrero,0000,Total del Municipio,,,,5525,2501,1659,2499,1657,1658,total
14,Jalisco,115,Villa Guerrero,0001,Villa Guerrero,"103°35'48.000"" W","21°58'59.000"" N",1764,4023,1833,1263,1831,1261,1262,cabecera_municipal
14,Jalisco,116,Villa Hidalgo,0000,Total del Municipio,,,,20088,7962,5612,7953,5603,5610,total
14,Jalisco,116,Villa Hidalgo,0001,Villa Hidalgo,"102°35'07.000"" W","21°40'28.000"" N",1948,15594,5677,4281,5673,4277,4279,cabecera_municipal
14,Jalisco,117,Cañadas de Obregón,0000,Total del Municipio,,,,4388,2402,1396,2398,1392,1396,total
14,Jalisco,117,Cañadas de Obregón,0001,Cañadas de Obregón,"102°41'07.000"" W","21°08'55.000"" N",1868,3024,1543,933,1540,930,933,cabecera_municipal
14,Jalisco,118,Yahualica de González Gallo,0000,Total del Municipio,,,,22394,11251,6937,11155,6841,6933,total
14,Jalisco,118,Yahualica de González Gallo,0001,Yahualica de González Gallo,"102°53'14.000"" W","21°10'57.000"" N",1825,14497,6697,4514,6667,4484,4511,cabecera_municipal
14,Jalisco,119,Zacoalco de Torres,0000,Total del Municipio,,,,30472,10268,7791,10199,7722,7743,total
14,Jalisco,119,Zacoalco de Torres,0001,Zacoalco de Torres,"103°33'55.000"" W","20°13'43.000"" N",1356,20345,6146,4897,6105,4856,4858,cabecera_municipal
14,Jalisco,120,Zapopan,0000,Total del Municipio,,,,1476491,494654,425409,440537,371292,425194,total
14,Jalisco,120,Zapopan,0001,Zapopan,"103°23'20.356"" W","20°43'15.463"" N",1577,1257547,409334,363694,362151,316511,363503,cabecera_municipal
14,Jalisco,121,Zapotiltic,0000,Total del Municipio,,,,33713,11584,9062,11556,9034,9041,total
14,Jalisco,121,Zapotiltic,0001,Zapotiltic,"103°24'45.000"" W","19°37'32.000"" N",1295,27260,8995,7252,8969,7226,7231,cabecera_municipal
14,Jalisco,122,Zapotitlán de Vadillo,0000,Total del Municipio,,,,7466,2790,1963,2789,1962,1963,total
14,Jalisco,122,Zapotitlán de Vadillo,0001,Zapotitlán de Vadillo,"103°48'45.746"" W","19°32'53.311"" N",1127,4214,1395,1059,1394,1058,1059,cabecera_municipal
14,Jalisco,123,Zapotlán del Rey,0000,Total del Municipio,,,,19279,6798,5168,6797,5167,5168,total
14,Jalisco,123,Zapotlán del Rey,0001,Zapotlán del Rey,"102°55'34.000"" W","20°27'59.000"" N",1559,3330,1262,967,1261,966,967,cabecera_municipal
14,Jalisco,124,Zapotlanejo,0000,Total del Municipio,,,,64806,24167,17977,23756,17566,17972,total
14,Jalisco,124,Zapotlanejo,0001,Zapotlanejo,"103°03'51.000"" W","20°37'21.000"" N",1530,33284,11725,9401,11375,9051,9397,cabecera_municipal
14,Jalisco,125,San Ignacio Cerro Gordo,0000,Total del Municipio,,,,18341,6732,4894,6615,4777,4891,total
14,Jalisco,125,San Ignacio Cerro Gordo,0001,San Ignacio Cerro Gordo,"102°32'10.000"" W","20°44'35.000"" N",2075,10521,3782,2873,3724,2815,2870,cabecera_municipal
15,México,000,Total de la entidad México,0000,Total de la Entidad,,,,16992418,5403492,4569533,5137408,4303449,4568635,total
15,México,001,Acambay de Ruíz Castañeda,0000,Total del Municipio,,,,67872,23788,17393,23307,16912,17393,total
15,México,001,Acambay de Ruíz Castañeda,0001,Villa de Acambay de Ruíz Castañeda," 99°50'38.515"" W","19°57'22.423"" N",2564,5988,2078,1583,1961,1466,1583,cabecera_municipal
15,México,002,Acolman,0000,Total del Municipio,,,,171507,52865,45406,49284,41825,45395,total
15,México,002,Acolman,0001,Acolman de Nezahualcóyotl," 98°54'42.860"" W","19°38'07.832"" N",2321,6449,2042,1797,1907,1662,1797,cabecera_municipal
15,México,003,Aculco,0000,Total del Municipio,,,,49266,16288,13111,15908,12731,13109,total
15,México,003,Aculco,0001,Aculco de Espinoza," 99°49'40.766"" W","20°05'57.790"" N",2428,1957,794,605,731,542,603,cabecera_municipal
15,México,004,Almoloya de Alquisiras,0000,Total del Municipio,,,,15333,6755,4191,6710,4146,4189,total
15,México,004,Almoloya de Alquisiras,0001,Almoloya de Alquisiras," 99°53'37.681"" W","18°52'02.038"" N",1962,3158,1328,874,1327,873,874,cabecera_municipal
15,México,005,Almoloya de Juárez,0000,Total del Municipio,,,,174587,58495,42214,56301,40020,42209,total
15,México,005,Almoloya de Juárez,0001,Villa de Almoloya de Juárez," 99°45'30.787"" W","19°22'09.455"" N",2612,3021,979,835,948,804,835,cabecera_municipal
15,México,006,Almoloya del Río,0000,Total del Municipio,,,,12694,3555,2925,3548,2918,2925,total
15,México,006,Almoloya del Río,0001,Almoloya del Río," 99°29'19.830"" W","19°09'33.791"" N",2609,10792,3025,2505,3018,2498,2505,cabecera_municipal
15,México,007,Amanalco,0000,Total del Municipio,,,,23675,7334,6081,6974,5721,6079,total
15,México,007,Amanalco,0001,Amanalco de Becerra,"100°01'11.935"" W","19°15'08.557"" N",2327,1517,569,440,517,388,440,cabecera_municipal
15,México,008,Amatepec,0000,Total del Municipio,,,,25244,9878,6936,9872,6930,6936,total
15,México,008,Amatepec,0001,Amatepec,"100°11'09.772"" W","18°41'00.566"" N",1825,1911,666,534,665,533,534,cabecera_municipal
15,México,009,Amecameca,0000,Total del Municipio,,,,53441,15555,13454,14344,12243,13447,total
15,México,009,Amecameca,0001,Amecameca de Juárez," 98°46'11.318"" W","19°07'43.266"" N",2461,33716,10068,8713,9407,8052,8711,cabecera_municipal
15,México,010,Apaxco,0000,Total del Municipio,,,,31898,9367,8169,9172,7974,8169,total
15,México,010,Apaxco,0001,Apaxco de Ocampo," 99°10'26.986"" W","19°58'31.169"" N",2183,15171,4558,3983,4470,3895,3983,cabecera_municipal
15,México,011,Atenco,0000,Total del Municipio,,,,75489,21508,18736,20413,17641,18733,total
15,México,011,Atenco,0001,San Salvador Atenco," 98°54'48.051"" W","19°33'33.621"" N",2242,19823,5269,4756,5101,4588,4755,cabecera_municipal
15,México,012,Atizapán,0000,Total del Municipio,,,,12984,3459,2856,3397,2794,2856,total
15,México,012,Atizapán,0001,Santa Cruz Atizapán," 99°29'16.591"" W","19°10'36.328"" N",2590,10873,2782,2342,2722,2282,2342,cabecera_municipal
15,México,013,Atizapán de Zaragoza,0000,Total del Municipio,,,,523674,160533,150388,149701,139556,150367,total
15,México,013,Atizapán de Zaragoza,0001,Ciudad López Mateos," 99°14'06.147"" W","19°32'35.414"" N",2274,523065,160226,150192,149479,139445,150171,cabecera_municipal
15,México,014,Atlacomulco,0000,Total del Municipio,,,,109384,37399,27885,37356,27842,27878,total
15,México,014,Atlacomulco,0001,Atlacomulco de Fabela," 99°52'27.314"" W","19°48'00.103"" N",2573,23219,9187,6854,9163,6830,6850,cabecera_municipal
15,México,015,Atlautla,0000,Total del Municipio,,,,31900,9831,7510,9420,7099,7506,total
15,México,015,Atlautla,0001,Atlautla de Victoria," 98°46'57.599"" W","19°01'51.099"" N",2358,12477,3445,2868,3296,2719,2868,cabecera_municipal
15,México,016,Axapusco,0000,Total del Municipio,,,,29128,10139,7757,9982,7600,7756,total
15,México,016,Axapusco,0001,Axapusco," 98°45'29.989"" W","19°43'28.049"" N",2344,3802,1361,1038,1345,1022,1038,cabecera_municipal
15,México,017,Ayapango,0000,Total del Municipio,,,,10053,3230,2593,3086,2449,2591,total
15,México,017,Ayapango,0001,Ayapango de Gabriel Ramos M.," 98°48'09.020"" W","19°07'37.997"" N",2441,3975,1346,1057,1296,1007,1057,cabecera_municipal
15,México,018,Calimaya,0000,Total del Municipio,,,,68489,22881,17285,22458,16862,17283,total
15,México,018,Calimaya,0001,Calimaya de Díaz González," 99°37'07.195"" W","19°09'47.610"" N",2691,13038,3324,2905,3192,2773,2905,cabecera_municipal
15,México,019,Capulhuac,0000,Total del Municipio,,,,36921,9940,8348,9860,8268,8346,total
15,México,019,Capulhuac,0001,Capulhuac de Mirafuentes," 99°27'51.870"" W","19°11'35.244"" N",2622,21224,5364,4660,5290,4586,4659,cabecera_municipal
15,México,020,Coacalco de Berriozábal,0000,Total del Municipio,,,,293444,102024,89726,95940,83642,89711,total
15,México,020,Coacalco de Berriozábal,0001,San Francisco Coacalco," 99°06'15.758"" W","19°37'45.476"" N",2291,293245,101976,89679,95916,83619,89664,cabecera_municipal
15,México,021,Coatepec Harinas,0000,Total del Municipio,,,,38643,12675,9286,12569,9180,9286,total
15,México,021,Coatepec Harinas,0001,Coatepec Harinas," 99°46'06.667"" W","18°55'32.558"" N",2262,6944,2283,1759,2207,1683,1759,cabecera_municipal
15,México,022,Cocotitlán,0000,Total del Municipio,,,,15107,4686,3887,4666,3867,3887,total
15,México,022,Cocotitlán,0001,Cocotitlán," 98°51'43.027"" W","19°13'51.080"" N",2261,10290,3072,2657,3059,2644,2657,cabecera_municipal
15,México,023,Coyotepec,0000,Total del Municipio,,,,40885,11026,9867,10584,9425,9865,total
15,México,023,Coyotepec,0001,Coyotepec," 99°12'28.729"" W","19°46'31.827"" N",2305,37442,10076,9048,9664,8636,9046,cabecera_municipal
15,México,024,Cuautitlán,0000,Total del Municipio,,,,178847,64044,52220,61262,49438,52208,total
15,México,024,Cuautitlán,0001,Cuautitlán," 99°10'43.069"" W","19°39'54.221"" N",2251,117995,39504,34048,37943,32487,34037,cabecera_municipal
15,México,025,Chalco,0000,Total del Municipio,,,,400057,137236,104464,131297,98525,104440,total
15,México,025,Chalco,0001,Chalco de Díaz Covarrubias," 98°53'44.357"" W","19°15'40.074"" N",2237,174704,53628,45578,49688,41638,45561,cabecera_municipal
15,México,026,Chapa de Mota,0000,Total del Municipio,,,,31737,10152,7853,10148,7849,7853,total
15,México,026,Chapa de Mota,0001,Chapa de Mota," 99°31'33.582"" W","19°48'48.475"" N",2625,865,309,231,309,231,231,cabecera_municipal
15,México,027,Chapultepec,0000,Total del Municipio,,,,12772,5198,3374,5093,3269,3374,total
15,México,027,Chapultepec,0001,Chapultepec," 99°33'42.742"" W","19°12'04.185"" N",2583,7120,2047,1738,2001,1692,1738,cabecera_municipal
15,México,028,Chiautla,0000,Total del Municipio,,,,30045,8755,7779,8552,7576,7779,total
15,México,028,Chiautla,0001,Chiautla," 98°52'52.856"" W","19°32'55.147"" N",2249,10810,3270,2866,3150,2746,2866,cabecera_municipal
15,México,029,Chicoloapan,0000,Total del Municipio,,,,200750,65368,54674,60175,49481,54664,total
15,México,029,Chicoloapan,0001,Chicoloapan de Juárez," 98°54'07.244"" W","19°25'00.355"" N",2259,193532,63104,52823,58177,47896,52813,cabecera_municipal
15,México,030,Chiconcuac,0000,Total del Municipio,,,,27692,6789,6128,6160,5499,6127,total
15,México,030,Chiconcuac,0001,Chiconcuac de Juárez," 98°53'43.105"" W","19°33'09.800"" N",2245,25868,6338,5732,5762,5156,5731,cabecera_municipal
15,México,031,Chimalhuacán,0000,Total del Municipio,,,,705193,198918,180791,184282,166155,180767,total
15,México,031,Chimalhuacán,0001,Chimalhuacán," 98°56'43.077"" W","19°25'00.867"" N",2257,703215,198324,180308,183705,165689,180284,cabecera_municipal
15,México,032,Donato Guerra,0000,Total del Municipio,,,,37436,11189,8470,11103,8384,8467,total
15,México,032,Donato Guerra,0001,Villa Donato Guerra,"100°08'38.981"" W","19°18'30.720"" N",2196,1013,353,262,353,262,262,cabecera_municipal
15,México,033,Ecatepec de Morelos,0000,Total del Municipio,,,,1645352,502825,448688,486561,432424,448623,total
15,México,033,Ecatepec de Morelos,0001,Ecatepec de Morelos," 99°02'56.971"" W","19°35'56.650"" N",2259,1643623,502331,448205,486073,431947,448140,cabecera_municipal
15,México,034,Ecatzingo,0000,Total del Municipio,,,,10827,3205,2712,3204,2711,2712,total
15,México,034,Ecatzingo,0001,Ecatzingo de Hidalgo," 98°45'09.353"" W","18°57'31.374"" N",2400,8294,2441,2083,2440,2082,2083,cabecera_municipal
15,México,035,Huehuetoca,0000,Total del Municipio,,,,163244,84565,46674,80338,42447,46672,total
15,México,035,Huehuetoca,0001,Huehuetoca," 99°12'14.897"" W","19°50'01.038"" N",2255,11760,4309,3278,4243,3212,3278,cabecera_municipal
15,México,036,Hueypoxtla,0000,Total del Municipio,,,,46757,13575,11577,13123,11125,11576,total
15,México,036,Hueypoxtla,0001,Hueypoxtla," 99°04'42.132"" W","19°54'25.342"" N",2261,4767,1528,1257,1478,1207,1257,cabecera_municipal
15,México,037,Huixquilucan,0000,Total del Municipio,,,,284965,91871,82051,79775,69955,82032,total
15,México,037,Huixquilucan,0001,Huixquilucan de Degollado," 99°21'06.090"" W","19°21'36.648"" N",2720,10735,3097,2790,2957,2650,2786,cabecera_municipal
15,México,038,Isidro Fabela,0000,Total del Municipio,,,,11929,3706,3017,3575,2886,3016,total
15,México,038,Isidro Fabela,0001,Tlazala de Fabela," 99°25'02.568"" W","19°33'20.129"" N",2820,2399,707,593,672,558,593,cabecera_municipal
15,México,039,Ixtapaluca,0000,Total del Municipio,,,,542211,176264,146994,163404,134134,146962,total
15,México,039,Ixtapaluca,0001,Ixtapaluca," 98°53'03.290"" W","19°18'47.176"" N",2242,368585,116077,99512,108134,91569,99488,cabecera_municipal
15,México,040,Ixtapan de la Sal,0000,Total del Municipio,,,,36911,14175,9856,14055,9736,9852,total
15,México,040,Ixtapan de la Sal,0001,Ixtapan de la Sal," 99°40'32.962"" W","18°50'40.580"" N",1880,19326,6878,5124,6793,5039,5120,cabecera_municipal
15,México,041,Ixtapan del Oro,0000,Total del Municipio,,,,6475,2391,1680,2304,1593,1679,total
15,México,041,Ixtapan del Oro,0001,Ixtapan del Oro,"100°15'51.176"" W","19°15'44.136"" N",1656,944,377,246,352,221,245,cabecera_municipal
15,México,042,Ixtlahuaca,0000,Total del Municipio,,,,160139,45753,38312,45205,37764,38306,total
15,México,042,Ixtlahuaca,0001,Ixtlahuaca de Rayón," 99°46'09.362"" W","19°34'11.330"" N",2547,7077,2494,1939,2404,1849,1937,cabecera_municipal
15,México,043,Xalatlaco,0000,Total del Municipio,,,,30687,8373,7103,8130,6860,7101,total
15,México,043,Xalatlaco,0001,Xalatlaco," 99°24'49.450"" W","19°11'03.792"" N",2790,17121,4444,3850,4356,3762,3848,cabecera_municipal
15,México,044,Jaltenco,0000,Total del Municipio,,,,28217,8627,7639,8120,7132,7638,total
15,México,044,Jaltenco,0001,Jaltenco," 99°05'38.513"" W","19°45'07.996"" N",2245,12785,3632,3158,3406,2932,3157,cabecera_municipal
15,México,045,Jilotepec,0000,Total del Municipio,,,,87671,28175,22966,26593,21384,22962,total
15,México,045,Jilotepec,0001,Jilotepec de Molina Enríquez," 99°31'58.183"" W","19°57'10.204"" N",2453,12671,4196,3563,3752,3119,3562,cabecera_municipal
15,México,046,Jilotzingo,0000,Total del Municipio,,,,19877,6079,5046,5736,4703,5045,total
15,México,046,Jilotzingo,0001,Santa Ana Jilotzingo," 99°23'49.686"" W","19°32'20.105"" N",2764,998,360,260,339,239,260,cabecera_municipal
15,México,047,Jiquipilco,0000,Total del Municipio,,,,76826,23486,19034,22968,18516,19033,total
15,México,047,Jiquipilco,0001,Jiquipilco," 99°36'30.959"" W","19°33'27.356"" N",2751,2106,737,590,720,573,590,cabecera_municipal
15,México,048,Jocotitlán,0000,Total del Municipio,,,,69264,22268,17752,22258,17742,17749,total
15,México,048,Jocotitlán,0001,Ciudad de Jocotitlán," 99°47'08.871"" W","19°42'42.544"" N",2683,7965,2855,2196,2853,2194,2195,cabecera_municipal
15,México,049,Joquicingo,0000,Total del Municipio,,,,15428,4763,3593,4758,3588,3592,total
15,México,049,Joquicingo,0001,Joquicingo de León Guzmán," 99°31'54.544"" W","19°02'57.222"" N",2629,4832,1648,1187,1646,1185,1186,cabecera_municipal
15,México,050,Juchitepec,0000,Total del Municipio,,,,27116,7597,6888,7187,6478,6884,total
15,México,050,Juchitepec,0001,Juchitepec de Mariano Rivapalacio," 98°52'51.296"" W","19°06'06.883"" N",2532,17736,4998,4517,4697,4216,4514,cabecera_municipal
15,México,051,Lerma,0000,Total del Municipio,,,,170327,53035,42550,52183,41698,42543,total
15,México,051,Lerma,0001,Lerma de Villada," 99°30'42.541"" W","19°17'07.344"" N",2582,33166,12457,9421,12048,9012,9419,cabecera_municipal
15,México,052,Malinalco,0000,Total del Municipio,,,,28155,10171,7417,10155,7401,7410,total
15,México,052,Malinalco,0001,Malinalco," 99°29'51.235"" W","18°57'08.430"" N",1765,8921,3307,2410,3300,2403,2409,cabecera_municipal
15,México,053,Melchor Ocampo,0000,Total del Municipio,,,,61220,17925,15279,17542,14896,15278,total
15,México,053,Melchor Ocampo,0001,Melchor Ocampo," 99°08'36.450"" W","19°42'37.490"" N",2270,44731,13269,11268,12984,10983,11267,cabecera_municipal
15,México,054,Metepec,0000,Total del Municipio,,,,242307,75715,68154,70447,62886,68140,total
15,México,054,Metepec,0001,Metepec," 99°36'16.170"" W","19°15'08.712"" N",2622,30203,9157,8188,8454,7485,8185,cabecera_municipal
15,México,055,Mexicaltzingo,0000,Total del Municipio,,,,13807,4046,3305,4002,3261,3302,total
15,México,055,Mexicaltzingo,0001,San Mateo Mexicaltzingo," 99°35'12.674"" W","19°12'39.994"" N",2600,10854,3232,2659,3196,2623,2656,cabecera_municipal
15,México,056,Morelos,0000,Total del Municipio,,,,33164,12141,8174,12040,8073,8174,total
15,México,056,Morelos,0001,San Bartolo Morelos," 99°40'03.973"" W","19°47'13.122"" N",2729,1981,763,524,761,522,524,cabecera_municipal
15,México,057,Naucalpan de Juárez,0000,Total del Municipio,,,,834434,257677,240246,242263,224832,240186,total
15,México,057,Naucalpan de Juárez,0001,Naucalpan de Juárez," 99°13'59.585"" W","19°28'43.690"" N",2280,776220,240828,225509,225974,210655,225450,cabecera_municipal
15,México,058,Nezahualcóyotl,0000,Total del Municipio,,,,1077208,318867,298004,301986,281123,297958,total
15,México,058,Nezahualcóyotl,0001,Ciudad Nezahualcóyotl," 99°01'05.520"" W","19°24'31.548"" N",2262,1072676,318806,297975,301936,281105,297930,cabecera_municipal
15,México,059,Nextlalpan,0000,Total del Municipio,,,,57082,23391,15855,23141,15605,15855,total
15,México,059,Nextlalpan,0001,Santa Ana Nextlalpan," 99°04'49.215"" W","19°44'23.519"" N",2239,16596,4852,4190,4841,4179,4190,cabecera_municipal
15,México,060,Nicolás Romero,0000,Total del Municipio,,,,430601,132142,114782,128178,110818,114765,total
15,México,060,Nicolás Romero,0001,Ciudad Nicolás Romero," 99°18'57.233"" W","19°37'32.574"" N",2387,323545,98539,87079,95488,84028,87064,cabecera_municipal
15,México,061,Nopaltepec,0000,Total del Municipio,,,,10351,3612,2888,3570,2846,2888,total
15,México,061,Nopaltepec,0001,Nopaltepec," 98°42'34.359"" W","19°46'43.674"" N",2448,3941,1497,1119,1486,1108,1119,cabecera_municipal
15,México,062,Ocoyoacac,0000,Total del Municipio,,,,72103,20844,17339,20549,17044,17335,total
15,México,062,Ocoyoacac,0001,Ocoyoacac," 99°27'20.503"" W","19°16'09.411"" N",2599,29068,8027,6968,8001,6942,6967,cabecera_municipal
15,México,063,Ocuilan,0000,Total del Municipio,,,,36223,11440,8791,11419,8770,8791,total
15,México,063,Ocuilan,0001,Ocuilan de Arteaga," 99°25'00.999"" W","18°58'44.731"" N",2339,2302,770,582,767,579,582,cabecera_municipal
15,México,064,El Oro,0000,Total del Municipio,,,,36937,12777,9219,12464,8906,9215,total
15,México,064,El Oro,0001,El Oro de Hidalgo,"100°07'50.393"" W","19°48'07.715"" N",2739,5970,2121,1582,2044,1505,1580,cabecera_municipal
15,México,065,Otumba,0000,Total del Municipio,,,,36331,11152,9312,11110,9270,9307,total
15,México,065,Otumba,0001,Otumba de Gómez Farías," 98°45'27.699"" W","19°41'59.473"" N",2358,9925,3391,2835,3382,2826,2833,cabecera_municipal
15,México,066,Otzoloapan,0000,Total del Municipio,,,,4891,1873,1272,1871,1270,1271,total
15,México,066,Otzoloapan,0001,Otzoloapan,"100°17'51.762"" W","19°07'02.670"" N",1363,1747,711,465,710,464,464,cabecera_municipal
15,México,067,Otzolotepec,0000,Total del Municipio,,,,88783,24650,20537,23990,19877,20530,total
15,México,067,Otzolotepec,0001,Villa Cuauhtémoc," 99°33'30.922"" W","19°24'58.343"" N",2576,12863,3350,3026,3259,2935,3022,cabecera_municipal
15,México,068,Ozumba,0000,Total del Municipio,,,,30785,8575,7270,8243,6938,7266,total
15,México,068,Ozumba,0001,Ozumba de Alzate," 98°47'43.402"" W","19°02'21.037"" N",2338,18580,4944,4354,4665,4075,4351,cabecera_municipal
15,México,069,Papalotla,0000,Total del Municipio,,,,4862,1428,1234,1417,1223,1231,total
15,México,069,Papalotla,0001,Papalotla," 98°51'29.553"" W","19°33'48.159"" N",2253,4784,1410,1218,1399,1207,1215,cabecera_municipal
15,México,070,La Paz,0000,Total del Municipio,,,,304088,86503,78198,78016,69711,78179,total
15,México,070,La Paz,0001,Los Reyes Acaquilpan," 98°58'35.766"" W","19°21'30.193"" N",2245,84298,24316,22578,21997,20259,22568,cabecera_municipal
15,México,071,Polotitlán,0000,Total del Municipio,,,,14985,5016,4020,5012,4016,4018,total
15,México,071,Polotitlán,0001,Polotitlán de la Ilustración," 99°48'53.082"" W","20°13'25.714"" N",2314,3211,1172,919,1169,916,918,cabecera_municipal
15,México,072,Rayón,0000,Total del Municipio,,,,15972,4398,3773,4390,3765,3772,total
15,México,072,Rayón,0001,Santa María Rayón," 99°34'54.261"" W","19°08'52.838"" N",2592,9540,2514,2235,2511,2232,2235,cabecera_municipal
15,México,073,San Antonio la Isla,0000,Total del Municipio,,,,31962,11587,8524,11507,8444,8524,total
15,México,073,San Antonio la Isla,0001,San Antonio la Isla," 99°34'09.609"" W","19°09'50.758"" N",2590,17075,4901,4066,4875,4040,4066,cabecera_municipal
15,México,074,San Felipe del Progreso,0000,Total del Municipio,,,,144924,40532,32830,40045,32343,32829,total
15,México,074,San Felipe del Progreso,0001,San Felipe del Progreso," 99°57'11.860"" W","19°42'50.127"" N",2571,5280,1878,1515,1823,1460,1515,cabecera_municipal
15,México,075,San Martín de las Pirámides,0000,Total del Municipio,,,,29182,8923,7703,8477,7257,7703,total
15,México,075,San Martín de las Pirámides,0001,San Martín de las Pirámides," 98°50'04.288"" W","19°42'17.436"" N",2301,14283,4352,3865,4121,3634,3865,cabecera_municipal
15,México,076,San Mateo Atenco,0000,Total del Municipio,,,,97418,26738,23063,25371,21696,23062,total
15,México,076,San Mateo Atenco,0001,San Mateo Atenco," 99°31'47.000"" W","19°15'51.000"" N",2571,88734,23775,20674,22714,19613,20673,cabecera_municipal
15,México,077,San Simón de Guerrero,0000,Total del Municipio,,,,6692,2494,1719,2490,1715,1719,total
15,México,077,San Simón de Guerrero,0001,San Simón de Guerrero,"100°00'26.201"" W","19°01'23.120"" N",2140,1067,445,302,442,299,302,cabecera_municipal
15,México,078,Santo Tomás,0000,Total del Municipio,,,,9729,3387,2631,3386,2630,2631,total
15,México,078,Santo Tomás,0001,Santo Tomás de los Plátanos,"100°15'35.212"" W","19°10'58.700"" N",1375,792,350,234,350,234,234,cabecera_municipal
15,México,079,Soyaniquilpan de Juárez,0000,Total del Municipio,,,,14323,5140,3964,5074,3898,3964,total
15,México,079,Soyaniquilpan de Juárez,0001,San Francisco Soyaniquilpan," 99°31'40.426"" W","20°00'50.008"" N",2398,5706,1970,1585,1952,1567,1585,cabecera_municipal
15,México,080,Sultepec,0000,Total del Municipio,,,,24145,8798,6187,8792,6181,6185,total
15,México,080,Sultepec,0001,Sultepec de Pedro Ascencio de Alquisiras," 99°57'59.147"" W","18°51'30.765"" N",2312,3880,1362,978,1356,972,976,cabecera_municipal
15,México,081,Tecámac,0000,Total del Municipio,,,,547503,207283,164401,185897,143015,164394,total
15,México,081,Tecámac,0001,Tecámac de Felipe Villanueva," 98°58'01.713"" W","19°42'36.746"" N",2271,18226,6835,5229,6818,5212,5228,cabecera_municipal
15,México,082,Tejupilco,0000,Total del Municipio,,,,79282,28505,19860,28461,19816,19851,total
15,México,082,Tejupilco,0001,Tejupilco de Hidalgo,"100°09'12.250"" W","18°54'20.507"" N",1328,30967,11115,8224,11082,8191,8218,cabecera_municipal
15,México,083,Temamatla,0000,Total del Municipio,,,,14130,4542,3731,4409,3598,3731,total
15,México,083,Temamatla,0001,Temamatla," 98°52'11.648"" W","19°12'09.866"" N",2260,6364,2148,1725,2092,1669,1725,cabecera_municipal
15,México,084,Temascalapa,0000,Total del Municipio,,,,43593,14977,11583,14923,11529,11582,total
15,México,084,Temascalapa,0001,Temascalapa," 98°54'02.996"" W","19°49'40.288"" N",2344,7125,2393,1945,2393,1945,1945,cabecera_municipal
15,México,085,Temascalcingo,0000,Total del Municipio,,,,66414,24684,17314,24377,17007,17310,total
15,México,085,Temascalcingo,0001,Temascalcingo de José María Velasco,"100°00'14.690"" W","19°54'57.281"" N",2390,14091,4623,3801,4565,3743,3798,cabecera_municipal
15,México,086,Temascaltepec,0000,Total del Municipio,,,,35014,11918,8633,11914,8629,8632,total
15,México,086,Temascaltepec,0001,Temascaltepec de González,"100°02'28.894"" W","19°02'35.069"" N",1719,2469,908,621,905,618,620,cabecera_municipal
15,México,087,Temoaya,0000,Total del Municipio,,,,105766,31886,24081,30449,22644,24079,total
15,México,087,Temoaya,0001,Temoaya," 99°35'41.662"" W","19°28'12.050"" N",2685,3630,1187,897,1150,860,897,cabecera_municipal
15,México,088,Tenancingo,0000,Total del Municipio,,,,104677,30960,25577,30700,25317,25558,total
15,México,088,Tenancingo,0001,Tenancingo de Degollado," 99°35'37.830"" W","18°57'42.589"" N",2029,14038,4368,3604,4319,3555,3594,cabecera_municipal
15,México,089,Tenango del Aire,0000,Total del Municipio,,,,11359,3447,2877,3344,2774,2876,total
15,México,089,Tenango del Aire,0001,Tenango del Aire," 98°51'40.664"" W","19°09'25.212"" N",2367,6426,1910,1645,1876,1611,1644,cabecera_municipal
15,México,090,Tenango del Valle,0000,Total del Municipio,,,,90518,25398,21106,25343,21051,21103,total
15,México,090,Tenango del Valle,0001,Tenango de Arista," 99°35'29.670"" W","19°06'13.539"" N",2606,24612,6706,5671,6676,5641,5668,cabecera_municipal
15,México,091,Teoloyucan,0000,Total del Municipio,,,,65459,17975,16143,17700,15868,16139,total
15,México,091,Teoloyucan,0001,Teoloyucan," 99°10'59.034"" W","19°44'43.676"" N",2280,52828,14482,13061,14242,12821,13057,cabecera_municipal
15,México,092,Teotihuacán,0000,Total del Municipio,,,,58507,18092,15800,17184,14892,15798,total
15,México,092,Teotihuacán,0001,Teotihuacán de Arista," 98°52'07.060"" W","19°41'07.726"" N",2269,24575,7712,6749,7367,6404,6748,cabecera_municipal
15,México,093,Tepetlaoxtoc,0000,Total del Municipio,,,,32564,9984,8425,9875,8316,8422,total
15,México,093,Tepetlaoxtoc,0001,Tepetlaoxtoc de Hidalgo," 98°49'10.987"" W","19°34'24.115"" N",2285,6738,2257,1860,2227,1830,1858,cabecera_municipal
15,México,094,Tepetlixpa,0000,Total del Municipio,,,,20500,6192,5120,6164,5092,5115,total
15,México,094,Tepetlixpa,0001,Tepetlixpa," 98°49'10.949"" W","19°01'46.254"" N",2322,14944,4245,3723,4242,3720,3721,cabecera_municipal
15,México,095,Tepotzotlán,0000,Total del Municipio,,,,103696,31708,27121,31065,26478,27116,total
15,México,095,Tepotzotlán,0001,Tepotzotlán," 99°13'24.652"" W","19°42'49.601"" N",2290,40279,12236,11041,11762,10567,11038,cabecera_municipal
15,México,096,Tequixquiac,0000,Total del Municipio,,,,39489,12484,10664,12300,10480,10664,total
15,México,096,Tequixquiac,0001,Tequixquiac," 99°08'56.087"" W","19°54'36.996"" N",2204,25697,8020,7010,7859,6849,7010,cabecera_municipal
15,México,097,Texcaltitlán,0000,Total del Municipio,,,,18482,6195,4588,5956,4349,4586,total
15,México,097,Texcaltitlán,0001,Texcaltitlán," 99°56'21.396"" W","18°55'49.402"" N",2404,2915,981,770,922,711,769,cabecera_municipal
15,México,098,Texcalyacac,0000,Total del Municipio,,,,5736,1836,1450,1828,1442,1450,total
15,México,098,Texcalyacac,0001,San Mateo Texcalyacac," 99°30'11.049"" W","19°07'56.019"" N",2582,5104,1605,1289,1597,1281,1289,cabecera_municipal
15,México,099,Texcoco,0000,Total del Municipio,,,,277562,85020,72119,81471,68570,72078,total
15,México,099,Texcoco,0001,Texcoco de Mora," 98°52'53.344"" W","19°30'48.383"" N",2250,35491,13084,11019,12317,10252,11006,cabecera_municipal
15,México,100,Tezoyuca,0000,Total del Municipio,,,,47044,15099,12205,14847,11953,12202,total
15,México,100,Tezoyuca,0001,Tezoyuca," 98°54'30.613"" W","19°35'25.125"" N",2254,17892,5285,4685,5248,4648,4683,cabecera_municipal
15,México,101,Tianguistenco,0000,Total del Municipio,,,,84259,24026,20106,23318,19398,20101,total
15,México,101,Tianguistenco,0001,Santiago Tianguistenco de Galeana," 99°28'02.780"" W","19°10'52.371"" N",2622,12752,3806,3368,3675,3237,3368,cabecera_municipal
15,México,102,Timilpan,0000,Total del Municipio,,,,16414,6444,4487,6428,4471,4487,total
15,México,102,Timilpan,0001,San Andrés Timilpan," 99°44'01.604"" W","19°52'34.209"" N",2672,794,412,240,412,240,240,cabecera_municipal
15,México,103,Tlalmanalco,0000,Total del Municipio,,,,49196,15481,12823,14126,11468,12817,total
15,México,103,Tlalmanalco,0001,Tlalmanalco de Velázquez," 98°48'09.193"" W","19°12'21.252"" N",2383,14518,4567,3898,4146,3477,3895,cabecera_municipal
15,México,104,Tlalnepantla de Baz,0000,Total del Municipio,,,,672202,217152,199839,204333,187020,199795,total
15,México,104,Tlalnepantla de Baz,0001,Tlalnepantla," 99°11'42.714"" W","19°32'18.684"" N",2253,658907,213197,196451,200542,183796,196407,cabecera_municipal
15,México,105,Tlatlaya,0000,Total del Municipio,,,,31762,12388,8562,12385,8559,8561,total
15,México,105,Tlatlaya,0001,Tlatlaya,"100°12'28.192"" W","18°37'04.230"" N",1827,595,209,164,209,164,164,cabecera_municipal
15,México,106,Toluca,0000,Total del Municipio,,,,910608,286955,239805,277705,230555,239734,total
15,México,106,Toluca,0001,Toluca de Lerdo," 99°39'26.340"" W","19°17'36.557"" N",2671,223876,75817,66082,71220,61485,66037,cabecera_municipal
15,México,107,Tonatico,0000,Total del Municipio,,,,12912,5325,3604,5272,3551,3602,total
15,México,107,Tonatico,0001,Tonatico," 99°40'15.366"" W","18°48'07.270"" N",1644,7021,2795,1975,2754,1934,1973,cabecera_municipal
15,México,108,Tultepec,0000,Total del Municipio,,,,157645,49974,42777,47914,40717,42774,total
15,México,108,Tultepec,0001,Tultepec," 99°07'42.979"" W","19°41'07.973"" N",2254,72525,20260,18211,19591,17542,18208,cabecera_municipal
15,México,109,Tultitlán,0000,Total del Municipio,,,,516341,160156,145961,145733,131538,145951,total
15,México,109,Tultitlán,0001,Tultitlán de Mariano Escobedo," 99°10'09.102"" W","19°38'51.048"" N",2250,30929,8791,8226,8249,7684,8223,cabecera_municipal
15,México,110,Valle de Bravo,0000,Total del Municipio,,,,61590,25258,16137,24295,15174,16129,total
15,México,110,Valle de Bravo,0001,Valle de Bravo,"100°07'53.785"" W","19°11'39.821"" N",1820,24167,11288,6457,10773,5942,6453,cabecera_municipal
15,México,111,Villa de Allende,0000,Total del Municipio,,,,53275,15472,12510,15078,12116,12510,total
15,México,111,Villa de Allende,0001,San José Villa de Allende,"100°08'57.682"" W","19°22'24.300"" N",2365,1547,523,416,502,395,416,cabecera_municipal
15,México,112,Villa del Carbón,0000,Total del Municipio,,,,51498,17185,12928,17123,12866,12925,total
15,México,112,Villa del Carbón,0001,Villa del Carbón," 99°27'47.087"" W","19°43'39.318"" N",2599,9598,3660,2685,3649,2674,2683,cabecera_municipal
15,México,113,Villa Guerrero,0000,Total del Municipio,,,,69086,20882,17535,20304,16957,17531,total
15,México,113,Villa Guerrero,0001,Villa Guerrero," 99°38'31.199"" W","18°57'42.151"" N",2159,10336,3147,2730,3037,2620,2728,cabecera_municipal
15,México,114,Villa Victoria,0000,Total del Municipio,,,,108196,29980,24245,29403,23668,24242,total
15,México,114,Villa Victoria,0001,Villa Victoria," 99°59'42.181"" W","19°26'30.752"" N",2601,4656,1675,1284,1602,1211,1284,cabecera_municipal
15,México,115,Xonacatlán,0000,Total del Municipio,,,,54633,15926,13118,15862,13054,13112,total
15,México,115,Xonacatlán,0001,Xonacatlán," 99°31'49.425"" W","19°24'15.909"" N",2582,22953,6071,5329,6021,5279,5324,cabecera_municipal
15,México,116,Zacazonapan,0000,Total del Municipio,,,,5109,1858,1380,1858,1380,1380,total
15,México,116,Zacazonapan,0001,Zacazonapan,"100°15'22.017"" W","19°04'28.046"" N",1347,3477,1243,966,1243,966,966,cabecera_municipal
15,México,117,Zacualpan,0000,Total del Municipio,,,,13522,5056,3565,5041,3550,3562,total
15,México,117,Zacualpan,0001,Zacualpan," 99°46'32.238"" W","18°43'07.213"" N",2051,3089,1102,844,1096,838,841,cabecera_municipal
15,México,118,Zinacantepec,0000,Total del Municipio,,,,203872,59909,48816,59219,48126,48807,total
15,México,118,Zinacantepec,0001,San Miguel Zinacantepec," 99°44'06.135"" W","19°17'05.663"" N",2749,32738,9770,8111,9722,8063,8108,cabecera_municipal
15,México,119,Zumpahuacán,0000,Total del Municipio,,,,18833,5984,4556,5977,4549,4556,total
15,México,119,Zumpahuacán,0001,Zumpahuacán," 99°35'08.144"" W","18°50'27.340"" N",1667,4831,1500,1194,1499,1193,1194,cabecera_municipal
15,México,120,Zumpango,0000,Total del Municipio,,,,280455,134610,78027,128328,71745,78021,total
15,México,120,Zumpango,0001,Zumpango de Ocampo," 99°06'02.282"" W","19°47'49.643"" N",2261,53362,17201,13659,17092,13550,13655,cabecera_municipal
15,México,121,Cuautitlán Izcalli,0000,Total del Municipio,,,,555163,179015,160854,165725,147564,160806,total
15,México,121,Cuautitlán Izcalli,0001,Cuautitlán Izcalli," 99°12'33.430"" W","19°39'25.184"" N",2280,515353,167419,150929,154755,138265,150883,cabecera_municipal
15,México,122,Valle de Chalco Solidaridad,0000,Total del Municipio,,,,391731,111077,104445,103349,96717,104414,total
15,México,122,Valle de Chalco Solidaridad,0001,Xico," 98°56'36.415"" W","19°16'43.554"" N",2248,384327,108885,102574,101309,94998,102543,cabecera_municipal
15,México,123,Luvianos,0000,Total del Municipio,,,,28822,10310,7303,10302,7295,7302,total
15,México,123,Luvianos,0001,Villa Luvianos,"100°17'58.007"" W","18°55'13.736"" N",1128,8704,3006,2267,3001,2262,2266,cabecera_municipal
15,México,124,San José del Rincón,0000,Total del Municipio,,,,100082,26351,21815,26342,21806,21812,total
15,México,124,San José del Rincón,0001,San José del Rincón Centro,"100°09'07.001"" W","19°39'39.755"" N",2740,1930,593,457,592,456,456,cabecera_municipal
15,México,125,Tonanitla,0000,Total del Municipio,,,,14883,4998,3958,4433,3393,3958,total
15,México,125,Tonanitla,0001,Santa María Tonanitla," 99°03'15.702"" W","19°41'17.382"" N",2239,6915,1864,1658,1672,1466,1658,cabecera_municipal
16,Michoacán de Ocampo,000,Total de la entidad Michoacán de Ocampo,0000,Total de la Entidad,,,,4748846,1717578,1285469,1674008,1241899,1284644,total
16,Michoacán de Ocampo,001,Acuitzio,0000,Total del Municipio,,,,11301,4013,2927,3910,2824,2926,total
16,Michoacán de Ocampo,001,Acuitzio,0001,Acuitzio del Canje,"101°19'58.265"" W","19°29'46.507"" N",2075,7439,2620,1900,2556,1836,1899,cabecera_municipal
16,Michoacán de Ocampo,002,Aguililla,0000,Total del Municipio,,,,14754,6329,4315,5773,3759,4312,total
16,Michoacán de Ocampo,002,Aguililla,0001,Aguililla,"102°47'18.167"" W","18°44'03.233"" N",0920,8505,3628,2501,3503,2376,2499,cabecera_municipal
16,Michoacán de Ocampo,003,Álvaro Obregón,0000,Total del Municipio,,,,23000,7844,5817,7816,5789,5815,total
16,Michoacán de Ocampo,003,Álvaro Obregón,0001,Álvaro Obregón,"101°02'18.546"" W","19°49'34.701"" N",1844,9513,3384,2423,3365,2404,2421,cabecera_municipal
16,Michoacán de Ocampo,004,Angamacutiro,0000,Total del Municipio,,,,14943,6297,4157,6294,4154,4157,total
16,Michoacán de Ocampo,004,Angamacutiro,0001,Angamacutiro de la Unión,"101°42'29.919"" W","20°08'58.756"" N",1702,5044,2161,1415,2159,1413,1415,cabecera_municipal
16,Michoacán de Ocampo,005,Angangueo,0000,Total del Municipio,,,,10892,3707,2652,3688,2633,2652,total
16,Michoacán de Ocampo,005,Angangueo,0001,Mineral de Angangueo,"100°17'07.841"" W","19°37'11.399"" N",2579,3977,1421,984,1413,976,984,cabecera_municipal
16,Michoacán de Ocampo,006,Apatzingán,0000,Total del Municipio,,,,126191,42788,34328,40517,32057,34303,total
16,Michoacán de Ocampo,006,Apatzingán,0001,Apatzingán de la Constitución,"102°21'18.952"" W","19°05'14.018"" N",0325,102362,34555,27882,32664,25991,27858,cabecera_municipal
16,Michoacán de Ocampo,007,Aporo,0000,Total del Municipio,,,,3529,1269,886,1267,884,884,total
16,Michoacán de Ocampo,007,Aporo,0001,Aporo,"100°24'40.060"" W","19°40'15.010"" N",2280,2194,850,550,848,548,548,cabecera_municipal
16,Michoacán de Ocampo,008,Aquila,0000,Total del Municipio,,,,24676,7540,5802,7422,5684,5788,total
16,Michoacán de Ocampo,008,Aquila,0001,Aquila,"103°30'17.115"" W","18°35'56.899"" N",0200,2444,883,642,868,627,640,cabecera_municipal
16,Michoacán de Ocampo,009,Ario,0000,Total del Municipio,,,,36268,11548,9355,11050,8857,9346,total
16,Michoacán de Ocampo,009,Ario,0001,Ario de Rosales,"101°42'33.818"" W","19°12'28.106"" N",1910,18097,5922,4629,5635,4342,4623,cabecera_municipal
16,Michoacán de Ocampo,010,Arteaga,0000,Total del Municipio,,,,20332,7680,5757,7382,5459,5754,total
16,Michoacán de Ocampo,010,Arteaga,0001,Arteaga,"102°17'24.225"" W","18°21'20.498"" N",0837,11046,4176,3193,3943,2960,3190,cabecera_municipal
16,Michoacán de Ocampo,011,Briseñas,0000,Total del Municipio,,,,11681,4178,3134,4107,3063,3133,total
16,Michoacán de Ocampo,011,Briseñas,0001,Briseñas de Matamoros,"102°33'39.807"" W","20°16'16.443"" N",1528,4338,1575,1187,1552,1164,1186,cabecera_municipal
16,Michoacán de Ocampo,012,Buenavista,0000,Total del Municipio,,,,45538,15923,12698,15526,12301,12695,total
16,Michoacán de Ocampo,012,Buenavista,0001,Buenavista Tomatlán,"102°35'16.407"" W","19°12'42.247"" N",0452,12262,4129,3396,3981,3248,3394,cabecera_municipal
16,Michoacán de Ocampo,013,Carácuaro,0000,Total del Municipio,,,,9176,3513,2528,3448,2463,2523,total
16,Michoacán de Ocampo,013,Carácuaro,0001,Carácuaro de Morelos,"101°07'37.167"" W","19°01'02.310"" N",0538,4149,1476,1113,1428,1065,1109,cabecera_municipal
16,Michoacán de Ocampo,014,Coahuayana,0000,Total del Municipio,,,,17022,5890,4716,5882,4708,4709,total
16,Michoacán de Ocampo,014,Coahuayana,0001,Coahuayana de Hidalgo,"103°39'46.553"" W","18°42'08.908"" N",0023,5886,1948,1610,1942,1604,1605,cabecera_municipal
16,Michoacán de Ocampo,015,Coalcomán de Vázquez Pallares,0000,Total del Municipio,,,,19633,7308,5313,7155,5160,5299,total
16,Michoacán de Ocampo,015,Coalcomán de Vázquez Pallares,0001,Coalcomán de Vázquez Pallares,"103°09'34.397"" W","18°46'37.556"" N",1020,13806,4979,3753,4886,3660,3742,cabecera_municipal
16,Michoacán de Ocampo,016,Coeneo,0000,Total del Municipio,,,,20965,10367,5916,10347,5896,5915,total
16,Michoacán de Ocampo,016,Coeneo,0001,Coeneo de la Libertad,"101°35'01.503"" W","19°49'15.541"" N",2030,3776,1747,1072,1740,1065,1071,cabecera_municipal
16,Michoacán de Ocampo,017,Contepec,0000,Total del Municipio,,,,35070,12432,9146,12384,9098,9145,total
16,Michoacán de Ocampo,017,Contepec,0001,Contepec,"100°09'52.046"" W","19°57'18.969"" N",2497,4520,1721,1230,1720,1229,1230,cabecera_municipal
16,Michoacán de Ocampo,018,Copándaro,0000,Total del Municipio,,,,9484,3572,2408,3569,2405,2407,total
16,Michoacán de Ocampo,018,Copándaro,0001,Copándaro de Galeana,"101°12'55.098"" W","19°53'37.766"" N",1837,3165,1389,832,1388,831,831,cabecera_municipal
16,Michoacán de Ocampo,019,Cotija,0000,Total del Municipio,,,,20198,9212,5923,9179,5890,5917,total
16,Michoacán de Ocampo,019,Cotija,0001,Cotija de la Paz,"102°42'20.959"" W","19°48'37.027"" N",1640,14074,6508,4191,6487,4170,4186,cabecera_municipal
16,Michoacán de Ocampo,020,Cuitzeo,0000,Total del Municipio,,,,29910,10299,7363,10227,7291,7362,total
16,Michoacán de Ocampo,020,Cuitzeo,0001,Cuitzeo del Porvenir,"101°08'22.503"" W","19°58'05.569"" N",1837,10983,3393,2657,3377,2641,2656,cabecera_municipal
16,Michoacán de Ocampo,021,Charapan,0000,Total del Municipio,,,,13539,4804,3595,4791,3582,3591,total
16,Michoacán de Ocampo,021,Charapan,0001,Charapan,"102°15'09.856"" W","19°39'00.609"" N",2360,4409,1576,1205,1572,1201,1203,cabecera_municipal
16,Michoacán de Ocampo,022,Charo,0000,Total del Municipio,,,,25138,7695,5626,7576,5507,5618,total
16,Michoacán de Ocampo,022,Charo,0001,Charo,"101°02'46.726"" W","19°44'48.013"" N",1920,5807,1868,1448,1864,1444,1447,cabecera_municipal
16,Michoacán de Ocampo,023,Chavinda,0000,Total del Municipio,,,,10417,4915,3034,4903,3022,3033,total
16,Michoacán de Ocampo,023,Chavinda,0001,Chavinda,"102°27'30.905"" W","20°00'24.979"" N",1567,6596,3082,1932,3075,1925,1931,cabecera_municipal
16,Michoacán de Ocampo,024,Cherán,0000,Total del Municipio,,,,20586,6786,4822,6778,4814,4819,total
16,Michoacán de Ocampo,024,Cherán,0001,Cherán,"101°57'17.338"" W","19°41'15.546"" N",2377,16841,5471,3923,5468,3920,3921,cabecera_municipal
16,Michoacán de Ocampo,025,Chilchota,0000,Total del Municipio,,,,40560,12093,9521,11966,9394,9518,total
16,Michoacán de Ocampo,025,Chilchota,0001,Chilchota,"102°07'09.974"" W","19°50'57.145"" N",1777,8280,3043,2211,3042,2210,2210,cabecera_municipal
16,Michoacán de Ocampo,026,Chinicuila,0000,Total del Municipio,,,,4773,1904,1323,1900,1319,1320,total
16,Michoacán de Ocampo,026,Chinicuila,0001,Villa Victoria,"103°22'04.081"" W","18°45'29.405"" N",0677,1068,456,296,454,294,295,cabecera_municipal
16,Michoacán de Ocampo,027,Chucándiro,0000,Total del Municipio,,,,4944,2850,1463,2848,1461,1462,total
16,Michoacán de Ocampo,027,Chucándiro,0001,Chucándiro,"101°20'00.209"" W","19°53'59.874"" N",1850,1401,795,414,793,412,413,cabecera_municipal
16,Michoacán de Ocampo,028,Churintzio,0000,Total del Municipio,,,,5233,3788,1686,3782,1680,1686,total
16,Michoacán de Ocampo,028,Churintzio,0001,Churintzio,"102°03'57.314"" W","20°09'03.455"" N",1867,2580,1474,810,1473,809,810,cabecera_municipal
16,Michoacán de Ocampo,029,Churumuco,0000,Total del Municipio,,,,12342,4352,3161,4338,3147,3159,total
16,Michoacán de Ocampo,029,Churumuco,0001,Churumuco de Morelos,"101°38'47.589"" W","18°39'52.408"" N",0200,4407,1594,1127,1589,1122,1126,cabecera_municipal
16,Michoacán de Ocampo,030,Ecuandureo,0000,Total del Municipio,,,,11850,6358,3659,6301,3602,3658,total
16,Michoacán de Ocampo,030,Ecuandureo,0001,Ecuandureo,"102°11'40.439"" W","20°09'45.416"" N",1570,4358,2231,1353,2179,1301,1352,cabecera_municipal
16,Michoacán de Ocampo,031,Epitacio Huerta,0000,Total del Municipio,,,,16112,6764,4611,6706,4553,4609,total
16,Michoacán de Ocampo,031,Epitacio Huerta,0001,Epitacio Huerta,"100°17'37.399"" W","20°08'04.882"" N",2480,1487,621,442,591,412,441,cabecera_municipal
16,Michoacán de Ocampo,032,Erongarícuaro,0000,Total del Municipio,,,,15715,5461,3947,5455,3941,3946,total
16,Michoacán de Ocampo,032,Erongarícuaro,0001,Erongarícuaro,"101°43'12.310"" W","19°35'17.710"" N",2071,2721,1095,748,1093,746,747,cabecera_municipal
16,Michoacán de Ocampo,033,Gabriel Zamora,0000,Total del Municipio,,,,21466,7773,6181,7703,6111,6178,total
16,Michoacán de Ocampo,033,Gabriel Zamora,0001,Lombardía,"102°03'14.274"" W","19°09'35.294"" N",0646,12309,4475,3591,4433,3549,3589,cabecera_municipal
16,Michoacán de Ocampo,034,Hidalgo,0000,Total del Municipio,,,,125712,40435,31187,39981,30733,31174,total
16,Michoacán de Ocampo,034,Hidalgo,0001,Ciudad Hidalgo,"100°33'18.581"" W","19°41'21.663"" N",2060,71528,22805,17927,22428,17550,17916,cabecera_municipal
16,Michoacán de Ocampo,035,La Huacana,0000,Total del Municipio,,,,30627,10868,8402,10680,8214,8397,total
16,Michoacán de Ocampo,035,La Huacana,0001,La Huacana,"101°48'31.922"" W","18°57'46.393"" N",0479,9643,3299,2642,3218,2561,2638,cabecera_municipal
16,Michoacán de Ocampo,036,Huandacareo,0000,Total del Municipio,,,,11644,5438,3417,5423,3402,3415,total
16,Michoacán de Ocampo,036,Huandacareo,0001,Huandacareo,"101°16'33.072"" W","19°59'19.336"" N",1846,6689,3285,2015,3271,2001,2013,cabecera_municipal
16,Michoacán de Ocampo,037,Huaniqueo,0000,Total del Municipio,,,,7945,4707,2512,4704,2509,2512,total
16,Michoacán de Ocampo,037,Huaniqueo,0001,Huaniqueo de Morales,"101°30'18.545"" W","19°53'56.383"" N",2044,2595,1255,759,1254,758,759,cabecera_municipal
16,Michoacán de Ocampo,038,Huetamo,0000,Total del Municipio,,,,41973,18486,12192,18239,11945,12188,total
16,Michoacán de Ocampo,038,Huetamo,0001,Huetamo de Núñez,"100°53'59.009"" W","18°37'35.133"" N",0301,23836,9417,6864,9265,6712,6860,cabecera_municipal
16,Michoacán de Ocampo,039,Huiramba,0000,Total del Municipio,,,,9015,2795,2237,2788,2230,2236,total
16,Michoacán de Ocampo,039,Huiramba,0001,Huiramba,"101°26'16.774"" W","19°32'47.332"" N",2101,3251,1023,820,1019,816,819,cabecera_municipal
16,Michoacán de Ocampo,040,Indaparapeo,0000,Total del Municipio,,,,18385,6087,4651,6044,4608,4650,total
16,Michoacán de Ocampo,040,Indaparapeo,0001,Indaparapeo,"100°58'06.575"" W","19°47'24.214"" N",1921,7228,2448,1802,2423,1777,1801,cabecera_municipal
16,Michoacán de Ocampo,041,Irimbo,0000,Total del Municipio,,,,16043,5876,4159,5841,4124,4159,total
16,Michoacán de Ocampo,041,Irimbo,0001,Irimbo,"100°28'44.762"" W","19°41'50.955"" N",2187,3552,1449,975,1447,973,975,cabecera_municipal
16,Michoacán de Ocampo,042,Ixtlán,0000,Total del Municipio,,,,14302,5915,3951,5898,3934,3951,total
16,Michoacán de Ocampo,042,Ixtlán,0001,Ixtlán de los Hervores,"102°23'40.646"" W","20°10'06.118"" N",1564,5091,2033,1392,2030,1389,1392,cabecera_municipal
16,Michoacán de Ocampo,043,Jacona,0000,Total del Municipio,,,,68781,21981,17960,21274,17253,17941,total
16,Michoacán de Ocampo,043,Jacona,0001,Jacona de Plancarte,"102°18'21.684"" W","19°57'22.759"" N",1577,61510,19431,16092,18805,15466,16076,cabecera_municipal
16,Michoacán de Ocampo,044,Jiménez,0000,Total del Municipio,,,,12946,7070,3945,7058,3933,3944,total
16,Michoacán de Ocampo,044,Jiménez,0001,Villa Jiménez,"101°44'57.454"" W","19°55'20.159"" N",2018,3974,2286,1237,2282,1233,1236,cabecera_municipal
16,Michoacán de Ocampo,045,Jiquilpan,0000,Total del Municipio,,,,36158,16295,10581,16198,10484,10577,total
16,Michoacán de Ocampo,045,Jiquilpan,0001,Jiquilpan de Juárez,"102°43'06.828"" W","19°59'22.989"" N",1542,24662,10893,7357,10824,7288,7353,cabecera_municipal
16,Michoacán de Ocampo,046,Juárez,0000,Total del Municipio,,,,14936,5245,4082,5235,4072,4082,total
16,Michoacán de Ocampo,046,Juárez,0001,Benito Juárez,"100°25'58.049"" W","19°18'44.193"" N",1313,3907,1371,1124,1365,1118,1124,cabecera_municipal
16,Michoacán de Ocampo,047,Jungapeo,0000,Total del Municipio,,,,19834,6690,5052,6671,5033,5050,total
16,Michoacán de Ocampo,047,Jungapeo,0001,Jungapeo de Juárez,"100°29'40.603"" W","19°27'31.411"" N",1300,5011,1796,1343,1786,1333,1343,cabecera_municipal
16,Michoacán de Ocampo,048,Lagunillas,0000,Total del Municipio,,,,5745,2166,1501,2158,1493,1501,total
16,Michoacán de Ocampo,048,Lagunillas,0001,Lagunillas,"101°24'53.205"" W","19°33'52.643"" N",2100,2664,1107,724,1105,722,724,cabecera_municipal
16,Michoacán de Ocampo,049,Madero,0000,Total del Municipio,,,,19086,5917,4662,5873,4618,4656,total
16,Michoacán de Ocampo,049,Madero,0001,Villa Madero,"101°16'39.416"" W","19°23'31.634"" N",2182,7633,2271,1854,2240,1823,1851,cabecera_municipal
16,Michoacán de Ocampo,050,Maravatío,0000,Total del Municipio,,,,89311,31171,22728,30148,21705,22721,total
16,Michoacán de Ocampo,050,Maravatío,0001,Maravatío de Ocampo,"100°26'30.002"" W","19°53'30.025"" N",2020,39425,12808,9869,12048,9109,9864,cabecera_municipal
16,Michoacán de Ocampo,051,Marcos Castellanos,0000,Total del Municipio,,,,13983,5524,4191,5472,4139,4187,total
16,Michoacán de Ocampo,051,Marcos Castellanos,0001,San José de Gracia,"103°01'17.415"" W","19°59'24.857"" N",1971,10466,4181,3187,4165,3171,3183,cabecera_municipal
16,Michoacán de Ocampo,052,Lázaro Cárdenas,0000,Total del Municipio,,,,196003,67340,55762,64994,53416,55731,total
16,Michoacán de Ocampo,052,Lázaro Cárdenas,0001,Ciudad Lázaro Cárdenas,"102°11'52.731"" W","17°57'44.403"" N",0010,83637,29864,25146,28397,23679,25127,cabecera_municipal
16,Michoacán de Ocampo,053,Morelia,0000,Total del Municipio,,,,849053,326420,244509,315069,233158,244289,total
16,Michoacán de Ocampo,053,Morelia,0001,Morelia,"101°11'31.367"" W","19°42'12.182"" N",1920,743275,288569,216551,278383,206365,216343,cabecera_municipal
16,Michoacán de Ocampo,054,Morelos,0000,Total del Municipio,,,,7983,4223,2278,4218,2273,2276,total
16,Michoacán de Ocampo,054,Morelos,0001,Villa Morelos,"101°24'44.589"" W","20°00'15.307"" N",2299,2526,1204,718,1202,716,716,cabecera_municipal
16,Michoacán de Ocampo,055,Múgica,0000,Total del Municipio,,,,45732,15785,12045,15600,11860,12043,total
16,Michoacán de Ocampo,055,Múgica,0001,Nueva Italia de Ruiz,"102°05'12.243"" W","19°01'43.697"" N",0418,32328,11498,8647,11376,8525,8646,cabecera_municipal
16,Michoacán de Ocampo,056,Nahuatzen,0000,Total del Municipio,,,,32598,9641,7505,9637,7501,7505,total
16,Michoacán de Ocampo,056,Nahuatzen,0001,Nahuatzen,"101°55'01.693"" W","19°39'14.664"" N",2414,11799,3834,2874,3833,2873,2874,cabecera_municipal
16,Michoacán de Ocampo,057,Nocupétaro,0000,Total del Municipio,,,,8196,3096,2226,3072,2202,2225,total
16,Michoacán de Ocampo,057,Nocupétaro,0001,Nocupétaro de Morelos,"101°09'44.025"" W","19°02'35.868"" N",0664,3910,1606,1094,1585,1073,1093,cabecera_municipal
16,Michoacán de Ocampo,058,Nuevo Parangaricutiro,0000,Total del Municipio,,,,20981,5959,4877,5950,4868,4872,total
16,Michoacán de Ocampo,058,Nuevo Parangaricutiro,0001,Nuevo San Juan Parangaricutiro,"102°07'47.567"" W","19°24'59.918"" N",1877,16745,4662,3868,4653,3859,3863,cabecera_municipal
16,Michoacán de Ocampo,059,Nuevo Urecho,0000,Total del Municipio,,,,9027,3211,2615,3202,2606,2614,total
16,Michoacán de Ocampo,059,Nuevo Urecho,0001,Nuevo Urecho,"101°52'07.849"" W","19°09'57.140"" N",0741,1459,534,427,534,427,427,cabecera_municipal
16,Michoacán de Ocampo,060,Numarán,0000,Total del Municipio,,,,9437,3467,2428,3387,2348,2427,total
16,Michoacán de Ocampo,060,Numarán,0001,Numarán,"101°56'49.910"" W","20°15'17.639"" N",1683,4788,1648,1228,1613,1193,1227,cabecera_municipal
16,Michoacán de Ocampo,061,Ocampo,0000,Total del Municipio,,,,24774,7538,5906,7463,5831,5905,total
16,Michoacán de Ocampo,061,Ocampo,0001,Ocampo,"100°20'21.415"" W","19°35'01.852"" N",2297,4296,1356,1048,1347,1039,1047,cabecera_municipal
16,Michoacán de Ocampo,062,Pajacuarán,0000,Total del Municipio,,,,21028,8320,5590,8207,5477,5589,total
16,Michoacán de Ocampo,062,Pajacuarán,0001,Pajacuarán,"102°33'55.848"" W","20°07'00.818"" N",1528,10988,4011,2836,3958,2783,2835,cabecera_municipal
16,Michoacán de Ocampo,063,Panindícuaro,0000,Total del Municipio,,,,14889,7105,4186,7004,4085,4186,total
16,Michoacán de Ocampo,063,Panindícuaro,0001,Panindícuaro,"101°45'41.255"" W","19°59'02.252"" N",1820,5267,2184,1455,2168,1439,1455,cabecera_municipal
16,Michoacán de Ocampo,064,Parácuaro,0000,Total del Municipio,,,,26832,8978,7198,8963,7183,7195,total
16,Michoacán de Ocampo,064,Parácuaro,0001,Parácuaro,"102°13'12.173"" W","19°08'44.783"" N",0592,3898,1432,1120,1428,1116,1120,cabecera_municipal
16,Michoacán de Ocampo,065,Paracho,0000,Total del Municipio,,,,39657,12771,9585,12660,9474,9576,total
16,Michoacán de Ocampo,065,Paracho,0001,Paracho de Verduzco,"102°02'54.483"" W","19°38'50.268"" N",2220,21215,6879,5292,6817,5230,5284,cabecera_municipal
16,Michoacán de Ocampo,066,Pátzcuaro,0000,Total del Municipio,,,,98382,30495,24408,29458,23371,24391,total
16,Michoacán de Ocampo,066,Pátzcuaro,0001,Pátzcuaro,"101°36'36.419"" W","19°30'48.952"" N",2147,60811,18943,15506,18079,14642,15490,cabecera_municipal
16,Michoacán de Ocampo,067,Penjamillo,0000,Total del Municipio,,,,16621,8357,4835,8282,4760,4835,total
16,Michoacán de Ocampo,067,Penjamillo,0001,Penjamillo de Degollado,"101°56'01.217"" W","20°06'16.086"" N",1701,3357,1694,1002,1668,976,1002,cabecera_municipal
16,Michoacán de Ocampo,068,Peribán,0000,Total del Municipio,,,,29389,8577,7515,8043,6981,7507,total
16,Michoacán de Ocampo,068,Peribán,0001,Peribán de Ramos,"102°24'58.278"" W","19°31'14.617"" N",1629,17652,5041,4429,4626,4014,4426,cabecera_municipal
16,Michoacán de Ocampo,069,La Piedad,0000,Total del Municipio,,,,106490,41237,29576,40944,29283,29562,total
16,Michoacán de Ocampo,069,La Piedad,0001,La Piedad de Cabadas,"102°01'21.194"" W","20°20'29.221"" N",1680,87042,31541,24163,31314,23936,24150,cabecera_municipal
16,Michoacán de Ocampo,070,Purépero,0000,Total del Municipio,,,,15503,7042,4466,7032,4456,4464,total
16,Michoacán de Ocampo,070,Purépero,0001,Purépero de Echáiz,"102°00'24.266"" W","19°54'35.867"" N",2015,13821,6073,3963,6065,3955,3961,cabecera_municipal
16,Michoacán de Ocampo,071,Puruándiro,0000,Total del Municipio,,,,69260,28959,18508,28862,18411,18500,total
16,Michoacán de Ocampo,071,Puruándiro,0001,Puruándiro,"101°30'54.721"" W","20°05'19.195"" N",1898,32333,11053,8335,10978,8260,8331,cabecera_municipal
16,Michoacán de Ocampo,072,Queréndaro,0000,Total del Municipio,,,,13961,5294,3664,5217,3587,3662,total
16,Michoacán de Ocampo,072,Queréndaro,0001,Queréndaro,"100°53'00.555"" W","19°48'36.099"" N",1847,9473,3273,2442,3251,2420,2441,cabecera_municipal
16,Michoacán de Ocampo,073,Quiroga,0000,Total del Municipio,,,,27176,9985,6923,9820,6758,6921,total
16,Michoacán de Ocampo,073,Quiroga,0001,Quiroga,"101°31'26.413"" W","19°39'49.630"" N",2071,15249,5292,3851,5215,3774,3849,cabecera_municipal
16,Michoacán de Ocampo,074,Cojumatlán de Régules,0000,Total del Municipio,,,,10553,4326,2944,4302,2920,2944,total
16,Michoacán de Ocampo,074,Cojumatlán de Régules,0001,Cojumatlán de Régules,"102°51'03.618"" W","20°07'08.394"" N",1545,7251,2867,2048,2858,2039,2048,cabecera_municipal
16,Michoacán de Ocampo,075,Los Reyes,0000,Total del Municipio,,,,78935,27442,21260,27206,21024,21246,total
16,Michoacán de Ocampo,075,Los Reyes,0001,Los Reyes de Salgado,"102°28'28.844"" W","19°35'20.307"" N",1309,49940,17728,13923,17586,13781,13915,cabecera_municipal
16,Michoacán de Ocampo,076,Sahuayo,0000,Total del Municipio,,,,78477,26416,21599,25253,20436,21580,total
16,Michoacán de Ocampo,076,Sahuayo,0001,Sahuayo de Morelos,"102°43'00.470"" W","20°03'27.662"" N",1535,70042,23345,19379,22298,18332,19360,cabecera_municipal
16,Michoacán de Ocampo,077,San Lucas,0000,Total del Municipio,,,,17677,8151,5310,7779,4938,5307,total
16,Michoacán de Ocampo,077,San Lucas,0001,San Lucas,"100°47'05.108"" W","18°35'29.079"" N",0303,3243,1412,996,1395,979,994,cabecera_municipal
16,Michoacán de Ocampo,078,Santa Ana Maya,0000,Total del Municipio,,,,12812,5945,3453,5931,3439,3453,total
16,Michoacán de Ocampo,078,Santa Ana Maya,0001,Santa Ana Maya,"101°01'18.346"" W","20°00'30.210"" N",1841,7220,2698,1787,2685,1774,1787,cabecera_municipal
16,Michoacán de Ocampo,079,Salvador Escalante,0000,Total del Municipio,,,,49896,13855,11630,13645,11420,11627,total
16,Michoacán de Ocampo,079,Salvador Escalante,0001,Santa Clara del Cobre,"101°38'23.272"" W","19°24'21.905"" N",2229,16748,4595,3958,4467,3830,3956,cabecera_municipal
16,Michoacán de Ocampo,080,Senguio,0000,Total del Municipio,,,,19833,6927,5014,6891,4978,5013,total
16,Michoacán de Ocampo,080,Senguio,0001,Senguio,"100°21'08.666"" W","19°44'00.027"" N",2266,2763,937,679,927,669,679,cabecera_municipal
16,Michoacán de Ocampo,081,Susupuato,0000,Total del Municipio,,,,9076,3414,2402,3413,2401,2401,total
16,Michoacán de Ocampo,081,Susupuato,0001,Susupuato de Guerrero,"100°24'30.001"" W","19°12'54.555"" N",1242,426,206,128,205,127,127,cabecera_municipal
16,Michoacán de Ocampo,082,Tacámbaro,0000,Total del Municipio,,,,79540,24322,20425,23533,19636,20397,total
16,Michoacán de Ocampo,082,Tacámbaro,0001,Tacámbaro de Codallos,"101°27'26.381"" W","19°14'07.932"" N",1650,30519,9337,8048,8906,7617,8028,cabecera_municipal
16,Michoacán de Ocampo,083,Tancítaro,0000,Total del Municipio,,,,33453,9907,8164,9807,8064,8157,total
16,Michoacán de Ocampo,083,Tancítaro,0001,Tancítaro,"102°21'46.923"" W","19°20'14.991"" N",2080,8133,2218,1912,2180,1874,1908,cabecera_municipal
16,Michoacán de Ocampo,084,Tangamandapio,0000,Total del Municipio,,,,31716,9589,7334,9411,7156,7329,total
16,Michoacán de Ocampo,084,Tangamandapio,0001,Santiago Tangamandapio,"102°25'58.082"" W","19°57'14.382"" N",1664,11086,4004,2985,3965,2946,2981,cabecera_municipal
16,Michoacán de Ocampo,085,Tangancícuaro,0000,Total del Municipio,,,,35256,14575,9612,14381,9418,9607,total
16,Michoacán de Ocampo,085,Tangancícuaro,0001,Tangancícuaro de Arista,"102°12'30.432"" W","19°53'17.644"" N",1706,15414,5975,4393,5875,4293,4390,cabecera_municipal
16,Michoacán de Ocampo,086,Tanhuato,0000,Total del Municipio,,,,15534,5667,4192,5663,4188,4190,total
16,Michoacán de Ocampo,086,Tanhuato,0001,Tanhuato de Guerrero,"102°19'39.507"" W","20°17'01.720"" N",1539,8707,3137,2298,3133,2294,2296,cabecera_municipal
16,Michoacán de Ocampo,087,Taretan,0000,Total del Municipio,,,,15589,5112,4247,4717,3852,4240,total
16,Michoacán de Ocampo,087,Taretan,0001,Taretan,"101°55'04.455"" W","19°20'04.424"" N",1141,7117,2412,2002,2119,1709,1999,cabecera_municipal
16,Michoacán de Ocampo,088,Tarímbaro,0000,Total del Municipio,,,,114513,46207,33151,42683,29627,33143,total
16,Michoacán de Ocampo,088,Tarímbaro,0001,Tarímbaro,"101°10'35.011"" W","19°47'44.396"" N",1864,6853,2078,1560,2036,1518,1560,cabecera_municipal
16,Michoacán de Ocampo,089,Tepalcatepec,0000,Total del Municipio,,,,24074,9714,7285,9074,6645,7278,total
16,Michoacán de Ocampo,089,Tepalcatepec,0001,Tepalcatepec,"102°50'37.348"" W","19°11'28.920"" N",0364,17293,6561,5161,6115,4715,5154,cabecera_municipal
16,Michoacán de Ocampo,090,Tingambato,0000,Total del Municipio,,,,16325,4968,3858,4938,3828,3857,total
16,Michoacán de Ocampo,090,Tingambato,0001,Tingambato,"101°51'12.515"" W","19°30'06.818"" N",1967,9140,2902,2246,2877,2221,2245,cabecera_municipal
16,Michoacán de Ocampo,091,Tingüindín,0000,Total del Municipio,,,,14934,5785,4196,5763,4174,4196,total
16,Michoacán de Ocampo,091,Tingüindín,0001,Tingüindín,"102°28'59.100"" W","19°44'20.227"" N",1679,7788,2873,2183,2853,2163,2183,cabecera_municipal
16,Michoacán de Ocampo,092,Tiquicheo de Nicolás Romero,0000,Total del Municipio,,,,12836,4827,3458,4681,3312,3457,total
16,Michoacán de Ocampo,092,Tiquicheo de Nicolás Romero,0001,Tiquicheo,"100°44'11.234"" W","18°54'01.762"" N",0374,3664,1351,1023,1308,980,1022,cabecera_municipal
16,Michoacán de Ocampo,093,Tlalpujahua,0000,Total del Municipio,,,,28556,10457,7287,10431,7261,7285,total
16,Michoacán de Ocampo,093,Tlalpujahua,0001,Tlalpujahua de Rayón,"100°10'24.934"" W","19°48'19.095"" N",2577,3627,1390,957,1380,947,955,cabecera_municipal
16,Michoacán de Ocampo,094,Tlazazalca,0000,Total del Municipio,,,,6420,5003,2052,4997,2046,2052,total
16,Michoacán de Ocampo,094,Tlazazalca,0001,Tlazazalca,"102°03'24.046"" W","19°58'16.450"" N",1803,3002,1888,978,1885,975,978,cabecera_municipal
16,Michoacán de Ocampo,095,Tocumbo,0000,Total del Municipio,,,,12325,5461,3636,5434,3609,3633,total
16,Michoacán de Ocampo,095,Tocumbo,0001,Tocumbo,"102°31'15.456"" W","19°42'11.854"" N",1600,1889,1245,616,1227,598,615,cabecera_municipal
16,Michoacán de Ocampo,096,Tumbiscatío,0000,Total del Municipio,,,,5971,2404,1685,2336,1617,1684,total
16,Michoacán de Ocampo,096,Tumbiscatío,0001,Tumbiscatío de Ruiz,"102°22'30.081"" W","18°31'29.284"" N",0902,2486,910,694,886,670,694,cabecera_municipal
16,Michoacán de Ocampo,097,Turicato,0000,Total del Municipio,,,,29056,10105,7728,9929,7552,7711,total
16,Michoacán de Ocampo,097,Turicato,0001,Turicato,"101°25'11.258"" W","19°03'13.529"" N",0724,2075,794,567,789,562,565,cabecera_municipal
16,Michoacán de Ocampo,098,Tuxpan,0000,Total del Municipio,,,,25757,9319,6982,9253,6916,6978,total
16,Michoacán de Ocampo,098,Tuxpan,0001,Tuxpan,"100°27'49.602"" W","19°34'04.658"" N",1721,8962,3394,2495,3360,2461,2491,cabecera_municipal
16,Michoacán de Ocampo,099,Tuzantla,0000,Total del Municipio,,,,14329,5555,3952,5489,3886,3950,total
16,Michoacán de Ocampo,099,Tuzantla,0001,Tuzantla,"100°34'23.030"" W","19°12'27.383"" N",0586,2959,1102,834,1078,810,832,cabecera_municipal
16,Michoacán de Ocampo,100,Tzintzuntzan,0000,Total del Municipio,,,,14911,5942,3730,5917,3705,3728,total
16,Michoacán de Ocampo,100,Tzintzuntzan,0001,Tzintzuntzan,"101°34'37.024"" W","19°37'31.577"" N",2055,3830,1619,998,1611,990,997,cabecera_municipal
16,Michoacán de Ocampo,101,Tzitzio,0000,Total del Municipio,,,,8855,3132,2210,3063,2141,2205,total
16,Michoacán de Ocampo,101,Tzitzio,0001,Tzitzio,"100°55'28.745"" W","19°35'07.836"" N",1534,1051,431,276,404,249,275,cabecera_municipal
16,Michoacán de Ocampo,102,Uruapan,0000,Total del Municipio,,,,356786,111839,94101,106212,88474,94038,total
16,Michoacán de Ocampo,102,Uruapan,0001,Uruapan,"102°03'46.077"" W","19°25'15.195"" N",1640,299523,94006,80171,88589,74754,80116,cabecera_municipal
16,Michoacán de Ocampo,103,Venustiano Carranza,0000,Total del Municipio,,,,23469,9038,6556,8865,6383,6552,total
16,Michoacán de Ocampo,103,Venustiano Carranza,0001,San Pedro Cahro,"102°39'08.500"" W","20°06'57.507"" N",1532,11897,4517,3361,4408,3252,3359,cabecera_municipal
16,Michoacán de Ocampo,104,Villamar,0000,Total del Municipio,,,,15864,8632,4629,8518,4515,4626,total
16,Michoacán de Ocampo,104,Villamar,0001,Villamar,"102°35'44.803"" W","20°01'15.081"" N",1523,2978,1315,821,1299,805,818,cabecera_municipal
16,Michoacán de Ocampo,105,Vista Hermosa,0000,Total del Municipio,,,,20982,7622,5465,7618,5461,5464,total
16,Michoacán de Ocampo,105,Vista Hermosa,0001,Vista Hermosa de Negrete,"102°28'25.126"" W","20°16'23.214"" N",1531,12434,4110,3170,4106,3166,3169,cabecera_municipal
16,Michoacán de Ocampo,106,Yurécuaro,0000,Total del Municipio,,,,32303,11481,8354,11462,8335,8350,total
16,Michoacán de Ocampo,106,Yurécuaro,0001,Yurécuaro,"102°16'56.731"" W","20°20'27.920"" N",1542,26691,9148,6778,9137,6767,6774,cabecera_municipal
16,Michoacán de Ocampo,107,Zacapu,0000,Total del Municipio,,,,76829,27018,21125,26318,20425,21111,total
16,Michoacán de Ocampo,107,Zacapu,0001,Zacapu,"101°47'34.295"" W","19°49'07.027"" N",1990,55287,19234,15296,18688,14750,15283,cabecera_municipal
16,Michoacán de Ocampo,108,Zamora,0000,Total del Municipio,,,,204860,75529,58299,73823,56593,58263,total
16,Michoacán de Ocampo,108,Zamora,0001,Zamora de Hidalgo,"102°17'09.448"" W","19°59'00.886"" N",1562,154546,55100,44525,53832,43257,44492,cabecera_municipal
16,Michoacán de Ocampo,109,Zináparo,0000,Total del Municipio,,,,3232,2065,1016,1977,928,1014,total
16,Michoacán de Ocampo,109,Zináparo,0001,Zináparo,"101°59'55.587"" W","20°10'23.480"" N",1840,2028,1290,636,1241,587,634,cabecera_municipal
16,Michoacán de Ocampo,110,Zinapécuaro,0000,Total del Municipio,,,,49005,20745,13211,20420,12886,13205,total
16,Michoacán de Ocampo,110,Zinapécuaro,0001,Zinapécuaro de Figueroa,"100°49'39.299"" W","19°51'36.989"" N",1883,16905,6119,4414,5972,4267,4409,cabecera_municipal
16,Michoacán de Ocampo,111,Ziracuaretiro,0000,Total del Municipio,,,,18402,5029,4320,4811,4102,4319,total
16,Michoacán de Ocampo,111,Ziracuaretiro,0001,Ziracuaretiro,"101°54'36.678"" W","19°25'01.694"" N",1345,3019,951,795,913,757,794,cabecera_municipal
16,Michoacán de Ocampo,112,Zitácuaro,0000,Total del Municipio,,,,157056,50337,40666,49317,39646,40655,total
16,Michoacán de Ocampo,112,Zitácuaro,0001,Heróica Zitácuaro,"100°21'26.950"" W","19°26'13.849"" N",1944,86901,27689,23049,26798,22158,23039,cabecera_municipal
16,Michoacán de Ocampo,113,José Sixto Verduzco,0000,Total del Municipio,,,,26213,9998,7146,9988,7136,7144,total
16,Michoacán de Ocampo,113,José Sixto Verduzco,0001,Pastor Ortiz,"101°35'48.681"" W","20°18'07.863"" N",1691,6698,2270,1780,2266,1776,1778,cabecera_municipal
17,Morelos,000,Total de la entidad Morelos,0000,Total de la Entidad,,,,1971520,819501,560941,794736,536176,560669,total
17,Morelos,001,Amacuzac,0000,Total del Municipio,,,,17598,7050,4992,6852,4794,4991,total
17,Morelos,001,Amacuzac,0001,Amacuzac," 99°22'10.251"" W","18°36'00.006"" N",0900,5575,2162,1629,2098,1565,1628,cabecera_municipal
17,Morelos,002,Atlatlahucan,0000,Total del Municipio,,,,25232,14904,7060,14418,6574,7056,total
17,Morelos,002,Atlatlahucan,0001,Atlatlahucan," 98°53'57.031"" W","18°56'10.575"" N",1640,9018,2979,2402,2884,2307,2398,cabecera_municipal
17,Morelos,003,Axochiapan,0000,Total del Municipio,,,,39174,12614,9978,12582,9946,9974,total
17,Morelos,003,Axochiapan,0001,Axochiapan," 98°45'14.683"" W","18°30'08.663"" N",1028,19085,5910,4879,5892,4861,4876,cabecera_municipal
17,Morelos,004,Ayala,0000,Total del Municipio,,,,89834,43023,25051,42824,24852,25045,total
17,Morelos,004,Ayala,0001,Ciudad Ayala," 98°58'55.710"" W","18°46'01.512"" N",1220,6335,2434,1813,2424,1803,1813,cabecera_municipal
17,Morelos,005,Coatlán del Río,0000,Total del Municipio,,,,10520,4548,2996,4532,2980,2995,total
17,Morelos,005,Coatlán del Río,0001,Coatlán del Río," 99°26'05.282"" W","18°44'39.068"" N",1020,1907,895,619,891,615,619,cabecera_municipal
17,Morelos,006,Cuautla,0000,Total del Municipio,,,,187118,69767,52396,68485,51114,52369,total
17,Morelos,006,Cuautla,0001,Cuautla," 98°57'18.953"" W","18°48'46.038"" N",1294,157336,57933,44314,56890,43271,44292,cabecera_municipal
17,Morelos,007,Cuernavaca,0000,Total del Municipio,,,,378476,148249,114742,139641,106134,114637,total
17,Morelos,007,Cuernavaca,0001,Cuernavaca," 99°14'05.629"" W","18°55'18.418"" N",1522,341029,133748,104049,125871,96172,103947,cabecera_municipal
17,Morelos,008,Emiliano Zapata,0000,Total del Municipio,,,,107053,58108,31160,54447,27499,31145,total
17,Morelos,008,Emiliano Zapata,0001,Emiliano Zapata," 99°10'59.674"" W","18°50'27.543"" N",1248,64084,27540,18001,25634,16095,17998,cabecera_municipal
17,Morelos,009,Huitzilac,0000,Total del Municipio,,,,24515,9647,6704,9355,6412,6702,total
17,Morelos,009,Huitzilac,0001,Huitzilac," 99°16'02.830"" W","19°01'44.519"" N",2554,5347,1697,1369,1677,1349,1369,cabecera_municipal
17,Morelos,010,Jantetelco,0000,Total del Municipio,,,,18402,6971,5135,6943,5107,5131,total
17,Morelos,010,Jantetelco,0001,Jantetelco," 98°46'38.283"" W","18°42'54.741"" N",1428,5050,2009,1439,2002,1432,1435,cabecera_municipal
17,Morelos,011,Jiutepec,0000,Total del Municipio,,,,215357,73832,61620,69087,56875,61598,total
17,Morelos,011,Jiutepec,0001,Jiutepec," 99°10'37.914"" W","18°52'55.108"" N",1354,174629,59791,50336,55996,46541,50318,cabecera_municipal
17,Morelos,012,Jojutla,0000,Total del Municipio,,,,57682,26540,16963,26400,16823,16957,total
17,Morelos,012,Jojutla,0001,Jojutla," 99°10'51.757"" W","18°36'59.639"" N",0884,17777,6661,5234,6593,5166,5230,cabecera_municipal
17,Morelos,013,Jonacatepec de Leandro Valle,0000,Total del Municipio,,,,16694,6035,4488,6017,4470,4485,total
17,Morelos,013,Jonacatepec de Leandro Valle,0001,Jonacatepec de Leandro Valle," 98°48'11.603"" W","18°40'50.485"" N",1336,8474,3250,2362,3238,2350,2359,cabecera_municipal
17,Morelos,014,Mazatepec,0000,Total del Municipio,,,,9653,4168,2902,4147,2881,2900,total
17,Morelos,014,Mazatepec,0001,Mazatepec," 99°22'01.099"" W","18°43'59.464"" N",0963,4178,1725,1262,1711,1248,1261,cabecera_municipal
17,Morelos,015,Miacatlán,0000,Total del Municipio,,,,15802,7032,4591,6975,4534,4587,total
17,Morelos,015,Miacatlán,0001,Miacatlán," 99°21'36.955"" W","18°46'11.937"" N",1004,7466,2963,2098,2950,2085,2097,cabecera_municipal
17,Morelos,016,Ocuituco,0000,Total del Municipio,,,,19219,6631,4991,6611,4971,4990,total
17,Morelos,016,Ocuituco,0001,Ocuituco," 98°46'32.511"" W","18°52'39.694"" N",1910,5373,1877,1414,1870,1407,1413,cabecera_municipal
17,Morelos,017,Puente de Ixtla,0000,Total del Municipio,,,,40018,15533,11307,15041,10815,11305,total
17,Morelos,017,Puente de Ixtla,0001,Puente de Ixtla," 99°19'25.325"" W","18°37'00.750"" N",0882,20434,7243,5797,6888,5442,5796,cabecera_municipal
17,Morelos,018,Temixco,0000,Total del Municipio,,,,122263,57988,34720,56809,33541,34712,total
17,Morelos,018,Temixco,0001,Temixco," 99°13'26.915"" W","18°50'42.984"" N",1238,104461,45101,29667,44229,28795,29660,cabecera_municipal
17,Morelos,019,Tepalcingo,0000,Total del Municipio,,,,28122,10726,7788,10713,7775,7786,total
17,Morelos,019,Tepalcingo,0001,Tepalcingo," 98°50'39.684"" W","18°35'41.051"" N",1156,13403,4570,3583,4565,3578,3583,cabecera_municipal
17,Morelos,020,Tepoztlán,0000,Total del Municipio,,,,54987,21741,15585,21169,15013,15579,total
17,Morelos,020,Tepoztlán,0001,Tepoztlán," 99°06'04.417"" W","18°59'11.246"" N",1713,14719,6098,4457,6048,4407,4453,cabecera_municipal
17,Morelos,021,Tetecala,0000,Total del Municipio,,,,7617,3543,2387,3455,2299,2387,total
17,Morelos,021,Tetecala,0001,Tetecala," 99°23'54.899"" W","18°43'44.282"" N",0980,4781,2107,1528,2039,1460,1528,cabecera_municipal
17,Morelos,022,Tetela del Volcán,0000,Total del Municipio,,,,14853,4678,3802,4672,3796,3799,total
17,Morelos,022,Tetela del Volcán,0001,Tetela del Volcán," 98°43'48.236"" W","18°53'36.690"" N",2217,12162,3719,3129,3714,3124,3126,cabecera_municipal
17,Morelos,023,Tlalnepantla,0000,Total del Municipio,,,,7943,2703,2051,2652,2000,2050,total
17,Morelos,023,Tlalnepantla,0001,Tlalnepantla," 98°59'50.468"" W","19°00'28.537"" N",2065,4383,1261,1110,1233,1082,1110,cabecera_municipal
17,Morelos,024,Tlaltizapán de Zapata,0000,Total del Municipio,,,,52399,22928,15162,22705,14939,15158,total
17,Morelos,024,Tlaltizapán de Zapata,0001,Tlaltizapán," 99°07'05.444"" W","18°40'58.664"" N",0940,10779,4026,3189,3983,3146,3189,cabecera_municipal
17,Morelos,025,Tlaquiltenango,0000,Total del Municipio,,,,33789,14057,10113,13849,9905,10113,total
17,Morelos,025,Tlaquiltenango,0001,Tlaquiltenango," 99°09'45.584"" W","18°37'48.108"" N",0913,18342,6666,5469,6550,5353,5469,cabecera_municipal
17,Morelos,026,Tlayacapan,0000,Total del Municipio,,,,19408,8002,5085,7948,5031,5085,total
17,Morelos,026,Tlayacapan,0001,Tlayacapan," 98°58'59.223"" W","18°57'23.822"" N",1629,8374,3022,2168,3014,2160,2168,cabecera_municipal
17,Morelos,027,Totolapan,0000,Total del Municipio,,,,12750,4924,3593,4889,3558,3591,total
17,Morelos,027,Totolapan,0001,Totolapan," 98°55'17.180"" W","18°59'14.004"" N",1901,6798,2432,1924,2416,1908,1923,cabecera_municipal
17,Morelos,028,Xochitepec,0000,Total del Municipio,,,,73539,41685,19669,40694,18678,19658,total
17,Morelos,028,Xochitepec,0001,Xochitepec," 99°13'53.266"" W","18°46'54.716"" N",1111,21862,10139,6186,9854,5901,6182,cabecera_municipal
17,Morelos,029,Yautepec,0000,Total del Municipio,,,,105780,54477,30552,54073,30148,30536,total
17,Morelos,029,Yautepec,0001,Yautepec de Zaragoza," 99°03'38.715"" W","18°53'09.822"" N",1212,44353,21072,12877,20949,12754,12870,cabecera_municipal
17,Morelos,030,Yecapixtla,0000,Total del Municipio,,,,56083,20630,14652,20427,14449,14649,total
17,Morelos,030,Yecapixtla,0001,Yecapixtla," 98°52'05.317"" W","18°53'00.311"" N",1562,19104,6720,4794,6688,4762,4792,cabecera_municipal
17,Morelos,031,Zacatepec,0000,Total del Municipio,,,,36094,13819,10566,13536,10283,10564,total
17,Morelos,031,Zacatepec,0001,Zacatepec de Hidalgo," 99°11'39.404"" W","18°39'19.469"" N",0912,21375,8334,6309,8246,6221,6307,cabecera_municipal
17,Morelos,032,Zacualpan de Amilpas,0000,Total del Municipio,,,,9965,4082,2832,4077,2827,2832,total
17,Morelos,032,Zacualpan de Amilpas,0001,Zacualpan de Amilpas," 98°45'55.523"" W","18°47'03.815"" N",1644,3742,1632,1120,1632,1120,1120,cabecera_municipal
17,Morelos,033,Temoac,0000,Total del Municipio,,,,16574,5222,4187,5194,4159,4185,total
17,Morelos,033,Temoac,0001,Temoac," 98°46'40.955"" W","18°46'20.334"" N",1579,6447,2145,1722,2140,1717,1721,cabecera_municipal
17,Morelos,034,Coatetelco,0000,Total del Municipio,,,,11347,3566,2814,3551,2799,2813,total
17,Morelos,034,Coatetelco,0001,Coatetelco Centro," 99°19'37.407"" W","18°43'49.749"" N",0975,9672,2951,2394,2949,2392,2394,cabecera_municipal
17,Morelos,035,Xoxocotla,0000,Total del Municipio,,,,27805,7495,6342,7384,6231,6340,total
17,Morelos,035,Xoxocotla,0001,Xoxocotla Centro," 99°14'41.621"" W","18°41'11.662"" N",1024,24073,6094,5399,6029,5334,5398,cabecera_municipal
17,Morelos,036,Hueyapan,0000,Total del Municipio,,,,7855,2583,1965,2582,1964,1965,total
17,Morelos,036,Hueyapan,0001,Barrio de San Miguel," 98°41'26.463"" W","18°53'06.484"" N",2275,7352,2374,1839,2373,1838,1839,cabecera_municipal
18,Nayarit,000,Total de la entidad Nayarit,0000,Total de la Entidad,,,,1235456,482910,361596,474053,352739,361270,total
18,Nayarit,001,Acaponeta,0000,Total del Municipio,,,,37232,14060,10864,13864,10668,10861,total
18,Nayarit,001,Acaponeta,0001,Acaponeta,"105°21'36.663"" W","22°29'21.795"" N",0028,19976,7321,5765,7169,5613,5765,cabecera_municipal
18,Nayarit,002,Ahuacatlán,0000,Total del Municipio,,,,15393,6691,4824,6584,4717,4819,total
18,Nayarit,002,Ahuacatlán,0001,Ahuacatlán,"104°29'04.792"" W","21°03'02.113"" N",0986,7259,2981,2281,2917,2217,2277,cabecera_municipal
18,Nayarit,003,Amatlán de Cañas,0000,Total del Municipio,,,,11536,5592,3666,5544,3618,3664,total
18,Nayarit,003,Amatlán de Cañas,0001,Amatlán de Cañas,"104°24'19.400"" W","20°48'28.016"" N",0743,3267,1539,1031,1537,1029,1030,cabecera_municipal
18,Nayarit,004,Compostela,0000,Total del Municipio,,,,77436,33497,23416,32617,22536,23347,total
18,Nayarit,004,Compostela,0001,Compostela,"104°54'02.150"" W","21°14'15.107"" N",0846,20322,7854,6089,7542,5777,6085,cabecera_municipal
18,Nayarit,005,Huajicori,0000,Total del Municipio,,,,12230,3760,2801,3733,2774,2796,total
18,Nayarit,005,Huajicori,0001,Huajicori,"105°19'11.946"" W","22°38'14.139"" N",0065,3666,1220,882,1203,865,881,cabecera_municipal
18,Nayarit,006,Ixtlán del Río,0000,Total del Municipio,,,,29299,11336,8542,11158,8364,8534,total
18,Nayarit,006,Ixtlán del Río,0001,Ixtlán del Río,"104°22'08.080"" W","21°02'06.199"" N",1040,25477,9660,7422,9487,7249,7414,cabecera_municipal
18,Nayarit,007,Jala,0000,Total del Municipio,,,,19321,7128,5021,7052,4945,5021,total
18,Nayarit,007,Jala,0001,Jala,"104°26'17.580"" W","21°06'17.356"" N",1065,5844,2477,1671,2450,1644,1671,cabecera_municipal
18,Nayarit,008,Xalisco,0000,Total del Municipio,,,,65229,23408,18689,22648,17929,18664,total
18,Nayarit,008,Xalisco,0001,Xalisco,"104°53'59.048"" W","21°26'37.274"" N",0989,48170,17089,13872,16483,13266,13862,cabecera_municipal
18,Nayarit,009,Del Nayar,0000,Total del Municipio,,,,47550,12905,8952,12847,8894,8921,total
18,Nayarit,009,Del Nayar,0001,Jesús María,"104°31'04.593"" W","22°15'04.050"" N",0424,3695,1195,755,1186,746,751,cabecera_municipal
18,Nayarit,010,Rosamorada,0000,Total del Municipio,,,,33567,13891,10219,13788,10116,10218,total
18,Nayarit,010,Rosamorada,0001,Rosamorada,"105°12'14.869"" W","22°07'21.163"" N",0023,3718,1566,1154,1547,1135,1154,cabecera_municipal
18,Nayarit,011,Ruíz,0000,Total del Municipio,,,,24096,9124,6930,9056,6862,6927,total
18,Nayarit,011,Ruíz,0001,Ruiz,"105°08'42.204"" W","21°57'00.910"" N",0025,14678,5664,4393,5621,4350,4391,cabecera_municipal
18,Nayarit,012,San Blas,0000,Total del Municipio,,,,41518,18861,13009,18574,12722,12999,total
18,Nayarit,012,San Blas,0001,San Blas,"105°17'09.767"" W","21°32'30.257"" N",0015,10935,4728,3407,4617,3296,3402,cabecera_municipal
18,Nayarit,013,San Pedro Lagunillas,0000,Total del Municipio,,,,7683,3605,2470,3556,2421,2469,total
18,Nayarit,013,San Pedro Lagunillas,0001,San Pedro Lagunillas,"104°45'03.995"" W","21°13'18.862"" N",1293,4007,1778,1242,1773,1237,1241,cabecera_municipal
18,Nayarit,014,Santa María del Oro,0000,Total del Municipio,,,,24911,9736,7149,9678,7091,7130,total
18,Nayarit,014,Santa María del Oro,0001,Santa María del Oro,"104°35'13.944"" W","21°19'59.482"" N",1163,5343,1992,1512,1990,1510,1510,cabecera_municipal
18,Nayarit,015,Santiago Ixcuintla,0000,Total del Municipio,,,,93981,37459,28958,37405,28904,28947,total
18,Nayarit,015,Santiago Ixcuintla,0001,Santiago Ixcuintla,"105°12'21.760"" W","21°48'30.009"" N",0014,18023,7254,5662,7246,5654,5659,cabecera_municipal
18,Nayarit,016,Tecuala,0000,Total del Municipio,,,,37135,16434,11687,16356,11609,11679,total
18,Nayarit,016,Tecuala,0001,Tecuala,"105°27'21.722"" W","22°23'42.148"" N",0010,13620,5726,4127,5707,4108,4120,cabecera_municipal
18,Nayarit,017,Tepic,0000,Total del Municipio,,,,425924,156934,126275,153337,122678,126186,total
18,Nayarit,017,Tepic,0001,Tepic,"104°53'37.677"" W","21°30'26.687"" N",0926,371387,137237,111375,133816,107954,111304,cabecera_municipal
18,Nayarit,018,Tuxpan,0000,Total del Municipio,,,,30064,11978,9494,11759,9275,9491,total
18,Nayarit,018,Tuxpan,0001,Tuxpan,"105°17'53.114"" W","21°56'41.245"" N",0010,22013,8508,6868,8335,6695,6865,cabecera_municipal
18,Nayarit,019,La Yesca,0000,Total del Municipio,,,,13719,4881,3342,4808,3269,3339,total
18,Nayarit,019,La Yesca,0001,La Yesca,"104°00'35.150"" W","21°19'07.987"" N",1411,514,241,147,240,146,147,cabecera_municipal
18,Nayarit,020,Bahía de Banderas,0000,Total del Municipio,,,,187632,81630,55288,79689,53347,55258,total
18,Nayarit,020,Bahía de Banderas,0001,Valle de Banderas,"105°14'52.527"" W","20°48'24.336"" N",0060,8730,2960,2487,2894,2421,2486,cabecera_municipal
19,Nuevo León,000,Total de la entidad Nuevo León,0000,Total de la Entidad,,,,5784442,2037695,1655690,1927423,1545418,1655256,total
19,Nuevo León,001,Abasolo,0000,Total del Municipio,,,,2974,1194,802,1187,795,802,total
19,Nuevo León,001,Abasolo,0001,Abasolo,"100°23'59.958"" W","25°56'43.215"" N",0502,1992,795,544,788,537,544,cabecera_municipal
19,Nuevo León,002,Agualeguas,0000,Total del Municipio,,,,3382,2971,1275,2953,1257,1274,total
19,Nuevo León,002,Agualeguas,0001,Agualeguas," 99°32'21.801"" W","26°18'39.293"" N",0176,2080,1544,757,1531,744,756,cabecera_municipal
19,Nuevo León,003,Los Aldamas,0000,Total del Municipio,,,,1407,1623,541,1618,536,541,total
19,Nuevo León,003,Los Aldamas,0001,Los Aldamas," 99°11'48.240"" W","26°03'50.916"" N",0099,627,582,234,579,231,234,cabecera_municipal
19,Nuevo León,004,Allende,0000,Total del Municipio,,,,35289,13785,10708,12778,9701,10703,total
19,Nuevo León,004,Allende,0001,Ciudad de Allende,"100°00'29.966"" W","25°17'12.840"" N",0438,28843,10207,8698,9355,7846,8694,cabecera_municipal
19,Nuevo León,005,Anáhuac,0000,Total del Municipio,,,,18030,8119,5468,7999,5348,5468,total
19,Nuevo León,005,Anáhuac,0001,Anáhuac,"100°07'56.770"" W","27°14'26.330"" N",0196,16414,6737,4881,6626,4770,4881,cabecera_municipal
19,Nuevo León,006,Apodaca,0000,Total del Municipio,,,,656464,212801,181728,206495,175422,181705,total
19,Nuevo León,006,Apodaca,0001,Ciudad Apodaca,"100°11'21.220"" W","25°46'52.660"" N",0430,536436,170597,149015,166066,144484,149002,cabecera_municipal
19,Nuevo León,007,Aramberri,0000,Total del Municipio,,,,14992,6145,4276,6119,4250,4273,total
19,Nuevo León,007,Aramberri,0001,Aramberri," 99°49'05.040"" W","24°06'02.110"" N",1080,2692,1161,748,1155,742,747,cabecera_municipal
19,Nuevo León,008,Bustamante,0000,Total del Municipio,,,,3661,2389,1182,2385,1178,1181,total
19,Nuevo León,008,Bustamante,0001,Bustamante,"100°30'09.740"" W","26°32'04.790"" N",0460,3524,2205,1121,2201,1117,1120,cabecera_municipal
19,Nuevo León,009,Cadereyta Jiménez,0000,Total del Municipio,,,,122337,55231,37366,53864,35999,37353,total
19,Nuevo León,009,Cadereyta Jiménez,0001,Cadereyta Jiménez,"100°00'05.740"" W","25°35'27.630"" N",0330,75721,30655,23539,29463,22347,23531,cabecera_municipal
19,Nuevo León,010,El Carmen,0000,Total del Municipio,,,,104478,38780,30044,33265,24529,30041,total
19,Nuevo León,010,El Carmen,0001,Carmen,"100°21'50.840"" W","25°55'56.020"" N",0500,11583,4538,3408,4401,3271,3405,cabecera_municipal
19,Nuevo León,011,Cerralvo,0000,Total del Municipio,,,,7340,4283,2456,4244,2417,2455,total
19,Nuevo León,011,Cerralvo,0001,Ciudad Cerralvo," 99°36'53.040"" W","26°05'23.530"" N",0279,6739,3711,2212,3673,2174,2211,cabecera_municipal
19,Nuevo León,012,Ciénega de Flores,0000,Total del Municipio,,,,68747,31005,20455,29416,18866,20454,total
19,Nuevo León,012,Ciénega de Flores,0001,Ciénega de Flores,"100°10'05.190"" W","25°57'07.450"" N",0399,30217,13226,8794,12913,8481,8794,cabecera_municipal
19,Nuevo León,013,China,0000,Total del Municipio,,,,9930,5543,3268,5539,3264,3268,total
19,Nuevo León,013,China,0001,China," 99°14'21.540"" W","25°42'21.290"" N",0137,8264,4400,2651,4396,2647,2651,cabecera_municipal
19,Nuevo León,014,Doctor Arroyo,0000,Total del Municipio,,,,36088,13349,9229,13330,9210,9227,total
19,Nuevo León,014,Doctor Arroyo,0001,Doctor Arroyo,"100°10'56.120"" W","23°40'28.890"" N",1721,11822,4221,2947,4216,2942,2946,cabecera_municipal
19,Nuevo León,015,Doctor Coss,0000,Total del Municipio,,,,1360,1246,494,1244,492,493,total
19,Nuevo León,015,Doctor Coss,0001,Doctor Coss," 99°11'03.740"" W","25°55'33.230"" N",0113,802,595,272,594,271,272,cabecera_municipal
19,Nuevo León,016,Doctor González,0000,Total del Municipio,,,,3256,2106,1029,2100,1023,1029,total
19,Nuevo León,016,Doctor González,0001,Doctor González," 99°56'30.728"" W","25°51'31.786"" N",0368,2210,1125,670,1121,666,670,cabecera_municipal
19,Nuevo León,017,Galeana,0000,Total del Municipio,,,,40903,16424,11185,16324,11085,11183,total
19,Nuevo León,017,Galeana,0001,Galeana,"100°04'38.740"" W","24°49'34.560"" N",1639,7844,3018,2213,3014,2209,2211,cabecera_municipal
19,Nuevo León,018,García,0000,Total del Municipio,,,,397205,157779,114900,152878,109999,114892,total
19,Nuevo León,018,García,0001,García,"100°35'07.690"" W","25°48'01.770"" N",0716,234698,89439,66380,88004,64945,66373,cabecera_municipal
19,Nuevo León,019,San Pedro Garza García,0000,Total del Municipio,,,,132169,41237,37754,31716,28233,37730,total
19,Nuevo León,019,San Pedro Garza García,0001,San Pedro Garza García,"100°24'08.880"" W","25°39'54.610"" N",0627,132128,41193,37737,31675,28219,37713,cabecera_municipal
19,Nuevo León,020,General Bravo,0000,Total del Municipio,,,,5506,3397,1759,3390,1752,1757,total
19,Nuevo León,020,General Bravo,0001,General Bravo," 99°10'52.440"" W","25°47'35.870"" N",0124,4036,2282,1268,2276,1262,1267,cabecera_municipal
19,Nuevo León,021,General Escobedo,0000,Total del Municipio,,,,481213,154216,131741,149002,126527,131731,total
19,Nuevo León,021,General Escobedo,0001,Ciudad General Escobedo,"100°19'21.510"" W","25°48'28.750"" N",0500,454967,144464,124510,139421,119467,124500,cabecera_municipal
19,Nuevo León,022,General Terán,0000,Total del Municipio,,,,14109,7473,4638,7456,4621,4636,total
19,Nuevo León,022,General Terán,0001,Ciudad General Terán," 99°41'08.930"" W","25°15'25.870"" N",0310,6490,2828,2097,2825,2094,2097,cabecera_municipal
19,Nuevo León,023,General Treviño,0000,Total del Municipio,,,,1808,1096,660,1095,659,660,total
19,Nuevo León,023,General Treviño,0001,General Treviño," 99°29'02.690"" W","26°13'37.090"" N",0150,1424,827,513,826,512,513,cabecera_municipal
19,Nuevo León,024,General Zaragoza,0000,Total del Municipio,,,,6282,2437,1657,2433,1653,1656,total
19,Nuevo León,024,General Zaragoza,0001,General Zaragoza," 99°46'20.610"" W","23°58'23.740"" N",1373,2986,1149,781,1146,778,780,cabecera_municipal
19,Nuevo León,025,General Zuazua,0000,Total del Municipio,,,,102149,42305,29632,40448,27775,29632,total
19,Nuevo León,025,General Zuazua,0001,General Zuazua,"100°06'29.690"" W","25°53'49.120"" N",0360,9934,5044,3124,4780,2860,3124,cabecera_municipal
19,Nuevo León,026,Guadalupe,0000,Total del Municipio,,,,643143,207183,182548,200137,175502,182500,total
19,Nuevo León,026,Guadalupe,0001,Guadalupe,"100°15'35.630"" W","25°40'38.370"" N",0480,635862,204499,180473,197632,173606,180425,cabecera_municipal
19,Nuevo León,027,Los Herreras,0000,Total del Municipio,,,,1959,1899,731,1887,719,731,total
19,Nuevo León,027,Los Herreras,0001,Los Herreras," 99°24'11.870"" W","25°54'20.180"" N",0150,1454,1268,530,1263,525,530,cabecera_municipal
19,Nuevo León,028,Higueras,0000,Total del Municipio,,,,1386,835,422,835,422,422,total
19,Nuevo León,028,Higueras,0001,Higueras,"100°00'51.660"" W","25°57'43.040"" N",0489,1287,797,386,797,386,386,cabecera_municipal
19,Nuevo León,029,Hualahuises,0000,Total del Municipio,,,,7026,3361,2164,3357,2160,2164,total
19,Nuevo León,029,Hualahuises,0001,Hualahuises," 99°40'23.620"" W","24°53'04.710"" N",0401,5854,2649,1786,2648,1785,1786,cabecera_municipal
19,Nuevo León,030,Iturbide,0000,Total del Municipio,,,,3298,1454,998,1453,997,997,total
19,Nuevo León,030,Iturbide,0001,Iturbide," 99°54'18.940"" W","24°43'33.520"" N",1479,1759,831,541,830,540,540,cabecera_municipal
19,Nuevo León,031,Juárez,0000,Total del Municipio,,,,471523,181463,134444,174694,127675,134428,total
19,Nuevo León,031,Juárez,0001,Ciudad Benito Juárez,"100°05'27.170"" W","25°38'46.410"" N",0374,308285,121539,89387,115486,83334,89382,cabecera_municipal
19,Nuevo León,032,Lampazos de Naranjo,0000,Total del Municipio,,,,5351,3014,1663,3012,1661,1662,total
19,Nuevo León,032,Lampazos de Naranjo,0001,Lampazos de Naranjo,"100°30'15.565"" W","27°01'31.124"" N",0323,5086,2741,1563,2739,1561,1562,cabecera_municipal
19,Nuevo León,033,Linares,0000,Total del Municipio,,,,84666,31978,24528,31812,24362,24519,total
19,Nuevo León,033,Linares,0001,Linares," 99°34'04.330"" W","24°51'34.750"" N",0350,70378,25188,20163,25058,20033,20155,cabecera_municipal
19,Nuevo León,034,Marín,0000,Total del Municipio,,,,5119,2215,1441,2185,1411,1441,total
19,Nuevo León,034,Marín,0001,Marín,"100°02'02.575"" W","25°52'45.488"" N",0396,2791,1339,827,1329,817,827,cabecera_municipal
19,Nuevo León,035,Melchor Ocampo,0000,Total del Municipio,,,,1483,921,462,907,448,461,total
19,Nuevo León,035,Melchor Ocampo,0001,Melchor Ocampo," 99°32'32.220"" W","26°03'30.690"" N",0239,908,640,295,634,289,294,cabecera_municipal
19,Nuevo León,036,Mier y Noriega,0000,Total del Municipio,,,,7652,2662,1881,2658,1877,1881,total
19,Nuevo León,036,Mier y Noriega,0001,Mier y Noriega,"100°07'10.810"" W","23°25'23.230"" N",1669,1180,561,335,558,332,335,cabecera_municipal
19,Nuevo León,037,Mina,0000,Total del Municipio,,,,6048,2727,1707,2711,1691,1705,total
19,Nuevo León,037,Mina,0001,Mina,"100°31'54.640"" W","26°00'04.520"" N",0592,5277,1818,1420,1803,1405,1418,cabecera_municipal
19,Nuevo León,038,Montemorelos,0000,Total del Municipio,,,,67428,30139,20912,28944,19717,20904,total
19,Nuevo León,038,Montemorelos,0001,Montemorelos," 99°49'37.050"" W","25°11'21.310"" N",0411,54467,21162,16758,20259,15855,16752,cabecera_municipal
19,Nuevo León,039,Monterrey,0000,Total del Municipio,,,,1142994,368796,329095,329622,289921,328908,total
19,Nuevo León,039,Monterrey,0001,Monterrey,"100°18'39.210"" W","25°39'52.910"" N",0530,1142952,368780,329082,329609,289911,328895,cabecera_municipal
19,Nuevo León,040,Parás,0000,Total del Municipio,,,,906,830,334,828,332,334,total
19,Nuevo León,040,Parás,0001,Parás," 99°31'31.520"" W","26°29'54.740"" N",0141,740,656,265,654,263,265,cabecera_municipal
19,Nuevo León,041,Pesquería,0000,Total del Municipio,,,,147624,57402,43681,56123,42402,43678,total
19,Nuevo León,041,Pesquería,0001,Pesquería,"100°03'13.240"" W","25°46'59.730"" N",0338,48069,17755,14128,17153,13526,14127,cabecera_municipal
19,Nuevo León,042,Los Ramones,0000,Total del Municipio,,,,5389,4610,1861,4603,1854,1858,total
19,Nuevo León,042,Los Ramones,0001,Los Ramones," 99°37'26.510"" W","25°41'47.010"" N",0210,1323,765,443,763,441,443,cabecera_municipal
19,Nuevo León,043,Rayones,0000,Total del Municipio,,,,2377,1675,772,1663,760,772,total
19,Nuevo León,043,Rayones,0001,Rayones,"100°04'23.570"" W","25°01'05.240"" N",0840,369,295,143,287,135,143,cabecera_municipal
19,Nuevo León,044,Sabinas Hidalgo,0000,Total del Municipio,,,,34709,16128,10799,15699,10370,10795,total
19,Nuevo León,044,Sabinas Hidalgo,0001,Ciudad Sabinas Hidalgo,"100°10'52.130"" W","26°29'54.130"" N",0301,33522,14968,10393,14556,9981,10389,cabecera_municipal
19,Nuevo León,045,Salinas Victoria,0000,Total del Municipio,,,,86766,36175,25430,35578,24833,25428,total
19,Nuevo León,045,Salinas Victoria,0001,Salinas Victoria,"100°17'29.420"" W","25°57'34.440"" N",0436,13059,5236,3850,5070,3684,3850,cabecera_municipal
19,Nuevo León,046,San Nicolás de los Garza,0000,Total del Municipio,,,,412199,133725,121798,127381,115454,121777,total
19,Nuevo León,046,San Nicolás de los Garza,0001,San Nicolás de los Garza,"100°17'22.510"" W","25°45'18.910"" N",0508,412199,133725,121798,127381,115454,121777,cabecera_municipal
19,Nuevo León,047,Hidalgo,0000,Total del Municipio,,,,16086,5900,4581,5540,4221,4581,total
19,Nuevo León,047,Hidalgo,0001,Hidalgo,"100°26'48.820"" W","25°58'32.340"" N",0548,16057,5879,4570,5519,4210,4570,cabecera_municipal
19,Nuevo León,048,Santa Catarina,0000,Total del Municipio,,,,306322,90966,82925,84870,76829,82912,total
19,Nuevo León,048,Santa Catarina,0001,Ciudad Santa Catarina,"100°27'42.290"" W","25°40'27.710"" N",0687,304052,89586,82202,83510,76126,82189,cabecera_municipal
19,Nuevo León,049,Santiago,0000,Total del Municipio,,,,46784,20785,14435,17734,11384,14423,total
19,Nuevo León,049,Santiago,0001,Santiago,"100°09'10.840"" W","25°25'37.560"" N",0480,43019,17602,13214,14814,10426,13203,cabecera_municipal
19,Nuevo León,050,Vallecillo,0000,Total del Municipio,,,,1552,1315,564,1314,563,564,total
19,Nuevo León,050,Vallecillo,0001,Vallecillo," 99°59'22.486"" W","26°39'34.822"" N",0272,549,299,176,299,176,176,cabecera_municipal
19,Nuevo León,051,Villaldama,0000,Total del Municipio,,,,3573,2603,1267,2598,1262,1267,total
19,Nuevo León,051,Villaldama,0001,Ciudad de Villaldama,"100°25'28.420"" W","26°29'53.610"" N",0418,2578,1622,885,1618,881,885,cabecera_municipal
20,Oaxaca,000,Total de la entidad Oaxaca,0000,Total de la Entidad,,,,4132148,1570618,1126544,1555248,1111174,1125892,total
20,Oaxaca,001,Abejones,0000,Total del Municipio,,,,841,412,217,411,216,216,total
20,Oaxaca,001,Abejones,0001,Abejones," 96°36'29.427"" W","17°26'08.708"" N",2254,841,412,217,411,216,216,cabecera_municipal
20,Oaxaca,002,Acatlán de Pérez Figueroa,0000,Total del Municipio,,,,45167,16098,13012,15950,12864,13009,total
20,Oaxaca,002,Acatlán de Pérez Figueroa,0001,Acatlán de Pérez Figueroa," 96°36'27.396"" W","18°32'18.828"" N",0131,6341,2446,1882,2423,1859,1882,cabecera_municipal
20,Oaxaca,003,Asunción Cacalotepec,0000,Total del Municipio,,,,2547,1282,795,1281,794,794,total
20,Oaxaca,003,Asunción Cacalotepec,0001,Asunción Cacalotepec," 95°57'23.622"" W","17°02'06.951"" N",2013,785,428,260,427,259,259,cabecera_municipal
20,Oaxaca,004,Asunción Cuyotepeji,0000,Total del Municipio,,,,1107,535,341,534,340,341,total
20,Oaxaca,004,Asunción Cuyotepeji,0001,Asunción Cuyotepeji," 97°40'27.669"" W","17°55'51.242"" N",1753,1030,503,318,502,317,318,cabecera_municipal
20,Oaxaca,005,Asunción Ixtaltepec,0000,Total del Municipio,,,,15261,6429,4955,6405,4931,4953,total
20,Oaxaca,005,Asunción Ixtaltepec,0001,Asunción Ixtaltepec," 95°03'25.362"" W","16°30'13.823"" N",0022,7616,3085,2457,3079,2451,2456,cabecera_municipal
20,Oaxaca,006,Asunción Nochixtlán,0000,Total del Municipio,,,,20464,8377,5344,8355,5322,5342,total
20,Oaxaca,006,Asunción Nochixtlán,0001,Asunción Nochixtlán," 97°13'30.715"" W","17°27'32.171"" N",2079,15851,5528,4013,5506,3991,4011,cabecera_municipal
20,Oaxaca,007,Asunción Ocotlán,0000,Total del Municipio,,,,2395,1686,769,1686,769,769,total
20,Oaxaca,007,Asunción Ocotlán,0001,Asunción Ocotlán," 96°43'16.772"" W","16°45'33.045"" N",1477,2350,1643,760,1643,760,760,cabecera_municipal
20,Oaxaca,008,Asunción Tlacolulita,0000,Total del Municipio,,,,734,428,268,428,268,268,total
20,Oaxaca,008,Asunción Tlacolulita,0001,Asunción Tlacolulita," 95°43'34.699"" W","16°18'00.947"" N",0347,432,305,174,305,174,174,cabecera_municipal
20,Oaxaca,009,Ayotzintepec,0000,Total del Municipio,,,,6857,2557,1948,2557,1948,1948,total
20,Oaxaca,009,Ayotzintepec,0001,Ayotzintepec," 96°07'59.775"" W","17°40'36.151"" N",0107,3883,1497,1123,1497,1123,1123,cabecera_municipal
20,Oaxaca,010,El Barrio de la Soledad,0000,Total del Municipio,,,,13474,5798,4336,5745,4283,4336,total
20,Oaxaca,010,El Barrio de la Soledad,0001,El Barrio de la Soledad," 95°06'43.884"" W","16°48'14.166"" N",0260,2399,934,719,925,710,719,cabecera_municipal
20,Oaxaca,011,Calihualá,0000,Total del Municipio,,,,1402,595,340,576,321,339,total
20,Oaxaca,011,Calihualá,0001,Calihualá," 98°16'42.154"" W","17°31'58.287"" N",1311,607,270,157,264,151,156,cabecera_municipal
20,Oaxaca,012,Candelaria Loxicha,0000,Total del Municipio,,,,11166,3205,2465,3205,2465,2465,total
20,Oaxaca,012,Candelaria Loxicha,0001,Candelaria Loxicha," 96°29'30.908"" W","15°55'34.804"" N",0453,2324,682,546,682,546,546,cabecera_municipal
20,Oaxaca,013,Ciénega de Zimatlán,0000,Total del Municipio,,,,3043,1438,896,1438,896,896,total
20,Oaxaca,013,Ciénega de Zimatlán,0001,Ciénega de Zimatlán," 96°45'59.826"" W","16°53'49.517"" N",1492,2980,1420,880,1420,880,880,cabecera_municipal
20,Oaxaca,014,Ciudad Ixtepec,0000,Total del Municipio,,,,28082,11683,8608,11644,8569,8605,total
20,Oaxaca,014,Ciudad Ixtepec,0001,Ciudad Ixtepec," 95°05'55.365"" W","16°34'03.714"" N",0058,26015,10673,7994,10634,7955,7991,cabecera_municipal
20,Oaxaca,015,Coatecas Altas,0000,Total del Municipio,,,,5356,1939,1212,1939,1212,1212,total
20,Oaxaca,015,Coatecas Altas,0001,Coatecas Altas," 96°39'53.930"" W","16°32'12.332"" N",1546,3192,1058,664,1058,664,664,cabecera_municipal
20,Oaxaca,016,Coicoyán de las Flores,0000,Total del Municipio,,,,9563,2651,1677,2651,1677,1677,total
20,Oaxaca,016,Coicoyán de las Flores,0001,Coicoyán de las Flores," 98°16'33.940"" W","17°16'22.434"" N",1997,2293,791,450,791,450,450,cabecera_municipal
20,Oaxaca,017,La Compañía,0000,Total del Municipio,,,,3607,1377,1061,1370,1054,1061,total
20,Oaxaca,017,La Compañía,0001,La Compañía," 96°49'11.927"" W","16°33'29.629"" N",1376,752,281,224,281,224,224,cabecera_municipal
20,Oaxaca,018,Concepción Buenavista,0000,Total del Municipio,,,,752,632,237,632,237,237,total
20,Oaxaca,018,Concepción Buenavista,0001,Concepción Buenavista," 97°24'00.839"" W","17°52'42.720"" N",2126,277,293,94,293,94,94,cabecera_municipal
20,Oaxaca,019,Concepción Pápalo,0000,Total del Municipio,,,,2754,1395,855,1394,854,854,total
20,Oaxaca,019,Concepción Pápalo,0001,Concepción Pápalo," 96°52'52.897"" W","17°50'28.915"" N",2122,645,413,231,413,231,231,cabecera_municipal
20,Oaxaca,020,Constancia del Rosario,0000,Total del Municipio,,,,4847,1484,1057,1483,1056,1056,total
20,Oaxaca,020,Constancia del Rosario,0001,Constancia del Rosario," 97°56'29.249"" W","17°02'16.159"" N",0759,1860,584,445,584,445,445,cabecera_municipal
20,Oaxaca,021,Cosolapa,0000,Total del Municipio,,,,14488,5365,4128,5357,4120,4126,total
20,Oaxaca,021,Cosolapa,0001,Cosolapa," 96°40'56.590"" W","18°36'06.433"" N",0220,8325,3039,2339,3034,2334,2339,cabecera_municipal
20,Oaxaca,022,Cosoltepec,0000,Total del Municipio,,,,803,644,297,643,296,296,total
20,Oaxaca,022,Cosoltepec,0001,Cosoltepec," 97°47'26.419"" W","18°08'31.117"" N",1829,430,326,149,325,148,148,cabecera_municipal
20,Oaxaca,023,Cuilápam de Guerrero,0000,Total del Municipio,,,,26882,8935,6984,8733,6782,6984,total
20,Oaxaca,023,Cuilápam de Guerrero,0001,Cuilápam de Guerrero," 96°46'50.128"" W","16°59'45.605"" N",1567,15763,5019,4157,5017,4155,4157,cabecera_municipal
20,Oaxaca,024,Cuyamecalco Villa de Zaragoza,0000,Total del Municipio,,,,3644,1701,1024,1700,1023,1023,total
20,Oaxaca,024,Cuyamecalco Villa de Zaragoza,0001,Cuyamecalco Villa de Zaragoza," 96°49'52.955"" W","17°57'54.299"" N",1663,918,440,268,439,267,267,cabecera_municipal
20,Oaxaca,025,Chahuites,0000,Total del Municipio,,,,11356,3939,3278,3934,3273,3278,total
20,Oaxaca,025,Chahuites,0001,Chahuites," 94°11'44.966"" W","16°17'15.392"" N",0019,11054,3840,3194,3835,3189,3194,cabecera_municipal
20,Oaxaca,026,Chalcatongo de Hidalgo,0000,Total del Municipio,,,,9035,5916,2570,5904,2558,2566,total
20,Oaxaca,026,Chalcatongo de Hidalgo,0001,Chalcatongo de Hidalgo," 97°34'15.562"" W","17°01'55.304"" N",2461,2737,1707,737,1704,734,736,cabecera_municipal
20,Oaxaca,027,Chiquihuitlán de Benito Juárez,0000,Total del Municipio,,,,2179,1265,744,1265,744,744,total
20,Oaxaca,027,Chiquihuitlán de Benito Juárez,0001,Chiquihuitlán de Benito Juárez," 96°44'43.611"" W","17°59'43.582"" N",1205,1462,966,531,966,531,531,cabecera_municipal
20,Oaxaca,028,Heroica Ciudad de Ejutla de Crespo,0000,Total del Municipio,,,,23148,8726,6077,8719,6070,6075,total
20,Oaxaca,028,Heroica Ciudad de Ejutla de Crespo,0001,Heroica Ciudad de Ejutla de Crespo," 96°43'54.842"" W","16°33'51.392"" N",1450,11168,3956,2708,3950,2702,2706,cabecera_municipal
20,Oaxaca,029,Eloxochitlán de Flores Magón,0000,Total del Municipio,,,,4215,1568,1166,1566,1164,1164,total
20,Oaxaca,029,Eloxochitlán de Flores Magón,0001,Eloxochitlán de Flores Magón," 96°52'33.927"" W","18°10'36.771"" N",1345,901,358,247,356,245,245,cabecera_municipal
20,Oaxaca,030,El Espinal,0000,Total del Municipio,,,,8730,3244,2584,3236,2576,2584,total
20,Oaxaca,030,El Espinal,0001,El Espinal," 95°02'34.210"" W","16°29'08.555"" N",0029,8125,2998,2398,2990,2390,2398,cabecera_municipal
20,Oaxaca,031,Tamazulápam del Espíritu Santo,0000,Total del Municipio,,,,7185,3676,2038,3602,1964,2033,total
20,Oaxaca,031,Tamazulápam del Espíritu Santo,0001,Tamazulápam del Espíritu Santo," 96°03'54.382"" W","17°03'15.969"" N",2065,3020,1353,838,1303,788,836,cabecera_municipal
20,Oaxaca,032,Fresnillo de Trujano,0000,Total del Municipio,,,,1077,590,319,590,319,319,total
20,Oaxaca,032,Fresnillo de Trujano,0001,Fresnillo de Trujano," 98°08'10.684"" W","17°54'28.845"" N",1047,305,188,92,188,92,92,cabecera_municipal
20,Oaxaca,033,Guadalupe Etla,0000,Total del Municipio,,,,2929,966,772,963,769,771,total
20,Oaxaca,033,Guadalupe Etla,0001,Guadalupe Etla," 96°48'38.072"" W","17°10'17.893"" N",1594,2017,651,533,649,531,533,cabecera_municipal
20,Oaxaca,034,Guadalupe de Ramírez,0000,Total del Municipio,,,,1288,964,387,964,387,387,total
20,Oaxaca,034,Guadalupe de Ramírez,0001,Guadalupe de Ramírez," 98°09'51.819"" W","17°45'21.782"" N",1161,783,733,252,733,252,252,cabecera_municipal
20,Oaxaca,035,Guelatao de Juárez,0000,Total del Municipio,,,,657,297,166,296,165,165,total
20,Oaxaca,035,Guelatao de Juárez,0001,Guelatao de Juárez," 96°29'37.260"" W","17°19'05.424"" N",1771,616,283,157,282,156,156,cabecera_municipal
20,Oaxaca,036,Guevea de Humboldt,0000,Total del Municipio,,,,5256,1955,1522,1951,1518,1521,total
20,Oaxaca,036,Guevea de Humboldt,0001,Guevea de Humboldt," 95°22'05.001"" W","16°47'33.411"" N",0588,1499,550,444,547,441,443,cabecera_municipal
20,Oaxaca,037,Mesones Hidalgo,0000,Total del Municipio,,,,4424,1851,1133,1848,1130,1132,total
20,Oaxaca,037,Mesones Hidalgo,0001,Mesones Hidalgo," 97°57'59.564"" W","16°54'55.280"" N",0431,976,381,260,380,259,259,cabecera_municipal
20,Oaxaca,038,Villa Hidalgo,0000,Total del Municipio,,,,1885,818,529,812,523,528,total
20,Oaxaca,038,Villa Hidalgo,0001,Villa Hidalgo," 96°10'43.804"" W","17°11'09.197"" N",1171,1752,775,498,769,492,497,cabecera_municipal
20,Oaxaca,039,Heroica Ciudad de Huajuapan de León,0000,Total del Municipio,,,,78313,30379,20369,30281,20271,20356,total
20,Oaxaca,039,Heroica Ciudad de Huajuapan de León,0001,Heroica Ciudad de Huajuapan de León," 97°46'34.449"" W","17°48'24.614"" N",1588,56163,20494,14561,20436,14503,14549,cabecera_municipal
20,Oaxaca,040,Huautepec,0000,Total del Municipio,,,,6385,2257,1650,2257,1650,1650,total
20,Oaxaca,040,Huautepec,0001,Huautepec," 96°47'50.275"" W","18°06'07.121"" N",1679,1859,643,465,643,465,465,cabecera_municipal
20,Oaxaca,041,Huautla de Jiménez,0000,Total del Municipio,,,,31710,12911,8799,12871,8759,8795,total
20,Oaxaca,041,Huautla de Jiménez,0001,Huautla de Jiménez," 96°50'46.182"" W","18°07'49.358"" N",1670,12482,4298,3311,4296,3309,3309,cabecera_municipal
20,Oaxaca,042,Ixtlán de Juárez,0000,Total del Municipio,,,,8385,3192,2318,3188,2314,2317,total
20,Oaxaca,042,Ixtlán de Juárez,0001,Ixtlán de Juárez," 96°29'16.086"" W","17°19'53.503"" N",2026,3350,1419,960,1417,958,960,cabecera_municipal
20,Oaxaca,043,Juchitán de Zaragoza,0000,Total del Municipio,,,,113570,33849,28774,30202,25127,28770,total
20,Oaxaca,043,Juchitán de Zaragoza,0001,Juchitán de Zaragoza," 95°01'17.879"" W","16°25'59.907"" N",0017,88280,25619,22120,22287,18788,22116,cabecera_municipal
20,Oaxaca,044,Loma Bonita,0000,Total del Municipio,,,,40934,17018,12804,16992,12778,12799,total
20,Oaxaca,044,Loma Bonita,0001,Loma Bonita," 95°52'47.914"" W","18°06'35.536"" N",0025,31469,13269,9989,13245,9965,9986,cabecera_municipal
20,Oaxaca,045,Magdalena Apasco,0000,Total del Municipio,,,,7888,3263,2185,3252,2174,2185,total
20,Oaxaca,045,Magdalena Apasco,0001,Magdalena Apasco," 96°49'15.927"" W","17°14'31.427"" N",1658,3013,989,808,987,806,808,cabecera_municipal
20,Oaxaca,046,Magdalena Jaltepec,0000,Total del Municipio,,,,2943,1865,934,1864,933,933,total
20,Oaxaca,046,Magdalena Jaltepec,0001,Magdalena Jaltepec," 97°13'16.596"" W","17°19'25.034"" N",2025,568,402,176,401,175,175,cabecera_municipal
20,Oaxaca,047,Santa Magdalena Jicotlán,0000,Total del Municipio,,,,81,120,30,120,30,30,total
20,Oaxaca,047,Santa Magdalena Jicotlán,0001,Santa Magdalena Jicotlán," 97°28'14.349"" W","17°48'25.260"" N",2182,80,119,29,119,29,29,cabecera_municipal
20,Oaxaca,048,Magdalena Mixtepec,0000,Total del Municipio,,,,1433,381,283,369,271,283,total
20,Oaxaca,048,Magdalena Mixtepec,0001,Magdalena Mixtepec," 96°54'27.820"" W","16°53'46.002"" N",1982,719,219,159,207,147,159,cabecera_municipal
20,Oaxaca,049,Magdalena Ocotlán,0000,Total del Municipio,,,,1184,396,315,395,314,315,total
20,Oaxaca,049,Magdalena Ocotlán,0001,Magdalena Ocotlán," 96°42'44.515"" W","16°42'34.039"" N",1520,1184,396,315,395,314,315,cabecera_municipal
20,Oaxaca,050,Magdalena Peñasco,0000,Total del Municipio,,,,3750,1949,983,1947,981,981,total
20,Oaxaca,050,Magdalena Peñasco,0001,Magdalena Peñasco," 97°33'05.539"" W","17°14'10.507"" N",1959,463,301,124,299,122,122,cabecera_municipal
20,Oaxaca,051,Magdalena Teitipac,0000,Total del Municipio,,,,4764,1280,1012,1277,1009,1012,total
20,Oaxaca,051,Magdalena Teitipac,0001,Magdalena Teitipac," 96°33'31.459"" W","16°54'23.834"" N",1744,4644,1241,985,1239,983,985,cabecera_municipal
20,Oaxaca,052,Magdalena Tequisistlán,0000,Total del Municipio,,,,5996,2832,1888,2782,1838,1887,total
20,Oaxaca,052,Magdalena Tequisistlán,0001,Magdalena Tequisistlán," 95°36'10.474"" W","16°23'56.101"" N",0202,3605,1718,1150,1712,1144,1149,cabecera_municipal
20,Oaxaca,053,Magdalena Tlacotepec,0000,Total del Municipio,,,,1297,608,421,607,420,421,total
20,Oaxaca,053,Magdalena Tlacotepec,0001,Magdalena Tlacotepec," 95°12'11.901"" W","16°30'14.278"" N",0105,1234,566,400,565,399,400,cabecera_municipal
20,Oaxaca,054,Magdalena Zahuatlán,0000,Total del Municipio,,,,404,307,130,307,130,130,total
20,Oaxaca,054,Magdalena Zahuatlán,0001,Magdalena Zahuatlán," 97°13'44.476"" W","17°23'18.332"" N",2136,381,292,123,292,123,123,cabecera_municipal
20,Oaxaca,055,Mariscala de Juárez,0000,Total del Municipio,,,,3739,1763,1076,1762,1075,1076,total
20,Oaxaca,055,Mariscala de Juárez,0001,Mariscala de Juárez," 98°08'29.834"" W","17°51'37.820"" N",1074,2169,890,606,889,605,606,cabecera_municipal
20,Oaxaca,056,Mártires de Tacubaya,0000,Total del Municipio,,,,1446,547,411,547,411,411,total
20,Oaxaca,056,Mártires de Tacubaya,0001,Mártires de Tacubaya," 98°15'03.285"" W","16°32'16.749"" N",0099,955,375,275,375,275,275,cabecera_municipal
20,Oaxaca,057,Matías Romero Avendaño,0000,Total del Municipio,,,,38183,14772,11358,14604,11190,11356,total
20,Oaxaca,057,Matías Romero Avendaño,0001,Matías Romero Avendaño," 95°02'31.738"" W","16°52'40.402"" N",0202,17525,7243,5526,7152,5435,5524,cabecera_municipal
20,Oaxaca,058,Mazatlán Villa de Flores,0000,Total del Municipio,,,,12722,5757,3591,5736,3570,3589,total
20,Oaxaca,058,Mazatlán Villa de Flores,0001,Mazatlán Villa de Flores," 96°54'49.396"" W","18°01'57.232"" N",1140,1026,441,275,440,274,274,cabecera_municipal
20,Oaxaca,059,Miahuatlán de Porfirio Díaz,0000,Total del Municipio,,,,50375,17942,13064,17905,13027,13056,total
20,Oaxaca,059,Miahuatlán de Porfirio Díaz,0001,Miahuatlán de Porfirio Díaz," 96°35'47.487"" W","16°19'42.519"" N",1561,29130,10487,7934,10452,7899,7927,cabecera_municipal
20,Oaxaca,060,Mixistlán de la Reforma,0000,Total del Municipio,,,,2487,1089,647,1089,647,647,total
20,Oaxaca,060,Mixistlán de la Reforma,0001,Mixistlán de la Reforma," 96°06'43.301"" W","17°08'48.617"" N",1689,1125,416,274,416,274,274,cabecera_municipal
20,Oaxaca,061,Monjas,0000,Total del Municipio,,,,2893,1339,801,1339,801,801,total
20,Oaxaca,061,Monjas,0001,Monjas," 96°38'12.371"" W","16°22'01.870"" N",1507,676,316,211,316,211,211,cabecera_municipal
20,Oaxaca,062,Natividad,0000,Total del Municipio,,,,498,249,155,249,155,155,total
20,Oaxaca,062,Natividad,0001,Natividad," 96°25'59.857"" W","17°17'48.752"" N",1933,498,249,155,249,155,155,cabecera_municipal
20,Oaxaca,063,Nazareno Etla,0000,Total del Municipio,,,,4293,1326,1129,1326,1129,1129,total
20,Oaxaca,063,Nazareno Etla,0001,Nazareno Etla," 96°49'26.406"" W","17°10'40.764"" N",1596,4205,1288,1105,1288,1105,1105,cabecera_municipal
20,Oaxaca,064,Nejapa de Madero,0000,Total del Municipio,,,,8494,3196,2382,3194,2380,2380,total
20,Oaxaca,064,Nejapa de Madero,0001,Nejapa de Madero," 95°58'49.619"" W","16°36'29.453"" N",0619,2021,771,582,770,581,581,cabecera_municipal
20,Oaxaca,065,Ixpantepec Nieves,0000,Total del Municipio,,,,1079,882,350,881,349,349,total
20,Oaxaca,065,Ixpantepec Nieves,0001,Ixpantepec Nieves," 98°02'41.502"" W","17°30'24.070"" N",2102,601,451,191,450,190,190,cabecera_municipal
20,Oaxaca,066,Santiago Niltepec,0000,Total del Municipio,,,,5342,2505,1744,2500,1739,1744,total
20,Oaxaca,066,Santiago Niltepec,0001,Santiago Niltepec," 94°36'46.815"" W","16°33'43.536"" N",0061,3218,1600,1091,1596,1087,1091,cabecera_municipal
20,Oaxaca,067,Oaxaca de Juárez,0000,Total del Municipio,,,,270955,90433,74590,88349,72506,74526,total
20,Oaxaca,067,Oaxaca de Juárez,0001,Oaxaca de Juárez," 96°43'31.621"" W","17°03'35.975"" N",1542,258913,86117,71458,84068,69409,71396,cabecera_municipal
20,Oaxaca,068,Ocotlán de Morelos,0000,Total del Municipio,,,,23751,8032,6048,8014,6030,6047,total
20,Oaxaca,068,Ocotlán de Morelos,0001,Ocotlán de Morelos," 96°40'30.232"" W","16°47'29.906"" N",1510,16645,5471,4207,5453,4189,4206,cabecera_municipal
20,Oaxaca,069,La Pe,0000,Total del Municipio,,,,3052,878,780,878,780,780,total
20,Oaxaca,069,La Pe,0001,La Pe," 96°47'58.767"" W","16°37'47.851"" N",1481,2527,716,638,716,638,638,cabecera_municipal
20,Oaxaca,070,Pinotepa de Don Luis,0000,Total del Municipio,,,,6416,2168,1666,2166,1664,1666,total
20,Oaxaca,070,Pinotepa de Don Luis,0001,Pinotepa de Don Luis," 97°58'38.767"" W","16°25'42.390"" N",0421,5471,1883,1457,1881,1455,1457,cabecera_municipal
20,Oaxaca,071,Pluma Hidalgo,0000,Total del Municipio,,,,3255,1049,861,1049,861,861,total
20,Oaxaca,071,Pluma Hidalgo,0001,Pluma Hidalgo," 96°25'09.996"" W","15°55'33.046"" N",1327,644,205,170,205,170,170,cabecera_municipal
20,Oaxaca,072,San José del Progreso,0000,Total del Municipio,,,,8059,2565,2099,2565,2099,2099,total
20,Oaxaca,072,San José del Progreso,0001,San José del Progreso," 96°41'07.903"" W","16°41'06.461"" N",1581,3583,1078,887,1078,887,887,cabecera_municipal
20,Oaxaca,073,Putla Villa de Guerrero,0000,Total del Municipio,,,,34652,13683,9376,13667,9360,9369,total
20,Oaxaca,073,Putla Villa de Guerrero,0001,Putla Villa de Guerrero," 97°55'41.350"" W","17°01'34.339"" N",0738,12729,5017,3499,5009,3491,3497,cabecera_municipal
20,Oaxaca,074,Santa Catarina Quioquitani,0000,Total del Municipio,,,,456,208,128,208,128,128,total
20,Oaxaca,074,Santa Catarina Quioquitani,0001,Santa Catarina Quioquitani," 96°17'05.873"" W","16°18'56.355"" N",2084,456,208,128,208,128,128,cabecera_municipal
20,Oaxaca,075,Reforma de Pineda,0000,Total del Municipio,,,,2660,1363,977,1360,974,977,total
20,Oaxaca,075,Reforma de Pineda,0001,Reforma de Pineda," 94°27'30.362"" W","16°23'57.548"" N",0020,2660,1363,977,1360,974,977,cabecera_municipal
20,Oaxaca,076,La Reforma,0000,Total del Municipio,,,,3411,1296,902,1296,902,902,total
20,Oaxaca,076,La Reforma,0001,La Reforma," 97°50'40.192"" W","16°37'23.933"" N",0829,1430,604,418,604,418,418,cabecera_municipal
20,Oaxaca,077,Reyes Etla,0000,Total del Municipio,,,,4370,1399,1085,1361,1047,1085,total
20,Oaxaca,077,Reyes Etla,0001,Reyes Etla," 96°48'36.334"" W","17°12'20.002"" N",1627,2367,714,588,688,562,588,cabecera_municipal
20,Oaxaca,078,Rojas de Cuauhtémoc,0000,Total del Municipio,,,,1301,475,378,473,376,378,total
20,Oaxaca,078,Rojas de Cuauhtémoc,0001,Rojas de Cuauhtémoc," 96°37'07.126"" W","17°00'29.821"" N",1566,1301,475,378,473,376,378,cabecera_municipal
20,Oaxaca,079,Salina Cruz,0000,Total del Municipio,,,,84438,32822,25593,32488,25259,25584,total
20,Oaxaca,079,Salina Cruz,0001,Salina Cruz," 95°11'31.771"" W","16°10'33.186"" N",0006,76660,29691,23309,29404,23022,23300,cabecera_municipal
20,Oaxaca,080,San Agustín Amatengo,0000,Total del Municipio,,,,1593,834,533,834,533,533,total
20,Oaxaca,080,San Agustín Amatengo,0001,San Agustín Amatengo," 96°47'21.570"" W","16°30'35.796"" N",1360,1577,825,528,825,528,528,cabecera_municipal
20,Oaxaca,081,San Agustín Atenango,0000,Total del Municipio,,,,1871,1295,590,1295,590,590,total
20,Oaxaca,081,San Agustín Atenango,0001,San Agustín Atenango," 98°00'54.657"" W","17°36'42.117"" N",1298,1315,948,422,948,422,422,cabecera_municipal
20,Oaxaca,082,San Agustín Chayuco,0000,Total del Municipio,,,,4163,1498,1175,1497,1174,1174,total
20,Oaxaca,082,San Agustín Chayuco,0001,San Agustín Chayuco," 97°48'27.066"" W","16°24'08.576"" N",0261,2029,744,591,743,590,590,cabecera_municipal
20,Oaxaca,083,San Agustín de las Juntas,0000,Total del Municipio,,,,11391,3755,2991,3744,2980,2989,total
20,Oaxaca,083,San Agustín de las Juntas,0001,San Agustín de las Juntas," 96°42'41.189"" W","17°00'41.976"" N",1526,8603,2829,2291,2819,2281,2289,cabecera_municipal
20,Oaxaca,084,San Agustín Etla,0000,Total del Municipio,,,,4168,1607,1201,1605,1199,1201,total
20,Oaxaca,084,San Agustín Etla,0001,San Agustín Etla," 96°45'51.927"" W","17°11'20.699"" N",1751,4166,1606,1200,1604,1198,1200,cabecera_municipal
20,Oaxaca,085,San Agustín Loxicha,0000,Total del Municipio,,,,26194,7445,5465,7439,5459,5461,total
20,Oaxaca,085,San Agustín Loxicha,0001,San Agustín Loxicha," 96°37'00.352"" W","16°00'59.791"" N",1857,2780,970,608,967,605,606,cabecera_municipal
20,Oaxaca,086,San Agustín Tlacotepec,0000,Total del Municipio,,,,1032,1003,331,1000,328,329,total
20,Oaxaca,086,San Agustín Tlacotepec,0001,San Agustín Tlacotepec," 97°31'04.440"" W","17°12'13.264"" N",2026,571,549,183,547,181,182,cabecera_municipal
20,Oaxaca,087,San Agustín Yatareni,0000,Total del Municipio,,,,5521,1878,1428,1864,1414,1428,total
20,Oaxaca,087,San Agustín Yatareni,0001,San Agustín Yatareni," 96°40'05.222"" W","17°04'52.363"" N",1600,4897,1667,1272,1653,1258,1272,cabecera_municipal
20,Oaxaca,088,San Andrés Cabecera Nueva,0000,Total del Municipio,,,,2881,1291,807,1289,805,805,total
20,Oaxaca,088,San Andrés Cabecera Nueva,0001,San Andrés Cabecera Nueva," 97°40'51.564"" W","16°53'18.296"" N",2209,366,199,108,197,106,106,cabecera_municipal
20,Oaxaca,089,San Andrés Dinicuiti,0000,Total del Municipio,,,,2308,1005,616,1005,616,616,total
20,Oaxaca,089,San Andrés Dinicuiti,0001,San Andrés Dinicuiti," 97°43'36.304"" W","17°41'17.213"" N",1679,1101,497,308,497,308,308,cabecera_municipal
20,Oaxaca,090,San Andrés Huaxpaltepec,0000,Total del Municipio,,,,6234,2476,1793,2474,1791,1793,total
20,Oaxaca,090,San Andrés Huaxpaltepec,0001,San Andrés Huaxpaltepec," 97°54'58.856"" W","16°19'44.566"" N",0236,4590,1790,1314,1789,1313,1314,cabecera_municipal
20,Oaxaca,091,San Andrés Huayápam,0000,Total del Municipio,,,,6279,2278,1850,2259,1831,1850,total
20,Oaxaca,091,San Andrés Huayápam,0001,San Andrés Huayápam," 96°39'58.461"" W","17°06'09.156"" N",1711,5699,2028,1680,2011,1663,1680,cabecera_municipal
20,Oaxaca,092,San Andrés Ixtlahuaca,0000,Total del Municipio,,,,1776,671,494,666,489,494,total
20,Oaxaca,092,San Andrés Ixtlahuaca,0001,San Andrés Ixtlahuaca," 96°49'30.637"" W","17°04'15.148"" N",1633,1272,485,355,480,350,355,cabecera_municipal
20,Oaxaca,093,San Andrés Lagunas,0000,Total del Municipio,,,,518,482,181,482,181,181,total
20,Oaxaca,093,San Andrés Lagunas,0001,San Andrés Lagunas," 97°31'21.884"" W","17°34'27.936"" N",2312,198,242,74,242,74,74,cabecera_municipal
20,Oaxaca,094,San Andrés Nuxiño,0000,Total del Municipio,,,,1850,884,588,883,587,587,total
20,Oaxaca,094,San Andrés Nuxiño,0001,San Andrés Nuxiño," 97°06'18.976"" W","17°14'18.089"" N",1846,266,160,83,159,82,82,cabecera_municipal
20,Oaxaca,095,San Andrés Paxtlán,0000,Total del Municipio,,,,4562,1372,1030,1371,1029,1029,total
20,Oaxaca,095,San Andrés Paxtlán,0001,San Andrés Paxtlán," 96°30'27.288"" W","16°12'56.289"" N",2014,1089,357,254,357,254,254,cabecera_municipal
20,Oaxaca,096,San Andrés Sinaxtla,0000,Total del Municipio,,,,756,427,227,427,227,227,total
20,Oaxaca,096,San Andrés Sinaxtla,0001,San Andrés Sinaxtla," 97°17'01.720"" W","17°28'06.607"" N",2091,589,281,165,281,165,165,cabecera_municipal
20,Oaxaca,097,San Andrés Solaga,0000,Total del Municipio,,,,1771,874,527,872,525,525,total
20,Oaxaca,097,San Andrés Solaga,0001,San Andrés Solaga," 96°14'12.821"" W","17°16'15.701"" N",1508,668,417,210,415,208,208,cabecera_municipal
20,Oaxaca,098,San Andrés Teotilálpam,0000,Total del Municipio,,,,4233,1332,1121,1329,1118,1120,total
20,Oaxaca,098,San Andrés Teotilálpam,0001,San Andrés Teotilálpam," 96°39'23.718"" W","17°57'14.871"" N",1505,1709,512,441,509,438,440,cabecera_municipal
20,Oaxaca,099,San Andrés Tepetlapa,0000,Total del Municipio,,,,381,216,114,216,114,114,total
20,Oaxaca,099,San Andrés Tepetlapa,0001,San Andrés Tepetlapa," 98°23'30.072"" W","17°39'57.000"" N",1471,381,216,114,216,114,114,cabecera_municipal
20,Oaxaca,100,San Andrés Yaá,0000,Total del Municipio,,,,393,310,154,310,154,154,total
20,Oaxaca,100,San Andrés Yaá,0001,San Andrés Yaá," 96°09'13.018"" W","17°17'33.282"" N",1557,349,286,141,286,141,141,cabecera_municipal
20,Oaxaca,101,San Andrés Zabache,0000,Total del Municipio,,,,748,345,208,345,208,208,total
20,Oaxaca,101,San Andrés Zabache,0001,San Andrés Zabache," 96°51'27.848"" W","16°36'00.535"" N",1432,748,345,208,345,208,208,cabecera_municipal
20,Oaxaca,102,San Andrés Zautla,0000,Total del Municipio,,,,5326,2111,1424,1946,1259,1424,total
20,Oaxaca,102,San Andrés Zautla,0001,San Andrés Zautla," 96°51'48.564"" W","17°11'10.996"" N",1640,1856,712,520,711,519,520,cabecera_municipal
20,Oaxaca,103,San Antonino Castillo Velasco,0000,Total del Municipio,,,,6064,2017,1571,2015,1569,1570,total
20,Oaxaca,103,San Antonino Castillo Velasco,0001,San Antonino Castillo Velasco," 96°41'04.704"" W","16°48'11.619"" N",1498,5804,1924,1504,1922,1502,1503,cabecera_municipal
20,Oaxaca,104,San Antonino el Alto,0000,Total del Municipio,,,,2705,1198,708,1196,706,707,total
20,Oaxaca,104,San Antonino el Alto,0001,San Antonino el Alto," 97°01'45.748"" W","16°48'56.522"" N",2007,1450,618,396,616,394,395,cabecera_municipal
20,Oaxaca,105,San Antonino Monte Verde,0000,Total del Municipio,,,,7678,2643,1916,2636,1909,1915,total
20,Oaxaca,105,San Antonino Monte Verde,0001,San Antonino Monte Verde," 97°43'14.266"" W","17°32'01.009"" N",2243,1180,442,313,441,312,312,cabecera_municipal
20,Oaxaca,106,San Antonio Acutla,0000,Total del Municipio,,,,249,168,83,168,83,83,total
20,Oaxaca,106,San Antonio Acutla,0001,San Antonio Acutla," 97°30'01.098"" W","17°44'38.508"" N",2165,66,73,25,73,25,25,cabecera_municipal
20,Oaxaca,107,San Antonio de la Cal,0000,Total del Municipio,,,,26282,7634,6218,7094,5678,6214,total
20,Oaxaca,107,San Antonio de la Cal,0001,San Antonio de la Cal," 96°41'57.423"" W","17°01'52.728"" N",1544,24419,7045,5780,6511,5246,5776,cabecera_municipal
20,Oaxaca,108,San Antonio Huitepec,0000,Total del Municipio,,,,2936,1924,808,1920,804,805,total
20,Oaxaca,108,San Antonio Huitepec,0001,San Antonio Huitepec," 97°08'50.719"" W","16°55'38.393"" N",2337,1462,844,411,842,409,410,cabecera_municipal
20,Oaxaca,109,San Antonio Nanahuatípam,0000,Total del Municipio,,,,1232,438,339,438,339,339,total
20,Oaxaca,109,San Antonio Nanahuatípam,0001,San Antonio Nanahuatípam," 97°07'25.121"" W","18°07'49.078"" N",0781,822,320,234,320,234,234,cabecera_municipal
20,Oaxaca,110,San Antonio Sinicahua,0000,Total del Municipio,,,,1668,934,439,933,438,438,total
20,Oaxaca,110,San Antonio Sinicahua,0001,San Antonio Sinicahua," 97°34'04.654"" W","17°09'05.665"" N",2131,167,87,38,86,37,37,cabecera_municipal
20,Oaxaca,111,San Antonio Tepetlapa,0000,Total del Municipio,,,,4873,1428,1125,1428,1125,1125,total
20,Oaxaca,111,San Antonio Tepetlapa,0001,San Antonio Tepetlapa," 98°03'58.414"" W","16°32'32.499"" N",0385,2900,874,701,874,701,701,cabecera_municipal
20,Oaxaca,112,San Baltazar Chichicápam,0000,Total del Municipio,,,,2576,1376,872,1374,870,872,total
20,Oaxaca,112,San Baltazar Chichicápam,0001,San Baltazar Chichicápam," 96°29'22.850"" W","16°45'43.550"" N",1547,2552,1365,866,1363,864,866,cabecera_municipal
20,Oaxaca,113,San Baltazar Loxicha,0000,Total del Municipio,,,,3169,1157,869,1156,868,868,total
20,Oaxaca,113,San Baltazar Loxicha,0001,San Baltazar Loxicha," 96°47'25.155"" W","16°04'23.880"" N",0982,2573,944,723,943,722,722,cabecera_municipal
20,Oaxaca,114,San Baltazar Yatzachi el Bajo,0000,Total del Municipio,,,,674,570,243,570,243,243,total
20,Oaxaca,114,San Baltazar Yatzachi el Bajo,0001,San Baltazar Yatzachi el Bajo," 96°13'11.320"" W","17°13'41.364"" N",1601,186,174,69,174,69,69,cabecera_municipal
20,Oaxaca,115,San Bartolo Coyotepec,0000,Total del Municipio,,,,10391,3809,2847,3777,2815,2843,total
20,Oaxaca,115,San Bartolo Coyotepec,0001,San Bartolo Coyotepec," 96°42'27.541"" W","16°57'29.813"" N",1515,4700,1589,1272,1562,1245,1271,cabecera_municipal
20,Oaxaca,116,San Bartolomé Ayautla,0000,Total del Municipio,,,,4131,1361,1130,1361,1130,1130,total
20,Oaxaca,116,San Bartolomé Ayautla,0001,San Bartolomé Ayautla," 96°40'17.432"" W","18°01'54.481"" N",0658,2865,954,789,954,789,789,cabecera_municipal
20,Oaxaca,117,San Bartolomé Loxicha,0000,Total del Municipio,,,,2213,918,621,918,621,621,total
20,Oaxaca,117,San Bartolomé Loxicha,0001,San Bartolomé Loxicha," 96°42'39.656"" W","15°58'13.403"" N",1190,1256,571,392,571,392,392,cabecera_municipal
20,Oaxaca,118,San Bartolomé Quialana,0000,Total del Municipio,,,,2389,1274,670,1272,668,670,total
20,Oaxaca,118,San Bartolomé Quialana,0001,San Bartolomé Quialana," 96°30'04.342"" W","16°54'06.795"" N",1803,2264,1160,636,1158,634,636,cabecera_municipal
20,Oaxaca,119,San Bartolomé Yucuañe,0000,Total del Municipio,,,,735,385,218,385,218,218,total
20,Oaxaca,119,San Bartolomé Yucuañe,0001,San Bartolomé Yucuañe," 97°26'52.546"" W","17°14'33.169"" N",1824,709,374,213,374,213,213,cabecera_municipal
20,Oaxaca,120,San Bartolomé Zoogocho,0000,Total del Municipio,,,,449,246,117,244,115,115,total
20,Oaxaca,120,San Bartolomé Zoogocho,0001,San Bartolomé Zoogocho," 96°14'34.982"" W","17°14'26.839"" N",1494,449,246,117,244,115,115,cabecera_municipal
20,Oaxaca,121,San Bartolo Soyaltepec,0000,Total del Municipio,,,,596,559,206,558,205,206,total
20,Oaxaca,121,San Bartolo Soyaltepec,0001,San Bartolo Soyaltepec," 97°18'32.165"" W","17°35'26.307"" N",2266,47,76,18,76,18,18,cabecera_municipal
20,Oaxaca,122,San Bartolo Yautepec,0000,Total del Municipio,,,,653,317,203,317,203,203,total
20,Oaxaca,122,San Bartolo Yautepec,0001,San Bartolo Yautepec," 95°58'23.204"" W","16°25'50.669"" N",0864,581,294,185,294,185,185,cabecera_municipal
20,Oaxaca,123,San Bernardo Mixtepec,0000,Total del Municipio,,,,2829,1294,759,1294,759,759,total
20,Oaxaca,123,San Bernardo Mixtepec,0001,San Bernardo Mixtepec," 96°53'55.199"" W","16°49'28.778"" N",1629,1718,881,494,881,494,494,cabecera_municipal
20,Oaxaca,124,San Blas Atempa,0000,Total del Municipio,,,,19696,6237,5093,6232,5088,5093,total
20,Oaxaca,124,San Blas Atempa,0001,San Blas Atempa," 95°13'39.165"" W","16°19'34.759"" N",0037,13117,4193,3391,4191,3389,3391,cabecera_municipal
20,Oaxaca,125,San Carlos Yautepec,0000,Total del Municipio,,,,11662,3763,2950,3739,2926,2948,total
20,Oaxaca,125,San Carlos Yautepec,0001,San Carlos Yautepec," 96°06'24.133"" W","16°30'02.184"" N",0851,921,352,270,350,268,268,cabecera_municipal
20,Oaxaca,126,San Cristóbal Amatlán,0000,Total del Municipio,,,,5396,2051,1382,2050,1381,1382,total
20,Oaxaca,126,San Cristóbal Amatlán,0001,San Cristóbal Amatlán," 96°24'36.058"" W","16°19'06.269"" N",1725,4316,1522,1071,1521,1070,1071,cabecera_municipal
20,Oaxaca,127,San Cristóbal Amoltepec,0000,Total del Municipio,,,,1252,662,395,662,395,395,total
20,Oaxaca,127,San Cristóbal Amoltepec,0001,San Cristóbal Amoltepec," 97°34'11.469"" W","17°17'04.318"" N",2317,472,272,154,272,154,154,cabecera_municipal
20,Oaxaca,128,San Cristóbal Lachirioag,0000,Total del Municipio,,,,1342,827,485,824,482,482,total
20,Oaxaca,128,San Cristóbal Lachirioag,0001,San Cristóbal Lachirioag," 96°09'54.170"" W","17°20'09.498"" N",1227,1342,827,485,824,482,482,cabecera_municipal
20,Oaxaca,129,San Cristóbal Suchixtlahuaca,0000,Total del Municipio,,,,356,266,113,266,113,113,total
20,Oaxaca,129,San Cristóbal Suchixtlahuaca,0001,San Cristóbal Suchixtlahuaca," 97°21'59.961"" W","17°43'39.194"" N",2081,327,255,104,255,104,104,cabecera_municipal
20,Oaxaca,130,San Dionisio del Mar,0000,Total del Municipio,,,,5180,2213,1620,2211,1618,1620,total
20,Oaxaca,130,San Dionisio del Mar,0001,San Dionisio del Mar," 94°45'25.212"" W","16°19'13.941"" N",0020,3210,1318,1010,1316,1008,1010,cabecera_municipal
20,Oaxaca,131,San Dionisio Ocotepec,0000,Total del Municipio,,,,11411,3801,2797,3778,2774,2797,total
20,Oaxaca,131,San Dionisio Ocotepec,0001,San Dionisio Ocotepec," 96°23'45.734"" W","16°47'51.916"" N",1686,5960,1821,1399,1801,1379,1399,cabecera_municipal
20,Oaxaca,132,San Dionisio Ocotlán,0000,Total del Municipio,,,,1380,494,373,493,372,372,total
20,Oaxaca,132,San Dionisio Ocotlán,0001,San Dionisio Ocotlán," 96°40'51.007"" W","16°44'47.199"" N",1516,1103,415,303,414,302,302,cabecera_municipal
20,Oaxaca,133,San Esteban Atatlahuca,0000,Total del Municipio,,,,3934,2437,1203,2405,1171,1201,total
20,Oaxaca,133,San Esteban Atatlahuca,0001,San Esteban Atatlahuca," 97°40'39.970"" W","17°03'59.578"" N",2487,547,455,165,453,163,163,cabecera_municipal
20,Oaxaca,134,San Felipe Jalapa de Díaz,0000,Total del Municipio,,,,28500,8458,6921,8450,6913,6919,total
20,Oaxaca,134,San Felipe Jalapa de Díaz,0001,San Felipe Jalapa de Díaz," 96°32'10.014"" W","18°04'16.617"" N",0130,6863,2164,1694,2162,1692,1692,cabecera_municipal
20,Oaxaca,135,San Felipe Tejalápam,0000,Total del Municipio,,,,8231,2588,2042,2588,2042,2042,total
20,Oaxaca,135,San Felipe Tejalápam,0001,San Felipe Tejalápam," 96°51'11.727"" W","17°06'41.043"" N",1644,2521,752,611,752,611,611,cabecera_municipal
20,Oaxaca,136,San Felipe Usila,0000,Total del Municipio,,,,12191,3526,2919,3524,2917,2917,total
20,Oaxaca,136,San Felipe Usila,0001,San Felipe Usila," 96°31'42.107"" W","17°52'45.822"" N",0078,5412,1590,1294,1589,1293,1293,cabecera_municipal
20,Oaxaca,137,San Francisco Cahuacuá,0000,Total del Municipio,,,,3450,1374,903,1371,900,902,total
20,Oaxaca,137,San Francisco Cahuacuá,0001,San Francisco Cahuacuá," 97°18'20.139"" W","16°53'36.827"" N",1330,564,256,158,254,156,157,cabecera_municipal
20,Oaxaca,138,San Francisco Cajonos,0000,Total del Municipio,,,,451,343,165,343,165,165,total
20,Oaxaca,138,San Francisco Cajonos,0001,San Francisco Cajonos," 96°15'05.272"" W","17°10'19.539"" N",1700,285,203,106,203,106,106,cabecera_municipal
20,Oaxaca,139,San Francisco Chapulapa,0000,Total del Municipio,,,,2195,756,575,755,574,574,total
20,Oaxaca,139,San Francisco Chapulapa,0001,San Francisco Chapulapa," 96°45'15.867"" W","17°56'27.425"" N",1387,348,131,91,130,90,90,cabecera_municipal
20,Oaxaca,140,San Francisco Chindúa,0000,Total del Municipio,,,,812,382,243,377,238,243,total
20,Oaxaca,140,San Francisco Chindúa,0001,San Francisco Chindúa," 97°18'46.047"" W","17°25'42.891"" N",2123,774,358,231,353,226,231,cabecera_municipal
20,Oaxaca,141,San Francisco del Mar,0000,Total del Municipio,,,,8710,3119,2459,3114,2454,2456,total
20,Oaxaca,141,San Francisco del Mar,0036,San Francisco del Mar," 94°30'53.908"" W","16°20'21.688"" N",0010,5461,1906,1524,1903,1521,1521,cabecera_municipal
20,Oaxaca,142,San Francisco Huehuetlán,0000,Total del Municipio,,,,842,526,284,526,284,284,total
20,Oaxaca,142,San Francisco Huehuetlán,0001,San Francisco Huehuetlán," 96°56'52.157"" W","18°11'51.339"" N",1665,673,415,224,415,224,224,cabecera_municipal
20,Oaxaca,143,San Francisco Ixhuatán,0000,Total del Municipio,,,,9461,3959,3035,3955,3031,3033,total
20,Oaxaca,143,San Francisco Ixhuatán,0001,San Francisco Ixhuatán," 94°29'01.782"" W","16°21'08.484"" N",0009,5433,2370,1805,2367,1802,1803,cabecera_municipal
20,Oaxaca,144,San Francisco Jaltepetongo,0000,Total del Municipio,,,,1075,691,352,690,351,351,total
20,Oaxaca,144,San Francisco Jaltepetongo,0001,San Francisco Jaltepetongo," 97°15'46.273"" W","17°23'08.571"" N",2082,280,151,74,150,73,73,cabecera_municipal
20,Oaxaca,145,San Francisco Lachigoló,0000,Total del Municipio,,,,5215,2260,1495,2259,1494,1494,total
20,Oaxaca,145,San Francisco Lachigoló,0001,San Francisco Lachigoló," 96°35'54.659"" W","17°00'41.065"" N",1562,5091,2183,1457,2182,1456,1456,cabecera_municipal
20,Oaxaca,146,San Francisco Logueche,0000,Total del Municipio,,,,2803,1013,668,1012,667,667,total
20,Oaxaca,146,San Francisco Logueche,0001,San Francisco Logueche," 96°22'40.723"" W","16°21'08.206"" N",1872,1036,399,262,398,261,261,cabecera_municipal
20,Oaxaca,147,San Francisco Nuxaño,0000,Total del Municipio,,,,376,252,121,252,121,121,total
20,Oaxaca,147,San Francisco Nuxaño,0001,San Francisco Nuxaño," 97°20'38.223"" W","17°22'50.999"" N",2342,321,221,105,221,105,105,cabecera_municipal
20,Oaxaca,148,San Francisco Ozolotepec,0000,Total del Municipio,,,,2182,692,502,692,502,502,total
20,Oaxaca,148,San Francisco Ozolotepec,0001,San Francisco Ozolotepec," 96°13'14.455"" W","16°06'01.941"" N",2020,1003,352,223,352,223,223,cabecera_municipal
20,Oaxaca,149,San Francisco Sola,0000,Total del Municipio,,,,2019,683,519,683,519,519,total
20,Oaxaca,149,San Francisco Sola,0001,San Francisco Sola," 96°58'27.841"" W","16°30'53.879"" N",1414,1519,554,415,554,415,415,cabecera_municipal
20,Oaxaca,150,San Francisco Telixtlahuaca,0000,Total del Municipio,,,,13856,4198,3394,4165,3361,3394,total
20,Oaxaca,150,San Francisco Telixtlahuaca,0001,San Francisco Telixtlahuaca," 96°54'15.888"" W","17°17'47.744"" N",1718,12474,3706,3025,3673,2992,3025,cabecera_municipal
20,Oaxaca,151,San Francisco Teopan,0000,Total del Municipio,,,,312,238,101,238,101,101,total
20,Oaxaca,151,San Francisco Teopan,0001,San Francisco Teopan," 97°29'33.112"" W","17°51'04.062"" N",2282,179,177,66,177,66,66,cabecera_municipal
20,Oaxaca,152,San Francisco Tlapancingo,0000,Total del Municipio,,,,2472,878,520,875,517,518,total
20,Oaxaca,152,San Francisco Tlapancingo,0001,San Francisco Tlapancingo," 98°16'08.071"" W","17°29'02.846"" N",1377,855,391,203,389,201,201,cabecera_municipal
20,Oaxaca,153,San Gabriel Mixtepec,0000,Total del Municipio,,,,4910,1654,1276,1653,1275,1276,total
20,Oaxaca,153,San Gabriel Mixtepec,0001,San Gabriel Mixtepec," 97°04'46.197"" W","16°05'39.922"" N",0700,3673,1238,977,1237,976,977,cabecera_municipal
20,Oaxaca,154,San Ildefonso Amatlán,0000,Total del Municipio,,,,2329,1017,672,1017,672,672,total
20,Oaxaca,154,San Ildefonso Amatlán,0001,San Ildefonso Amatlán," 96°29'29.603"" W","16°20'02.741"" N",1536,887,464,300,464,300,300,cabecera_municipal
20,Oaxaca,155,San Ildefonso Sola,0000,Total del Municipio,,,,1060,349,260,349,260,260,total
20,Oaxaca,155,San Ildefonso Sola,0001,San Ildefonso Sola," 96°59'01.203"" W","16°31'11.324"" N",1422,270,125,84,125,84,84,cabecera_municipal
20,Oaxaca,156,San Ildefonso Villa Alta,0000,Total del Municipio,,,,3677,1607,1100,1605,1098,1098,total
20,Oaxaca,156,San Ildefonso Villa Alta,0001,San Ildefonso Villa Alta," 96°09'10.852"" W","17°20'20.438"" N",1202,1443,584,410,582,408,408,cabecera_municipal
20,Oaxaca,157,San Jacinto Amilpas,0000,Total del Municipio,,,,16827,6479,4787,6312,4620,4785,total
20,Oaxaca,157,San Jacinto Amilpas,0001,San Jacinto Amilpas," 96°45'45.222"" W","17°06'02.904"" N",1554,16827,6479,4787,6312,4620,4785,cabecera_municipal
20,Oaxaca,158,San Jacinto Tlacotepec,0000,Total del Municipio,,,,2233,833,598,830,595,596,total
20,Oaxaca,158,San Jacinto Tlacotepec,0001,San Jacinto Tlacotepec," 97°23'09.594"" W","16°31'13.323"" N",1081,650,254,181,251,178,179,cabecera_municipal
20,Oaxaca,159,San Jerónimo Coatlán,0000,Total del Municipio,,,,5537,1662,1264,1661,1263,1264,total
20,Oaxaca,159,San Jerónimo Coatlán,0001,San Jerónimo Coatlán," 96°52'09.459"" W","16°13'57.797"" N",1711,918,318,203,317,202,203,cabecera_municipal
20,Oaxaca,160,San Jerónimo Silacayoapilla,0000,Total del Municipio,,,,1429,841,451,841,451,451,total
20,Oaxaca,160,San Jerónimo Silacayoapilla,0001,San Jerónimo Silacayoapilla," 97°50'45.357"" W","17°48'34.669"" N",1696,925,559,298,559,298,298,cabecera_municipal
20,Oaxaca,161,San Jerónimo Sosola,0000,Total del Municipio,,,,2730,1498,813,1498,813,813,total
20,Oaxaca,161,San Jerónimo Sosola,0001,San Jerónimo Sosola," 97°01'57.412"" W","17°21'59.613"" N",1930,96,70,24,70,24,24,cabecera_municipal
20,Oaxaca,162,San Jerónimo Taviche,0000,Total del Municipio,,,,2046,655,491,655,491,491,total
20,Oaxaca,162,San Jerónimo Taviche,0001,San Jerónimo Taviche," 96°35'39.348"" W","16°42'49.246"" N",1719,1754,523,423,523,423,423,cabecera_municipal
20,Oaxaca,163,San Jerónimo Tecóatl,0000,Total del Municipio,,,,1577,726,455,724,453,454,total
20,Oaxaca,163,San Jerónimo Tecóatl,0001,San Jerónimo Tecóatl," 96°54'47.520"" W","18°10'00.890"" N",1845,809,407,253,406,252,253,cabecera_municipal
20,Oaxaca,164,San Jorge Nuchita,0000,Total del Municipio,,,,2881,1731,777,1715,761,776,total
20,Oaxaca,164,San Jorge Nuchita,0001,San Jorge Nuchita," 98°06'22.068"" W","17°39'21.435"" N",1184,2106,1165,529,1150,514,529,cabecera_municipal
20,Oaxaca,165,San José Ayuquila,0000,Total del Municipio,,,,1629,730,458,729,457,458,total
20,Oaxaca,165,San José Ayuquila,0001,San José Ayuquila," 97°58'09.386"" W","17°56'30.436"" N",1548,1094,484,300,483,299,300,cabecera_municipal
20,Oaxaca,166,San José Chiltepec,0000,Total del Municipio,,,,11310,3828,3100,3820,3092,3098,total
20,Oaxaca,166,San José Chiltepec,0001,San José Chiltepec," 96°10'13.932"" W","17°56'43.269"" N",0034,3480,1114,949,1109,944,949,cabecera_municipal
20,Oaxaca,167,San José del Peñasco,0000,Total del Municipio,,,,2149,706,563,706,563,563,total
20,Oaxaca,167,San José del Peñasco,0001,San José del Peñasco," 96°30'04.971"" W","16°18'57.814"" N",1601,713,223,180,223,180,180,cabecera_municipal
20,Oaxaca,168,San José Estancia Grande,0000,Total del Municipio,,,,938,428,274,428,274,274,total
20,Oaxaca,168,San José Estancia Grande,0001,San José Estancia Grande," 98°15'04.628"" W","16°21'54.732"" N",0060,920,423,270,423,270,270,cabecera_municipal
20,Oaxaca,169,San José Independencia,0000,Total del Municipio,,,,4251,1479,1170,1476,1167,1167,total
20,Oaxaca,169,San José Independencia,0001,San José Independencia," 96°38'46.062"" W","18°14'23.366"" N",0113,799,332,243,332,243,243,cabecera_municipal
20,Oaxaca,170,San José Lachiguiri,0000,Total del Municipio,,,,3700,1648,894,1647,893,894,total
20,Oaxaca,170,San José Lachiguiri,0001,San José Lachiguiri," 96°20'11.157"" W","16°22'43.593"" N",1684,1179,679,337,679,337,337,cabecera_municipal
20,Oaxaca,171,San José Tenango,0000,Total del Municipio,,,,18102,6444,4847,6422,4825,4842,total
20,Oaxaca,171,San José Tenango,0001,San José Tenango," 96°43'01.951"" W","18°09'02.743"" N",0746,1254,378,310,372,304,307,cabecera_municipal
20,Oaxaca,172,San Juan Achiutla,0000,Total del Municipio,,,,408,430,145,430,145,145,total
20,Oaxaca,172,San Juan Achiutla,0001,San Juan Achiutla," 97°30'31.943"" W","17°20'39.281"" N",2001,223,249,76,249,76,76,cabecera_municipal
20,Oaxaca,173,San Juan Atepec,0000,Total del Municipio,,,,1457,948,481,947,480,481,total
20,Oaxaca,173,San Juan Atepec,0001,San Juan Atepec," 96°32'20.877"" W","17°25'35.014"" N",1969,1401,888,461,887,460,461,cabecera_municipal
20,Oaxaca,174,Ánimas Trujano,0000,Total del Municipio,,,,4564,1503,1223,1498,1218,1221,total
20,Oaxaca,174,Ánimas Trujano,0001,Ánimas Trujano," 96°42'47.506"" W","16°59'19.976"" N",1511,4227,1376,1131,1371,1126,1129,cabecera_municipal
20,Oaxaca,175,San Juan Bautista Atatlahuca,0000,Total del Municipio,,,,1424,515,395,513,393,395,total
20,Oaxaca,175,San Juan Bautista Atatlahuca,0001,San Juan Bautista Atatlahuca," 96°49'47.787"" W","17°31'51.945"" N",1011,579,242,175,240,173,175,cabecera_municipal
20,Oaxaca,176,San Juan Bautista Coixtlahuaca,0000,Total del Municipio,,,,2725,1714,837,1711,834,835,total
20,Oaxaca,176,San Juan Bautista Coixtlahuaca,0001,San Juan Bautista Coixtlahuaca," 97°19'25.763"" W","17°43'28.716"" N",2089,1209,597,326,594,323,324,cabecera_municipal
20,Oaxaca,177,San Juan Bautista Cuicatlán,0000,Total del Municipio,,,,10365,4638,3132,4626,3120,3128,total
20,Oaxaca,177,San Juan Bautista Cuicatlán,0001,San Juan Bautista Cuicatlán," 96°57'34.440"" W","17°48'05.573"" N",0638,5403,2193,1571,2182,1560,1567,cabecera_municipal
20,Oaxaca,178,San Juan Bautista Guelache,0000,Total del Municipio,,,,6692,2683,1787,2679,1783,1787,total
20,Oaxaca,178,San Juan Bautista Guelache,0001,San Juan Bautista Guelache," 96°46'42.617"" W","17°13'35.563"" N",1747,977,323,234,323,234,234,cabecera_municipal
20,Oaxaca,179,San Juan Bautista Jayacatlán,0000,Total del Municipio,,,,1447,558,409,558,409,409,total
20,Oaxaca,179,San Juan Bautista Jayacatlán,0001,San Juan Bautista Jayacatlán," 96°49'21.254"" W","17°25'24.616"" N",1261,1447,558,409,558,409,409,cabecera_municipal
20,Oaxaca,180,San Juan Bautista Lo de Soto,0000,Total del Municipio,,,,2344,1128,751,1126,749,751,total
20,Oaxaca,180,San Juan Bautista Lo de Soto,0001,San Juan Bautista Lo de Soto," 98°20'48.489"" W","16°30'41.453"" N",0080,1962,932,637,930,635,637,cabecera_municipal
20,Oaxaca,181,San Juan Bautista Suchitepec,0000,Total del Municipio,,,,453,421,161,421,161,161,total
20,Oaxaca,181,San Juan Bautista Suchitepec,0001,San Juan Bautista Suchitepec," 97°39'35.352"" W","17°58'21.784"" N",1853,282,263,102,263,102,102,cabecera_municipal
20,Oaxaca,182,San Juan Bautista Tlacoatzintepec,0000,Total del Municipio,,,,2181,650,547,649,546,546,total
20,Oaxaca,182,San Juan Bautista Tlacoatzintepec,0001,San Juan Bautista Tlacoatzintepec," 96°35'13.515"" W","17°51'33.989"" N",0539,966,293,251,292,250,250,cabecera_municipal
20,Oaxaca,183,San Juan Bautista Tlachichilco,0000,Total del Municipio,,,,1475,561,374,561,374,374,total
20,Oaxaca,183,San Juan Bautista Tlachichilco,0001,San Juan Bautista Tlachichilco," 98°20'38.375"" W","17°37'21.172"" N",1322,696,325,199,325,199,199,cabecera_municipal
20,Oaxaca,184,San Juan Bautista Tuxtepec,0000,Total del Municipio,,,,159452,59441,47234,58175,45968,47209,total
20,Oaxaca,184,San Juan Bautista Tuxtepec,0001,San Juan Bautista Tuxtepec," 96°07'06.534"" W","18°04'52.193"" N",0021,103609,38885,31003,37773,29891,30985,cabecera_municipal
20,Oaxaca,185,San Juan Cacahuatepec,0000,Total del Municipio,,,,8939,3220,2389,3217,2386,2389,total
20,Oaxaca,185,San Juan Cacahuatepec,0001,San Juan Cacahuatepec," 98°09'21.931"" W","16°36'49.442"" N",0422,4254,1552,1149,1551,1148,1149,cabecera_municipal
20,Oaxaca,186,San Juan Cieneguilla,0000,Total del Municipio,,,,524,326,172,326,172,172,total
20,Oaxaca,186,San Juan Cieneguilla,0001,San Juan Cieneguilla," 98°16'50.752"" W","17°51'05.971"" N",1401,523,325,171,325,171,171,cabecera_municipal
20,Oaxaca,187,San Juan Coatzóspam,0000,Total del Municipio,,,,1808,901,525,897,521,522,total
20,Oaxaca,187,San Juan Coatzóspam,0001,San Juan Coatzóspam," 96°45'47.969"" W","18°02'58.919"" N",1868,689,387,206,383,202,203,cabecera_municipal
20,Oaxaca,188,San Juan Colorado,0000,Total del Municipio,,,,9609,3300,2583,3300,2583,2583,total
20,Oaxaca,188,San Juan Colorado,0001,San Juan Colorado," 97°57'14.361"" W","16°27'34.797"" N",0444,5679,1885,1484,1885,1484,1484,cabecera_municipal
20,Oaxaca,189,San Juan Comaltepec,0000,Total del Municipio,,,,3116,882,697,882,697,697,total
20,Oaxaca,189,San Juan Comaltepec,0001,San Juan Comaltepec," 95°58'36.647"" W","17°20'17.447"" N",0609,689,248,176,248,176,176,cabecera_municipal
20,Oaxaca,190,San Juan Cotzocón,0000,Total del Municipio,,,,22444,8151,6172,8141,6162,6167,total
20,Oaxaca,190,San Juan Cotzocón,0001,San Juan Cotzocón," 95°46'56.317"" W","17°09'50.408"" N",1209,3424,1074,853,1071,850,851,cabecera_municipal
20,Oaxaca,191,San Juan Chicomezúchil,0000,Total del Municipio,,,,296,207,92,207,92,92,total
20,Oaxaca,191,San Juan Chicomezúchil,0001,San Juan Chicomezúchil," 96°29'41.701"" W","17°17'20.311"" N",1763,278,195,85,195,85,85,cabecera_municipal
20,Oaxaca,192,San Juan Chilateca,0000,Total del Municipio,,,,1522,638,451,637,450,451,total
20,Oaxaca,192,San Juan Chilateca,0001,San Juan Chilateca," 96°40'19.238"" W","16°49'42.664"" N",1500,1522,638,451,637,450,451,cabecera_municipal
20,Oaxaca,193,San Juan del Estado,0000,Total del Municipio,,,,2807,925,731,925,731,731,total
20,Oaxaca,193,San Juan del Estado,0001,San Juan del Estado," 96°47'57.382"" W","17°16'24.702"" N",1740,2769,912,720,912,720,720,cabecera_municipal
20,Oaxaca,194,San Juan del Río,0000,Total del Municipio,,,,1372,733,443,733,443,443,total
20,Oaxaca,194,San Juan del Río,0001,San Juan del Río," 96°09'37.693"" W","16°52'57.097"" N",1128,1370,732,442,732,442,442,cabecera_municipal
20,Oaxaca,195,San Juan Diuxi,0000,Total del Municipio,,,,1056,841,391,841,391,391,total
20,Oaxaca,195,San Juan Diuxi,0001,San Juan Diuxi," 97°22'27.273"" W","17°16'53.434"" N",2277,1030,812,383,812,383,383,cabecera_municipal
20,Oaxaca,196,San Juan Evangelista Analco,0000,Total del Municipio,,,,407,308,135,308,135,135,total
20,Oaxaca,196,San Juan Evangelista Analco,0001,San Juan Evangelista Analco," 96°32'16.620"" W","17°24'20.978"" N",2090,374,287,124,287,124,124,cabecera_municipal
20,Oaxaca,197,San Juan Guelavía,0000,Total del Municipio,,,,3288,1456,987,1454,985,987,total
20,Oaxaca,197,San Juan Guelavía,0001,San Juan Guelavía," 96°32'44.995"" W","16°57'24.348"" N",1597,3175,1390,952,1388,950,952,cabecera_municipal
20,Oaxaca,198,San Juan Guichicovi,0000,Total del Municipio,,,,29802,12512,9094,12498,9080,9092,total
20,Oaxaca,198,San Juan Guichicovi,0001,San Juan Guichicovi," 95°05'42.339"" W","16°57'46.184"" N",0260,4131,1691,1285,1687,1281,1284,cabecera_municipal
20,Oaxaca,199,San Juan Ihualtepec,0000,Total del Municipio,,,,494,362,144,362,144,144,total
20,Oaxaca,199,San Juan Ihualtepec,0001,San Juan Ihualtepec," 98°17'19.846"" W","17°44'23.430"" N",1780,293,253,93,253,93,93,cabecera_municipal
20,Oaxaca,200,San Juan Juquila Mixes,0000,Total del Municipio,,,,3703,1523,1076,1519,1072,1072,total
20,Oaxaca,200,San Juan Juquila Mixes,0001,San Juan Juquila Mixes," 95°55'07.745"" W","16°56'08.279"" N",1414,1962,790,594,786,590,590,cabecera_municipal
20,Oaxaca,201,San Juan Juquila Vijanos,0000,Total del Municipio,,,,1880,907,562,907,562,562,total
20,Oaxaca,201,San Juan Juquila Vijanos,0001,San Juan Juquila Vijanos," 96°18'14.453"" W","17°21'13.728"" N",1540,539,293,168,293,168,168,cabecera_municipal
20,Oaxaca,202,San Juan Lachao,0000,Total del Municipio,,,,4577,1378,1092,1375,1089,1092,total
20,Oaxaca,202,San Juan Lachao,0001,San Juan Lachao," 97°07'30.390"" W","16°09'30.738"" N",0587,1402,448,363,448,363,363,cabecera_municipal
20,Oaxaca,203,San Juan Lachigalla,0000,Total del Municipio,,,,3538,1269,831,1269,831,831,total
20,Oaxaca,203,San Juan Lachigalla,0001,San Juan Lachigalla," 96°32'55.835"" W","16°35'30.407"" N",1718,1229,418,273,418,273,273,cabecera_municipal
20,Oaxaca,204,San Juan Lajarcia,0000,Total del Municipio,,,,634,341,219,341,219,219,total
20,Oaxaca,204,San Juan Lajarcia,0001,San Juan Lajarcia," 95°55'32.126"" W","16°30'30.398"" N",0895,411,248,148,248,148,148,cabecera_municipal
20,Oaxaca,205,San Juan Lalana,0000,Total del Municipio,,,,16989,5409,4497,5404,4492,4493,total
20,Oaxaca,205,San Juan Lalana,0001,San Juan Lalana," 95°52'47.579"" W","17°28'15.208"" N",0474,403,122,103,122,103,103,cabecera_municipal
20,Oaxaca,206,San Juan de los Cués,0000,Total del Municipio,,,,2421,932,722,932,722,722,total
20,Oaxaca,206,San Juan de los Cués,0001,San Juan de los Cués," 97°03'34.789"" W","18°02'48.938"" N",0862,1498,547,449,547,449,449,cabecera_municipal
20,Oaxaca,207,San Juan Mazatlán,0000,Total del Municipio,,,,19032,6276,5038,6276,5038,5038,total
20,Oaxaca,207,San Juan Mazatlán,0001,San Juan Mazatlán," 95°26'47.281"" W","17°01'52.045"" N",0541,1953,687,562,687,562,562,cabecera_municipal
20,Oaxaca,208,San Juan Mixtepec,0000,Total del Municipio,,,,6941,5783,2340,5769,2326,2337,total
20,Oaxaca,208,San Juan Mixtepec,0001,San Juan Mixtepec Distrito 08," 97°49'53.209"" W","17°18'20.614"" N",1723,1674,1349,546,1345,542,544,cabecera_municipal
20,Oaxaca,209,San Juan Mixtepec,0000,Total del Municipio,,,,607,356,200,355,199,200,total
20,Oaxaca,209,San Juan Mixtepec,0001,San Juan Mixtepec Distrito 26," 96°17'58.120"" W","16°16'39.142"" N",2051,607,356,200,355,199,200,cabecera_municipal
20,Oaxaca,210,San Juan Ñumí,0000,Total del Municipio,,,,5773,3219,1679,3219,1679,1679,total
20,Oaxaca,210,San Juan Ñumí,0001,San Juan Ñumí," 97°42'23.117"" W","17°23'53.842"" N",2209,206,120,59,120,59,59,cabecera_municipal
20,Oaxaca,211,San Juan Ozolotepec,0000,Total del Municipio,,,,3411,1106,763,1106,763,763,total
20,Oaxaca,211,San Juan Ozolotepec,0001,San Juan Ozolotepec," 96°15'33.456"" W","16°07'58.827"" N",2082,557,293,165,293,165,165,cabecera_municipal
20,Oaxaca,212,San Juan Petlapa,0000,Total del Municipio,,,,3117,1070,836,1069,835,836,total
20,Oaxaca,212,San Juan Petlapa,0001,San Juan Petlapa," 96°02'12.603"" W","17°28'09.488"" N",0683,964,349,267,348,266,267,cabecera_municipal
20,Oaxaca,213,San Juan Quiahije,0000,Total del Municipio,,,,4203,1462,890,1461,889,889,total
20,Oaxaca,213,San Juan Quiahije,0001,San Juan Quiahije," 97°19'00.646"" W","16°18'06.762"" N",1955,2342,719,477,719,477,477,cabecera_municipal
20,Oaxaca,214,San Juan Quiotepec,0000,Total del Municipio,,,,2033,1050,547,1048,545,547,total
20,Oaxaca,214,San Juan Quiotepec,0001,San Juan Quiotepec," 96°35'17.382"" W","17°36'02.748"" N",1952,1224,726,363,724,361,363,cabecera_municipal
20,Oaxaca,215,San Juan Sayultepec,0000,Total del Municipio,,,,879,403,237,401,235,236,total
20,Oaxaca,215,San Juan Sayultepec,0001,San Juan Sayultepec," 97°17'05.066"" W","17°27'12.536"" N",2100,602,281,164,279,162,163,cabecera_municipal
20,Oaxaca,216,San Juan Tabaá,0000,Total del Municipio,,,,1241,473,332,472,331,331,total
20,Oaxaca,216,San Juan Tabaá,0001,San Juan Tabaá," 96°12'25.568"" W","17°18'18.669"" N",1303,1233,465,329,464,328,328,cabecera_municipal
20,Oaxaca,217,San Juan Tamazola,0000,Total del Municipio,,,,3325,1799,942,1787,930,939,total
20,Oaxaca,217,San Juan Tamazola,0001,San Juan Tamazola," 97°13'36.777"" W","17°09'37.579"" N",2084,250,235,73,231,69,72,cabecera_municipal
20,Oaxaca,218,San Juan Teita,0000,Total del Municipio,,,,544,283,166,283,166,166,total
20,Oaxaca,218,San Juan Teita,0001,San Juan Teita," 97°24'51.527"" W","17°05'42.942"" N",1329,541,275,164,275,164,164,cabecera_municipal
20,Oaxaca,219,San Juan Teitipac,0000,Total del Municipio,,,,2668,1271,755,1271,755,755,total
20,Oaxaca,219,San Juan Teitipac,0001,San Juan Teitipac," 96°36'30.634"" W","16°56'03.836"" N",1635,2646,1255,748,1255,748,748,cabecera_municipal
20,Oaxaca,220,San Juan Tepeuxila,0000,Total del Municipio,,,,2692,1365,835,1364,834,835,total
20,Oaxaca,220,San Juan Tepeuxila,0001,San Juan Tepeuxila," 96°50'27.970"" W","17°43'22.372"" N",2117,482,350,159,349,158,159,cabecera_municipal
20,Oaxaca,221,San Juan Teposcolula,0000,Total del Municipio,,,,1494,824,431,823,430,431,total
20,Oaxaca,221,San Juan Teposcolula,0001,San Juan Teposcolula," 97°25'28.484"" W","17°33'02.193"" N",2307,452,284,139,283,138,139,cabecera_municipal
20,Oaxaca,222,San Juan Yaeé,0000,Total del Municipio,,,,1426,787,459,786,458,458,total
20,Oaxaca,222,San Juan Yaeé,0001,San Juan Yaeé," 96°17'01.844"" W","17°25'44.714"" N",1435,780,405,242,404,241,241,cabecera_municipal
20,Oaxaca,223,San Juan Yatzona,0000,Total del Municipio,,,,440,189,133,189,133,133,total
20,Oaxaca,223,San Juan Yatzona,0001,San Juan Yatzona," 96°10'09.280"" W","17°24'08.728"" N",1310,440,189,133,189,133,133,cabecera_municipal
20,Oaxaca,224,San Juan Yucuita,0000,Total del Municipio,,,,643,352,192,352,192,192,total
20,Oaxaca,224,San Juan Yucuita,0001,San Juan Yucuita," 97°16'13.290"" W","17°30'44.112"" N",2085,516,248,150,248,150,150,cabecera_municipal
20,Oaxaca,225,San Lorenzo,0000,Total del Municipio,,,,5903,2099,1644,2099,1644,1644,total
20,Oaxaca,225,San Lorenzo,0001,San Lorenzo," 97°52'29.410"" W","16°23'39.344"" N",0240,1986,750,580,750,580,580,cabecera_municipal
20,Oaxaca,226,San Lorenzo Albarradas,0000,Total del Municipio,,,,2971,1261,845,1238,822,845,total
20,Oaxaca,226,San Lorenzo Albarradas,0001,San Lorenzo Albarradas," 96°15'34.734"" W","16°54'26.012"" N",1807,1550,728,468,705,445,468,cabecera_municipal
20,Oaxaca,227,San Lorenzo Cacaotepec,0000,Total del Municipio,,,,18339,6479,4983,6339,4843,4981,total
20,Oaxaca,227,San Lorenzo Cacaotepec,0001,San Lorenzo Cacaotepec," 96°48'07.184"" W","17°07'45.691"" N",1600,10465,3540,2859,3483,2802,2859,cabecera_municipal
20,Oaxaca,228,San Lorenzo Cuaunecuiltitla,0000,Total del Municipio,,,,833,329,201,328,200,200,total
20,Oaxaca,228,San Lorenzo Cuaunecuiltitla,0001,San Lorenzo Cuaunecuiltitla," 96°54'47.006"" W","18°12'23.230"" N",1898,833,329,201,328,200,200,cabecera_municipal
20,Oaxaca,229,San Lorenzo Texmelúcan,0000,Total del Municipio,,,,9148,2025,1648,2020,1643,1646,total
20,Oaxaca,229,San Lorenzo Texmelúcan,0001,San Lorenzo Texmelúcan," 97°11'56.308"" W","16°35'07.766"" N",1403,1448,334,281,333,280,280,cabecera_municipal
20,Oaxaca,230,San Lorenzo Victoria,0000,Total del Municipio,,,,932,597,287,597,287,287,total
20,Oaxaca,230,San Lorenzo Victoria,0001,San Lorenzo Victoria," 98°07'12.985"" W","17°40'06.082"" N",1185,482,351,152,351,152,152,cabecera_municipal
20,Oaxaca,231,San Lucas Camotlán,0000,Total del Municipio,,,,3187,964,802,961,799,802,total
20,Oaxaca,231,San Lucas Camotlán,0001,San Lucas Camotlán," 95°42'47.319"" W","16°56'35.386"" N",1312,2994,909,757,906,754,757,cabecera_municipal
20,Oaxaca,232,San Lucas Ojitlán,0000,Total del Municipio,,,,22185,6085,5408,6074,5397,5399,total
20,Oaxaca,232,San Lucas Ojitlán,0001,San Lucas Ojitlán," 96°23'51.946"" W","18°03'27.011"" N",0155,6152,1880,1584,1872,1576,1577,cabecera_municipal
20,Oaxaca,233,San Lucas Quiaviní,0000,Total del Municipio,,,,1720,725,444,723,442,444,total
20,Oaxaca,233,San Lucas Quiaviní,0001,San Lucas Quiaviní," 96°28'05.139"" W","16°53'41.287"" N",1742,1714,722,442,720,440,442,cabecera_municipal
20,Oaxaca,234,San Lucas Zoquiápam,0000,Total del Municipio,,,,7163,3070,1965,3055,1950,1964,total
20,Oaxaca,234,San Lucas Zoquiápam,0001,San Lucas Zoquiápam," 96°54'23.144"" W","18°08'10.175"" N",1745,469,203,135,200,132,134,cabecera_municipal
20,Oaxaca,235,San Luis Amatlán,0000,Total del Municipio,,,,3829,1817,1093,1815,1091,1092,total
20,Oaxaca,235,San Luis Amatlán,0001,San Luis Amatlán," 96°29'49.826"" W","16°23'21.926"" N",1517,852,603,296,601,294,295,cabecera_municipal
20,Oaxaca,236,San Marcial Ozolotepec,0000,Total del Municipio,,,,1372,642,342,639,339,341,total
20,Oaxaca,236,San Marcial Ozolotepec,0001,San Marcial Ozolotepec," 96°24'21.210"" W","16°05'21.325"" N",2366,1037,426,252,423,249,251,cabecera_municipal
20,Oaxaca,237,San Marcos Arteaga,0000,Total del Municipio,,,,1568,911,449,911,449,449,total
20,Oaxaca,237,San Marcos Arteaga,0001,San Marcos Arteaga," 97°51'40.098"" W","17°43'10.570"" N",1458,1115,746,343,746,343,343,cabecera_municipal
20,Oaxaca,238,San Martín de los Cansecos,0000,Total del Municipio,,,,994,356,252,355,251,252,total
20,Oaxaca,238,San Martín de los Cansecos,0001,San Martín de los Cansecos," 96°43'44.419"" W","16°39'23.315"" N",1522,933,337,237,336,236,237,cabecera_municipal
20,Oaxaca,239,San Martín Huamelúlpam,0000,Total del Municipio,,,,1000,664,344,664,344,344,total
20,Oaxaca,239,San Martín Huamelúlpam,0001,San Martín Huamelúlpam," 97°36'08.466"" W","17°23'50.654"" N",2211,114,100,41,100,41,41,cabecera_municipal
20,Oaxaca,240,San Martín Itunyoso,0000,Total del Municipio,,,,2749,969,612,965,608,608,total
20,Oaxaca,240,San Martín Itunyoso,0001,San Martín Itunyoso," 97°52'53.317"" W","17°13'44.468"" N",2616,1404,456,304,452,300,300,cabecera_municipal
20,Oaxaca,241,San Martín Lachilá,0000,Total del Municipio,,,,1034,488,323,488,323,323,total
20,Oaxaca,241,San Martín Lachilá,0001,San Martín Lachilá," 96°50'57.738"" W","16°36'39.112"" N",1436,1034,488,323,488,323,323,cabecera_municipal
20,Oaxaca,242,San Martín Peras,0000,Total del Municipio,,,,12436,4678,2317,4675,2314,2316,total
20,Oaxaca,242,San Martín Peras,0001,San Martín Peras," 98°14'18.400"" W","17°21'37.838"" N",2205,3051,1270,636,1269,635,635,cabecera_municipal
20,Oaxaca,243,San Martín Tilcajete,0000,Total del Municipio,,,,1975,670,476,670,476,476,total
20,Oaxaca,243,San Martín Tilcajete,0001,San Martín Tilcajete," 96°41'44.057"" W","16°51'32.213"" N",1528,1933,649,467,649,467,467,cabecera_municipal
20,Oaxaca,244,San Martín Toxpalan,0000,Total del Municipio,,,,3934,1403,1051,1401,1049,1051,total
20,Oaxaca,244,San Martín Toxpalan,0001,San Martín Toxpalan," 97°03'32.498"" W","18°06'02.607"" N",1017,2010,779,579,777,577,579,cabecera_municipal
20,Oaxaca,245,San Martín Zacatepec,0000,Total del Municipio,,,,1324,637,361,636,360,360,total
20,Oaxaca,245,San Martín Zacatepec,0001,San Martín Zacatepec," 98°03'39.112"" W","17°48'28.607"" N",1550,605,294,162,293,161,161,cabecera_municipal
20,Oaxaca,246,San Mateo Cajonos,0000,Total del Municipio,,,,611,271,180,269,178,180,total
20,Oaxaca,246,San Mateo Cajonos,0001,San Mateo Cajonos," 96°12'32.312"" W","17°09'42.395"" N",1411,483,227,143,225,141,143,cabecera_municipal
20,Oaxaca,247,Capulálpam de Méndez,0000,Total del Municipio,,,,1619,637,420,636,419,419,total
20,Oaxaca,247,Capulálpam de Méndez,0001,Capulálpam de Méndez," 96°26'45.527"" W","17°18'23.115"" N",2048,1568,617,406,616,405,405,cabecera_municipal
20,Oaxaca,248,San Mateo del Mar,0000,Total del Municipio,,,,15571,4386,3898,4382,3894,3897,total
20,Oaxaca,248,San Mateo del Mar,0001,San Mateo del Mar," 94°58'54.811"" W","16°12'34.921"" N",0002,5584,1665,1432,1663,1430,1431,cabecera_municipal
20,Oaxaca,249,San Mateo Yoloxochitlán,0000,Total del Municipio,,,,3831,1383,977,1383,977,977,total
20,Oaxaca,249,San Mateo Yoloxochitlán,0001,San Mateo Yoloxochitlán," 96°52'06.294"" W","18°08'37.230"" N",1552,2752,1000,716,1000,716,716,cabecera_municipal
20,Oaxaca,250,San Mateo Etlatongo,0000,Total del Municipio,,,,1239,680,381,680,381,381,total
20,Oaxaca,250,San Mateo Etlatongo,0001,San Mateo Etlatongo," 97°16'18.264"" W","17°24'53.410"" N",2021,463,262,136,262,136,136,cabecera_municipal
20,Oaxaca,251,San Mateo Nejápam,0000,Total del Municipio,,,,1217,487,302,486,301,302,total
20,Oaxaca,251,San Mateo Nejápam,0001,San Mateo Nejápam," 98°25'01.178"" W","17°39'20.117"" N",1346,1095,448,274,448,274,274,cabecera_municipal
20,Oaxaca,252,San Mateo Peñasco,0000,Total del Municipio,,,,2384,1132,616,1125,609,614,total
20,Oaxaca,252,San Mateo Peñasco,0001,San Mateo Peñasco," 97°32'01.122"" W","17°09'02.860"" N",1865,809,512,230,509,227,229,cabecera_municipal
20,Oaxaca,253,San Mateo Piñas,0000,Total del Municipio,,,,2021,1055,641,1054,640,640,total
20,Oaxaca,253,San Mateo Piñas,0001,San Mateo Piñas," 96°20'06.681"" W","15°59'58.230"" N",1006,471,260,164,259,163,163,cabecera_municipal
20,Oaxaca,254,San Mateo Río Hondo,0000,Total del Municipio,,,,3207,1239,845,1233,839,844,total
20,Oaxaca,254,San Mateo Río Hondo,0001,San Mateo Río Hondo," 96°26'54.414"" W","16°08'39.228"" N",2321,956,379,256,373,250,255,cabecera_municipal
20,Oaxaca,255,San Mateo Sindihui,0000,Total del Municipio,,,,1977,776,504,773,501,504,total
20,Oaxaca,255,San Mateo Sindihui,0001,San Mateo Sindihui," 97°21'04.440"" W","17°00'15.237"" N",1460,1683,646,435,643,432,435,cabecera_municipal
20,Oaxaca,256,San Mateo Tlapiltepec,0000,Total del Municipio,,,,229,197,68,197,68,68,total
20,Oaxaca,256,San Mateo Tlapiltepec,0001,San Mateo Tlapiltepec," 97°25'52.258"" W","17°48'38.119"" N",2216,220,180,66,180,66,66,cabecera_municipal
20,Oaxaca,257,San Melchor Betaza,0000,Total del Municipio,,,,1052,514,330,514,330,330,total
20,Oaxaca,257,San Melchor Betaza,0001,San Melchor Betaza," 96°09'15.679"" W","17°15'08.625"" N",1406,705,364,225,364,225,225,cabecera_municipal
20,Oaxaca,258,San Miguel Achiutla,0000,Total del Municipio,,,,698,583,251,583,251,251,total
20,Oaxaca,258,San Miguel Achiutla,0001,San Miguel Achiutla," 97°29'21.746"" W","17°18'22.508"" N",1933,288,291,110,291,110,110,cabecera_municipal
20,Oaxaca,259,San Miguel Ahuehuetitlán,0000,Total del Municipio,,,,2142,1039,527,1038,526,527,total
20,Oaxaca,259,San Miguel Ahuehuetitlán,0001,San Miguel Ahuehuetitlán," 98°19'15.069"" W","17°40'16.852"" N",1364,1786,805,431,804,430,431,cabecera_municipal
20,Oaxaca,260,San Miguel Aloápam,0000,Total del Municipio,,,,2191,907,572,907,572,572,total
20,Oaxaca,260,San Miguel Aloápam,0001,San Miguel Aloápam," 96°41'29.273"" W","17°24'46.486"" N",2275,1605,641,407,641,407,407,cabecera_municipal
20,Oaxaca,261,San Miguel Amatitlán,0000,Total del Municipio,,,,6932,2634,1583,2633,1582,1583,total
20,Oaxaca,261,San Miguel Amatitlán,0001,San Miguel Amatitlán," 98°01'32.044"" W","17°53'28.999"" N",1564,726,291,182,291,182,182,cabecera_municipal
20,Oaxaca,262,San Miguel Amatlán,0000,Total del Municipio,,,,991,592,291,591,290,290,total
20,Oaxaca,262,San Miguel Amatlán,0001,San Miguel Amatlán," 96°28'18.299"" W","17°16'31.889"" N",2011,200,183,75,183,75,75,cabecera_municipal
20,Oaxaca,263,San Miguel Coatlán,0000,Total del Municipio,,,,3184,1518,864,1518,864,864,total
20,Oaxaca,263,San Miguel Coatlán,0001,San Miguel Coatlán," 96°41'38.811"" W","16°11'46.728"" N",1884,1935,950,537,950,537,537,cabecera_municipal
20,Oaxaca,264,San Miguel Chicahua,0000,Total del Municipio,,,,2169,1077,631,1075,629,629,total
20,Oaxaca,264,San Miguel Chicahua,0001,San Miguel Chicahua," 97°11'41.579"" W","17°38'12.994"" N",2300,284,147,72,146,71,71,cabecera_municipal
20,Oaxaca,265,San Miguel Chimalapa,0000,Total del Municipio,,,,6711,2782,2023,2609,1850,2023,total
20,Oaxaca,265,San Miguel Chimalapa,0001,San Miguel Chimalapa," 94°44'52.377"" W","16°42'52.069"" N",0132,1341,611,433,609,431,433,cabecera_municipal
20,Oaxaca,266,San Miguel del Puerto,0000,Total del Municipio,,,,8551,3309,2380,3306,2377,2380,total
20,Oaxaca,266,San Miguel del Puerto,0001,San Miguel del Puerto," 96°10'29.468"" W","15°55'17.880"" N",0341,886,389,263,389,263,263,cabecera_municipal
20,Oaxaca,267,San Miguel del Río,0000,Total del Municipio,,,,245,160,76,160,76,76,total
20,Oaxaca,267,San Miguel del Río,0001,San Miguel del Río," 96°34'09.195"" W","17°19'17.968"" N",1754,245,160,76,160,76,76,cabecera_municipal
20,Oaxaca,268,San Miguel Ejutla,0000,Total del Municipio,,,,1149,455,307,452,304,307,total
20,Oaxaca,268,San Miguel Ejutla,0001,San Miguel Ejutla," 96°44'21.392"" W","16°34'49.390"" N",1468,973,383,262,380,259,262,cabecera_municipal
20,Oaxaca,269,San Miguel el Grande,0000,Total del Municipio,,,,4313,2879,1320,2876,1317,1317,total
20,Oaxaca,269,San Miguel el Grande,0001,San Miguel el Grande," 97°37'19.810"" W","17°02'48.268"" N",2464,1235,847,328,844,325,325,cabecera_municipal
20,Oaxaca,270,San Miguel Huautla,0000,Total del Municipio,,,,1311,758,390,756,388,389,total
20,Oaxaca,270,San Miguel Huautla,0001,San Miguel Huautla," 97°08'15.070"" W","17°44'44.957"" N",1923,667,380,180,378,178,179,cabecera_municipal
20,Oaxaca,271,San Miguel Mixtepec,0000,Total del Municipio,,,,3194,950,624,949,623,623,total
20,Oaxaca,271,San Miguel Mixtepec,0001,San Miguel Mixtepec," 96°57'26.367"" W","16°46'41.165"" N",1959,811,316,176,315,175,175,cabecera_municipal
20,Oaxaca,272,San Miguel Panixtlahuaca,0000,Total del Municipio,,,,6252,1610,1229,1609,1228,1228,total
20,Oaxaca,272,San Miguel Panixtlahuaca,0001,San Miguel Panixtlahuaca," 97°22'46.716"" W","16°15'36.112"" N",0762,5890,1439,1149,1438,1148,1148,cabecera_municipal
20,Oaxaca,273,San Miguel Peras,0000,Total del Municipio,,,,3818,1211,876,1210,875,875,total
20,Oaxaca,273,San Miguel Peras,0001,San Miguel Peras," 97°00'35.880"" W","16°56'16.522"" N",2083,1055,377,251,376,250,250,cabecera_municipal
20,Oaxaca,274,San Miguel Piedras,0000,Total del Municipio,,,,1328,541,352,540,351,351,total
20,Oaxaca,274,San Miguel Piedras,0001,San Miguel Piedras," 97°13'57.719"" W","16°59'58.860"" N",1882,408,130,90,129,89,89,cabecera_municipal
20,Oaxaca,275,San Miguel Quetzaltepec,0000,Total del Municipio,,,,7286,2611,2053,2604,2046,2052,total
20,Oaxaca,275,San Miguel Quetzaltepec,0001,San Miguel Quetzaltepec," 95°45'42.049"" W","16°58'31.752"" N",1204,3637,1332,1079,1328,1075,1078,cabecera_municipal
20,Oaxaca,276,San Miguel Santa Flor,0000,Total del Municipio,,,,691,440,219,439,218,219,total
20,Oaxaca,276,San Miguel Santa Flor,0001,San Miguel Santa Flor," 96°47'57.482"" W","17°55'15.900"" N",1825,467,309,152,308,151,152,cabecera_municipal
20,Oaxaca,277,Villa Sola de Vega,0000,Total del Municipio,,,,12350,4337,3221,4327,3211,3221,total
20,Oaxaca,277,Villa Sola de Vega,0001,Villa Sola de Vega," 96°58'40.850"" W","16°30'53.129"" N",1404,2439,950,688,948,686,688,cabecera_municipal
20,Oaxaca,278,San Miguel Soyaltepec,0000,Total del Municipio,,,,38682,12722,10427,12707,10412,10421,total
20,Oaxaca,278,San Miguel Soyaltepec,0001,Temascal," 96°24'12.893"" W","18°14'25.338"" N",0040,7263,2724,2052,2717,2045,2049,cabecera_municipal
20,Oaxaca,279,San Miguel Suchixtepec,0000,Total del Municipio,,,,2932,862,666,861,665,665,total
20,Oaxaca,279,San Miguel Suchixtepec,0001,San Miguel Suchixtepec," 96°27'59.073"" W","16°05'38.416"" N",2584,1781,527,416,526,415,415,cabecera_municipal
20,Oaxaca,280,Villa Talea de Castro,0000,Total del Municipio,,,,2011,1242,709,1242,709,709,total
20,Oaxaca,280,Villa Talea de Castro,0001,Villa Talea de Castro," 96°14'59.716"" W","17°21'36.010"" N",1578,1499,907,538,907,538,538,cabecera_municipal
20,Oaxaca,281,San Miguel Tecomatlán,0000,Total del Municipio,,,,305,289,117,289,117,117,total
20,Oaxaca,281,San Miguel Tecomatlán,0001,San Miguel Tecomatlán," 97°16'04.768"" W","17°23'38.557"" N",2099,229,236,87,236,87,87,cabecera_municipal
20,Oaxaca,282,San Miguel Tenango,0000,Total del Municipio,,,,653,320,226,320,226,226,total
20,Oaxaca,282,San Miguel Tenango,0001,San Miguel Tenango," 95°35'33.078"" W","16°16'02.357"" N",1599,575,269,194,269,194,194,cabecera_municipal
20,Oaxaca,283,San Miguel Tequixtepec,0000,Total del Municipio,,,,1044,914,318,914,318,318,total
20,Oaxaca,283,San Miguel Tequixtepec,0001,San Miguel Tequixtepec," 97°20'29.959"" W","17°48'10.300"" N",2025,570,616,180,616,180,180,cabecera_municipal
20,Oaxaca,284,San Miguel Tilquiápam,0000,Total del Municipio,,,,3141,1054,689,1035,670,689,total
20,Oaxaca,284,San Miguel Tilquiápam,0001,San Miguel Tilquiápam," 96°34'53.603"" W","16°46'54.992"" N",1684,3108,1027,678,1008,659,678,cabecera_municipal
20,Oaxaca,285,San Miguel Tlacamama,0000,Total del Municipio,,,,3668,1272,1020,1270,1018,1020,total
20,Oaxaca,285,San Miguel Tlacamama,0001,San Miguel Tlacamama," 98°03'47.581"" W","16°25'00.223"" N",0263,2273,791,628,790,627,628,cabecera_municipal
20,Oaxaca,286,San Miguel Tlacotepec,0000,Total del Municipio,,,,3100,1652,913,1648,909,913,total
20,Oaxaca,286,San Miguel Tlacotepec,0001,San Miguel Tlacotepec," 98°00'26.060"" W","17°27'13.047"" N",1707,1562,874,488,872,486,488,cabecera_municipal
20,Oaxaca,287,San Miguel Tulancingo,0000,Total del Municipio,,,,307,285,103,285,103,103,total
20,Oaxaca,287,San Miguel Tulancingo,0001,San Miguel Tulancingo," 97°26'29.439"" W","17°45'04.465"" N",2193,230,218,74,218,74,74,cabecera_municipal
20,Oaxaca,288,San Miguel Yotao,0000,Total del Municipio,,,,585,231,179,230,178,178,total
20,Oaxaca,288,San Miguel Yotao,0001,San Miguel Yotao," 96°20'14.047"" W","17°22'13.672"" N",1433,452,179,139,178,138,138,cabecera_municipal
20,Oaxaca,289,San Nicolás,0000,Total del Municipio,,,,1214,536,374,536,374,374,total
20,Oaxaca,289,San Nicolás,0001,San Nicolás," 96°44'26.966"" W","16°24'57.440"" N",1477,883,402,277,402,277,277,cabecera_municipal
20,Oaxaca,290,San Nicolás Hidalgo,0000,Total del Municipio,,,,1043,453,269,453,269,269,total
20,Oaxaca,290,San Nicolás Hidalgo,0001,San Nicolás Hidalgo," 98°08'33.300"" W","17°46'58.510"" N",1096,812,360,217,360,217,217,cabecera_municipal
20,Oaxaca,291,San Pablo Coatlán,0000,Total del Municipio,,,,4308,1452,1102,1452,1102,1102,total
20,Oaxaca,291,San Pablo Coatlán,0001,San Pablo Coatlán," 96°46'58.796"" W","16°13'26.319"" N",1471,707,315,232,315,232,232,cabecera_municipal
20,Oaxaca,292,San Pablo Cuatro Venados,0000,Total del Municipio,,,,1510,502,346,495,339,345,total
20,Oaxaca,292,San Pablo Cuatro Venados,0001,San Pablo Cuatro Venados," 96°53'27.995"" W","16°58'57.747"" N",2439,310,128,61,127,60,60,cabecera_municipal
20,Oaxaca,293,San Pablo Etla,0000,Total del Municipio,,,,17116,7018,5054,6995,5031,5051,total
20,Oaxaca,293,San Pablo Etla,0001,San Pablo Etla," 96°45'52.164"" W","17°08'43.820"" N",1624,4703,1945,1375,1933,1363,1373,cabecera_municipal
20,Oaxaca,294,San Pablo Huitzo,0000,Total del Municipio,,,,7035,2601,1903,2596,1898,1903,total
20,Oaxaca,294,San Pablo Huitzo,0001,San Pablo Huitzo," 96°53'04.184"" W","17°16'38.522"" N",1684,6072,2192,1638,2187,1633,1638,cabecera_municipal
20,Oaxaca,295,San Pablo Huixtepec,0000,Total del Municipio,,,,10020,4007,2688,4002,2683,2688,total
20,Oaxaca,295,San Pablo Huixtepec,0001,San Pablo Huixtepec," 96°46'51.618"" W","16°49'36.251"" N",1480,9610,3823,2580,3818,2575,2580,cabecera_municipal
20,Oaxaca,296,San Pablo Macuiltianguis,0000,Total del Municipio,,,,955,533,307,532,306,306,total
20,Oaxaca,296,San Pablo Macuiltianguis,0001,San Pablo Macuiltianguis," 96°33'12.821"" W","17°32'03.446"" N",2096,434,309,156,308,155,155,cabecera_municipal
20,Oaxaca,297,San Pablo Tijaltepec,0000,Total del Municipio,,,,2751,1523,610,1519,606,608,total
20,Oaxaca,297,San Pablo Tijaltepec,0001,San Pablo Tijaltepec," 97°29'59.865"" W","17°01'03.569"" N",2279,265,414,50,410,46,48,cabecera_municipal
20,Oaxaca,298,San Pablo Villa de Mitla,0000,Total del Municipio,,,,13587,4828,3619,4821,3612,3619,total
20,Oaxaca,298,San Pablo Villa de Mitla,0001,San Pablo Villa de Mitla," 96°21'43.757"" W","16°55'18.695"" N",1681,9654,3338,2518,3331,2511,2518,cabecera_municipal
20,Oaxaca,299,San Pablo Yaganiza,0000,Total del Municipio,,,,1125,447,323,447,323,323,total
20,Oaxaca,299,San Pablo Yaganiza,0001,San Pablo Yaganiza," 96°13'46.469"" W","17°08'45.897"" N",1447,1125,447,323,447,323,323,cabecera_municipal
20,Oaxaca,300,San Pedro Amuzgos,0000,Total del Municipio,,,,6632,2592,1888,2590,1886,1887,total
20,Oaxaca,300,San Pedro Amuzgos,0001,San Pedro Amuzgos," 98°05'23.737"" W","16°39'14.055"" N",0512,4922,1940,1416,1938,1414,1415,cabecera_municipal
20,Oaxaca,301,San Pedro Apóstol,0000,Total del Municipio,,,,1594,809,454,809,454,454,total
20,Oaxaca,301,San Pedro Apóstol,0001,San Pedro Apóstol," 96°43'33.720"" W","16°44'06.526"" N",1492,1474,764,421,764,421,421,cabecera_municipal
20,Oaxaca,302,San Pedro Atoyac,0000,Total del Municipio,,,,4559,1411,1119,1410,1118,1118,total
20,Oaxaca,302,San Pedro Atoyac,0001,San Pedro Atoyac," 97°59'13.118"" W","16°29'20.704"" N",0239,2729,855,680,854,679,679,cabecera_municipal
20,Oaxaca,303,San Pedro Cajonos,0000,Total del Municipio,,,,1081,602,361,600,359,361,total
20,Oaxaca,303,San Pedro Cajonos,0001,San Pedro Cajonos," 96°15'38.301"" W","17°10'07.214"" N",1848,1081,602,361,600,359,361,cabecera_municipal
20,Oaxaca,304,San Pedro Coxcaltepec Cántaros,0000,Total del Municipio,,,,716,512,231,512,231,231,total
20,Oaxaca,304,San Pedro Coxcaltepec Cántaros,0001,San Pedro Coxcaltepec Cántaros," 97°08'08.928"" W","17°29'55.858"" N",2309,194,202,69,202,69,69,cabecera_municipal
20,Oaxaca,305,San Pedro Comitancillo,0000,Total del Municipio,,,,4333,1927,1434,1927,1434,1434,total
20,Oaxaca,305,San Pedro Comitancillo,0001,San Pedro Comitancillo," 95°09'35.560"" W","16°29'25.093"" N",0067,4265,1869,1407,1869,1407,1407,cabecera_municipal
20,Oaxaca,306,San Pedro el Alto,0000,Total del Municipio,,,,4654,1516,999,1516,999,999,total
20,Oaxaca,306,San Pedro el Alto,0001,San Pedro el Alto," 96°28'25.401"" W","16°02'01.016"" N",2284,738,322,165,322,165,165,cabecera_municipal
20,Oaxaca,307,San Pedro Huamelula,0000,Total del Municipio,,,,9735,4181,3105,4147,3071,3102,total
20,Oaxaca,307,San Pedro Huamelula,0001,San Pedro Huamelula," 95°40'07.881"" W","16°01'44.515"" N",0087,2310,1082,750,1070,738,747,cabecera_municipal
20,Oaxaca,308,San Pedro Huilotepec,0000,Total del Municipio,,,,3307,992,869,992,869,869,total
20,Oaxaca,308,San Pedro Huilotepec,0001,San Pedro Huilotepec," 95°09'10.564"" W","16°14'37.166"" N",0018,3247,961,851,961,851,851,cabecera_municipal
20,Oaxaca,309,San Pedro Ixcatlán,0000,Total del Municipio,,,,10368,3668,2865,3662,2859,2860,total
20,Oaxaca,309,San Pedro Ixcatlán,0001,San Pedro Ixcatlán," 96°30'38.240"" W","18°08'44.377"" N",0099,3440,1355,972,1353,970,971,cabecera_municipal
20,Oaxaca,310,San Pedro Ixtlahuaca,0000,Total del Municipio,,,,14552,5075,3706,5064,3695,3705,total
20,Oaxaca,310,San Pedro Ixtlahuaca,0001,San Pedro Ixtlahuaca," 96°49'12.339"" W","17°03'47.794"" N",1640,3888,1211,984,1209,982,983,cabecera_municipal
20,Oaxaca,311,San Pedro Jaltepetongo,0000,Total del Municipio,,,,483,355,161,355,161,161,total
20,Oaxaca,311,San Pedro Jaltepetongo,0001,San Pedro Jaltepetongo," 97°02'05.785"" W","17°41'16.259"" N",1767,464,333,155,333,155,155,cabecera_municipal
20,Oaxaca,312,San Pedro Jicayán,0000,Total del Municipio,,,,11279,3665,2691,3648,2674,2691,total
20,Oaxaca,312,San Pedro Jicayán,0001,San Pedro Jicayán," 98°00'54.715"" W","16°27'07.871"" N",0399,4386,1516,1112,1504,1100,1112,cabecera_municipal
20,Oaxaca,313,San Pedro Jocotipac,0000,Total del Municipio,,,,730,523,270,523,270,270,total
20,Oaxaca,313,San Pedro Jocotipac,0001,San Pedro Jocotipac," 97°04'48.704"" W","17°46'06.816"" N",2047,712,516,265,516,265,265,cabecera_municipal
20,Oaxaca,314,San Pedro Juchatengo,0000,Total del Municipio,,,,1755,664,493,663,492,493,total
20,Oaxaca,314,San Pedro Juchatengo,0001,San Pedro Juchatengo," 97°05'14.357"" W","16°20'27.428"" N",0850,1445,520,408,519,407,408,cabecera_municipal
20,Oaxaca,315,San Pedro Mártir,0000,Total del Municipio,,,,1899,705,491,705,491,491,total
20,Oaxaca,315,San Pedro Mártir,0001,San Pedro Mártir," 96°42'43.985"" W","16°44'40.162"" N",1482,1899,705,491,705,491,491,cabecera_municipal
20,Oaxaca,316,San Pedro Mártir Quiechapa,0000,Total del Municipio,,,,738,375,219,374,218,218,total
20,Oaxaca,316,San Pedro Mártir Quiechapa,0001,San Pedro Mártir Quiechapa," 96°14'51.139"" W","16°24'54.817"" N",1808,738,375,219,374,218,218,cabecera_municipal
20,Oaxaca,317,San Pedro Mártir Yucuxaco,0000,Total del Municipio,,,,1257,895,431,895,431,431,total
20,Oaxaca,317,San Pedro Mártir Yucuxaco,0001,San Pedro Mártir Yucuxaco," 97°36'36.273"" W","17°25'57.462"" N",2243,307,258,108,258,108,108,cabecera_municipal
20,Oaxaca,318,San Pedro Mixtepec,0000,Total del Municipio,,,,49780,18452,13918,18400,13866,13913,total
20,Oaxaca,318,San Pedro Mixtepec,0001,San Pedro Mixtepec Distrito 22," 97°05'01.795"" W","15°58'57.517"" N",0220,5103,1728,1440,1727,1439,1440,cabecera_municipal
20,Oaxaca,319,San Pedro Mixtepec,0000,Total del Municipio,,,,972,587,321,587,321,321,total
20,Oaxaca,319,San Pedro Mixtepec,0001,San Pedro Mixtepec Distrito 26," 96°16'58.072"" W","16°16'18.475"" N",2114,968,577,319,577,319,319,cabecera_municipal
20,Oaxaca,320,San Pedro Molinos,0000,Total del Municipio,,,,706,533,226,532,225,226,total
20,Oaxaca,320,San Pedro Molinos,0001,San Pedro Molinos," 97°32'28.048"" W","17°06'16.702"" N",2071,395,241,121,240,120,121,cabecera_municipal
20,Oaxaca,321,San Pedro Nopala,0000,Total del Municipio,,,,751,331,201,331,201,201,total
20,Oaxaca,321,San Pedro Nopala,0001,San Pedro Nopala," 97°32'28.704"" W","17°48'22.658"" N",2108,389,169,99,169,99,99,cabecera_municipal
20,Oaxaca,322,San Pedro Ocopetatillo,0000,Total del Municipio,,,,786,390,245,389,244,245,total
20,Oaxaca,322,San Pedro Ocopetatillo,0001,San Pedro Ocopetatillo," 96°54'47.352"" W","18°11'05.770"" N",1737,786,390,245,389,244,245,cabecera_municipal
20,Oaxaca,323,San Pedro Ocotepec,0000,Total del Municipio,,,,2404,694,556,694,556,556,total
20,Oaxaca,323,San Pedro Ocotepec,0001,San Pedro Ocotepec," 95°50'48.304"" W","16°57'19.507"" N",1610,1324,360,284,360,284,284,cabecera_municipal
20,Oaxaca,324,San Pedro Pochutla,0000,Total del Municipio,,,,48204,16098,12727,16064,12693,12722,total
20,Oaxaca,324,San Pedro Pochutla,0001,San Pedro Pochutla," 96°27'54.829"" W","15°44'46.827"" N",0160,14071,4797,3831,4776,3810,3829,cabecera_municipal
20,Oaxaca,325,San Pedro Quiatoni,0000,Total del Municipio,,,,11930,4499,3137,4499,3137,3137,total
20,Oaxaca,325,San Pedro Quiatoni,0001,San Pedro Quiatoni," 96°01'53.584"" W","16°46'59.519"" N",1861,3954,1601,1020,1601,1020,1020,cabecera_municipal
20,Oaxaca,326,San Pedro Sochiápam,0000,Total del Municipio,,,,5052,1435,1211,1435,1211,1211,total
20,Oaxaca,326,San Pedro Sochiápam,0001,San Pedro Sochiápam," 96°39'51.841"" W","17°49'30.506"" N",1225,1875,571,481,571,481,481,cabecera_municipal
20,Oaxaca,327,San Pedro Tapanatepec,0000,Total del Municipio,,,,15479,5905,4561,5902,4558,4560,total
20,Oaxaca,327,San Pedro Tapanatepec,0001,San Pedro Tapanatepec," 94°11'37.854"" W","16°22'02.095"" N",0062,8154,3084,2409,3084,2409,2409,cabecera_municipal
20,Oaxaca,328,San Pedro Taviche,0000,Total del Municipio,,,,1441,389,359,389,359,359,total
20,Oaxaca,328,San Pedro Taviche,0001,San Pedro Taviche," 96°32'15.352"" W","16°38'16.255"" N",1586,1438,387,357,387,357,357,cabecera_municipal
20,Oaxaca,329,San Pedro Teozacoalco,0000,Total del Municipio,,,,1153,654,350,653,349,349,total
20,Oaxaca,329,San Pedro Teozacoalco,0001,San Pedro Teozacoalco," 97°17'09.953"" W","17°01'01.654"" N",1588,458,279,137,278,136,136,cabecera_municipal
20,Oaxaca,330,San Pedro Teutila,0000,Total del Municipio,,,,4296,1508,1172,1508,1172,1172,total
20,Oaxaca,330,San Pedro Teutila,0001,San Pedro Teutila," 96°42'20.417"" W","17°58'37.302"" N",1041,996,387,299,387,299,299,cabecera_municipal
20,Oaxaca,331,San Pedro Tidaá,0000,Total del Municipio,,,,982,964,332,963,331,331,total
20,Oaxaca,331,San Pedro Tidaá,0001,San Pedro Tidaá," 97°22'38.182"" W","17°20'26.751"" N",2293,901,915,309,914,308,308,cabecera_municipal
20,Oaxaca,332,San Pedro Topiltepec,0000,Total del Municipio,,,,373,400,131,400,131,131,total
20,Oaxaca,332,San Pedro Topiltepec,0001,San Pedro Topiltepec," 97°20'37.364"" W","17°26'13.924"" N",2166,159,190,63,190,63,63,cabecera_municipal
20,Oaxaca,333,San Pedro Totolápam,0000,Total del Municipio,,,,3294,1248,947,1243,942,944,total
20,Oaxaca,333,San Pedro Totolápam,0001,San Pedro Totolápam," 96°18'06.865"" W","16°39'59.200"" N",0932,1756,724,546,722,544,546,cabecera_municipal
20,Oaxaca,334,Villa de Tututepec,0000,Total del Municipio,,,,50541,18875,14836,18862,14823,14832,total
20,Oaxaca,334,Villa de Tututepec,0001,Villa de Tututepec," 97°36'30.749"" W","16°07'47.621"" N",0280,1894,917,613,916,612,612,cabecera_municipal
20,Oaxaca,335,San Pedro Yaneri,0000,Total del Municipio,,,,867,432,252,432,252,252,total
20,Oaxaca,335,San Pedro Yaneri,0001,San Pedro Yaneri," 96°21'16.454"" W","17°25'09.681"" N",1354,490,222,134,222,134,134,cabecera_municipal
20,Oaxaca,336,San Pedro Yólox,0000,Total del Municipio,,,,1697,825,493,824,492,492,total
20,Oaxaca,336,San Pedro Yólox,0001,San Pedro Yólox," 96°33'05.672"" W","17°35'18.369"" N",1877,759,375,219,374,218,218,cabecera_municipal
20,Oaxaca,337,San Pedro y San Pablo Ayutla,0000,Total del Municipio,,,,5616,2535,1610,2528,1603,1603,total
20,Oaxaca,337,San Pedro y San Pablo Ayutla,0001,San Pedro y San Pablo Ayutla," 96°04'37.494"" W","17°01'37.743"" N",2050,2347,1031,677,1026,672,672,cabecera_municipal
20,Oaxaca,338,Villa de Etla,0000,Total del Municipio,,,,10361,3665,2690,3649,2674,2687,total
20,Oaxaca,338,Villa de Etla,0001,Villa de Etla," 96°48'02.086"" W","17°12'27.101"" N",1660,7997,2537,1989,2527,1979,1988,cabecera_municipal
20,Oaxaca,339,San Pedro y San Pablo Teposcolula,0000,Total del Municipio,,,,4353,2693,1227,2691,1225,1226,total
20,Oaxaca,339,San Pedro y San Pablo Teposcolula,0001,San Pedro y San Pablo Teposcolula," 97°29'17.479"" W","17°30'43.451"" N",2166,2078,1243,543,1241,541,542,cabecera_municipal
20,Oaxaca,340,San Pedro y San Pablo Tequixtepec,0000,Total del Municipio,,,,1747,1536,625,1536,625,625,total
20,Oaxaca,340,San Pedro y San Pablo Tequixtepec,0001,San Pedro y San Pablo Tequixtepec," 97°43'04.246"" W","18°03'38.362"" N",1843,385,356,139,356,139,139,cabecera_municipal
20,Oaxaca,341,San Pedro Yucunama,0000,Total del Municipio,,,,241,227,73,223,69,73,total
20,Oaxaca,341,San Pedro Yucunama,0001,San Pedro Yucunama," 97°28'57.328"" W","17°33'39.615"" N",2429,241,227,73,223,69,73,cabecera_municipal
20,Oaxaca,342,San Raymundo Jalpan,0000,Total del Municipio,,,,4105,1935,1291,1934,1290,1291,total
20,Oaxaca,342,San Raymundo Jalpan,0001,San Raymundo Jalpan," 96°45'19.792"" W","16°58'13.427"" N",1520,2499,851,689,851,689,689,cabecera_municipal
20,Oaxaca,343,San Sebastián Abasolo,0000,Total del Municipio,,,,1999,782,568,780,566,568,total
20,Oaxaca,343,San Sebastián Abasolo,0001,San Sebastián Abasolo," 96°35'19.893"" W","16°59'40.830"" N",1577,1537,596,426,595,425,426,cabecera_municipal
20,Oaxaca,344,San Sebastián Coatlán,0000,Total del Municipio,,,,2809,1116,808,1116,808,808,total
20,Oaxaca,344,San Sebastián Coatlán,0001,San Sebastián Coatlán," 96°49'39.141"" W","16°12'04.531"" N",2014,1226,577,399,577,399,399,cabecera_municipal
20,Oaxaca,345,San Sebastián Ixcapa,0000,Total del Municipio,,,,4188,1624,1215,1623,1214,1215,total
20,Oaxaca,345,San Sebastián Ixcapa,0001,San Sebastián Ixcapa," 98°08'40.154"" W","16°32'37.202"" N",0233,1386,537,414,537,414,414,cabecera_municipal
20,Oaxaca,346,San Sebastián Nicananduta,0000,Total del Municipio,,,,1542,952,483,951,482,483,total
20,Oaxaca,346,San Sebastián Nicananduta,0001,San Sebastián Nicananduta," 97°40'59.766"" W","17°31'04.429"" N",2378,1425,908,451,907,450,451,cabecera_municipal
20,Oaxaca,347,San Sebastián Río Hondo,0000,Total del Municipio,,,,4202,1413,1014,1413,1014,1014,total
20,Oaxaca,347,San Sebastián Río Hondo,0001,San Sebastián Río Hondo," 96°27'50.618"" W","16°10'58.190"" N",2527,1124,415,278,415,278,278,cabecera_municipal
20,Oaxaca,348,San Sebastián Tecomaxtlahuaca,0000,Total del Municipio,,,,8192,4388,2298,4385,2295,2298,total
20,Oaxaca,348,San Sebastián Tecomaxtlahuaca,0001,San Sebastián Tecomaxtlahuaca," 98°01'52.226"" W","17°20'45.083"" N",1678,2708,1286,783,1286,783,783,cabecera_municipal
20,Oaxaca,349,San Sebastián Teitipac,0000,Total del Municipio,,,,2189,912,638,912,638,638,total
20,Oaxaca,349,San Sebastián Teitipac,0001,San Sebastián Teitipac," 96°36'50.468"" W","16°57'05.129"" N",1602,1857,781,542,781,542,542,cabecera_municipal
20,Oaxaca,350,San Sebastián Tutla,0000,Total del Municipio,,,,16878,6095,5032,6019,4956,5032,total
20,Oaxaca,350,San Sebastián Tutla,0001,San Sebastián Tutla," 96°40'19.633"" W","17°03'30.514"" N",1543,5748,1877,1562,1858,1543,1562,cabecera_municipal
20,Oaxaca,351,San Simón Almolongas,0000,Total del Municipio,,,,2802,1309,839,1307,837,838,total
20,Oaxaca,351,San Simón Almolongas,0001,San Simón Almolongas," 96°43'10.820"" W","16°24'26.667"" N",1519,1398,755,446,754,445,445,cabecera_municipal
20,Oaxaca,352,San Simón Zahuatlán,0000,Total del Municipio,,,,4940,827,596,826,595,596,total
20,Oaxaca,352,San Simón Zahuatlán,0001,San Simón Zahuatlán," 98°00'16.302"" W","17°49'43.872"" N",1940,1648,302,205,302,205,205,cabecera_municipal
20,Oaxaca,353,Santa Ana,0000,Total del Municipio,,,,2406,862,621,855,614,620,total
20,Oaxaca,353,Santa Ana,0001,Santa Ana," 96°43'03.396"" W","16°20'26.297"" N",1606,2406,862,621,855,614,620,cabecera_municipal
20,Oaxaca,354,Santa Ana Ateixtlahuaca,0000,Total del Municipio,,,,477,216,142,216,142,142,total
20,Oaxaca,354,Santa Ana Ateixtlahuaca,0001,Santa Ana Ateixtlahuaca," 96°54'22.979"" W","18°12'38.082"" N",1837,346,171,108,171,108,108,cabecera_municipal
20,Oaxaca,355,Santa Ana Cuauhtémoc,0000,Total del Municipio,,,,681,371,233,363,225,233,total
20,Oaxaca,355,Santa Ana Cuauhtémoc,0001,Santa Ana Cuauhtémoc," 96°47'40.914"" W","17°59'01.828"" N",1669,486,266,169,258,161,169,cabecera_municipal
20,Oaxaca,356,Santa Ana del Valle,0000,Total del Municipio,,,,2179,930,602,928,600,601,total
20,Oaxaca,356,Santa Ana del Valle,0001,Santa Ana del Valle," 96°28'18.029"" W","16°59'41.377"" N",1668,2179,930,602,928,600,601,cabecera_municipal
20,Oaxaca,357,Santa Ana Tavela,0000,Total del Municipio,,,,848,429,269,429,269,269,total
20,Oaxaca,357,Santa Ana Tavela,0001,Santa Ana Tavela," 95°54'41.643"" W","16°39'16.739"" N",0688,848,429,269,429,269,269,cabecera_municipal
20,Oaxaca,358,Santa Ana Tlapacoyan,0000,Total del Municipio,,,,1958,1092,615,1091,614,615,total
20,Oaxaca,358,Santa Ana Tlapacoyan,0001,Santa Ana Tlapacoyan," 96°50'13.502"" W","16°44'38.412"" N",1468,1080,560,329,560,329,329,cabecera_municipal
20,Oaxaca,359,Santa Ana Yareni,0000,Total del Municipio,,,,637,491,234,491,234,234,total
20,Oaxaca,359,Santa Ana Yareni,0001,Santa Ana Yareni," 96°36'38.806"" W","17°23'52.036"" N",2289,637,491,234,491,234,234,cabecera_municipal
20,Oaxaca,360,Santa Ana Zegache,0000,Total del Municipio,,,,3981,1487,1171,1487,1171,1171,total
20,Oaxaca,360,Santa Ana Zegache,0001,Santa Ana Zegache," 96°43'33.380"" W","16°50'16.351"" N",1483,2879,1090,856,1090,856,856,cabecera_municipal
20,Oaxaca,361,Santa Catalina Quierí,0000,Total del Municipio,,,,825,418,252,418,252,252,total
20,Oaxaca,361,Santa Catalina Quierí,0001,Santa Catalina Quierí," 96°15'57.089"" W","16°19'19.924"" N",1947,825,418,252,418,252,252,cabecera_municipal
20,Oaxaca,362,Santa Catarina Cuixtla,0000,Total del Municipio,,,,1495,759,435,759,435,435,total
20,Oaxaca,362,Santa Catarina Cuixtla,0001,Santa Catarina Cuixtla," 96°38'41.078"" W","16°18'15.824"" N",1828,1392,726,409,726,409,409,cabecera_municipal
20,Oaxaca,363,Santa Catarina Ixtepeji,0000,Total del Municipio,,,,2675,1066,772,1066,772,772,total
20,Oaxaca,363,Santa Catarina Ixtepeji,0001,Santa Catarina Ixtepeji," 96°33'42.117"" W","17°15'55.976"" N",1917,741,376,216,376,216,216,cabecera_municipal
20,Oaxaca,364,Santa Catarina Juquila,0000,Total del Municipio,,,,18654,5136,4274,5125,4263,4271,total
20,Oaxaca,364,Santa Catarina Juquila,0001,Santa Catarina Juquila," 97°17'32.902"" W","16°14'13.234"" N",1432,8084,2266,1982,2264,1980,1980,cabecera_municipal
20,Oaxaca,365,Santa Catarina Lachatao,0000,Total del Municipio,,,,1059,800,373,800,373,373,total
20,Oaxaca,365,Santa Catarina Lachatao,0001,Santa Catarina Lachatao," 96°28'22.563"" W","17°16'06.411"" N",2098,183,182,66,182,66,66,cabecera_municipal
20,Oaxaca,366,Santa Catarina Loxicha,0000,Total del Municipio,,,,3676,1516,898,1514,896,897,total
20,Oaxaca,366,Santa Catarina Loxicha,0001,Santa Catarina Loxicha," 96°45'17.516"" W","16°04'10.216"" N",1285,2983,1056,714,1054,712,713,cabecera_municipal
20,Oaxaca,367,Santa Catarina Mechoacán,0000,Total del Municipio,,,,4582,1430,1149,1429,1148,1149,total
20,Oaxaca,367,Santa Catarina Mechoacán,0001,Santa Catarina Mechoacán," 97°50'09.693"" W","16°20'03.961"" N",0280,4526,1409,1136,1408,1135,1136,cabecera_municipal
20,Oaxaca,368,Santa Catarina Minas,0000,Total del Municipio,,,,2067,709,551,708,550,551,total
20,Oaxaca,368,Santa Catarina Minas,0001,Santa Catarina Minas," 96°36'55.642"" W","16°46'45.083"" N",1582,1976,678,527,677,526,527,cabecera_municipal
20,Oaxaca,369,Santa Catarina Quiané,0000,Total del Municipio,,,,2193,896,657,895,656,657,total
20,Oaxaca,369,Santa Catarina Quiané,0001,Santa Catarina Quiané," 96°44'26.691"" W","16°52'49.102"" N",1499,2166,878,647,877,646,647,cabecera_municipal
20,Oaxaca,370,Santa Catarina Tayata,0000,Total del Municipio,,,,662,411,208,411,208,208,total
20,Oaxaca,370,Santa Catarina Tayata,0001,Santa Catarina Tayata," 97°33'30.164"" W","17°20'52.097"" N",2100,313,168,88,168,88,88,cabecera_municipal
20,Oaxaca,371,Santa Catarina Ticuá,0000,Total del Municipio,,,,986,1027,352,1026,351,351,total
20,Oaxaca,371,Santa Catarina Ticuá,0001,Santa Catarina Ticuá," 97°32'05.491"" W","17°04'16.449"" N",2256,592,551,213,550,212,212,cabecera_municipal
20,Oaxaca,372,Santa Catarina Yosonotú,0000,Total del Municipio,,,,1316,1258,458,1204,404,457,total
20,Oaxaca,372,Santa Catarina Yosonotú,0001,Santa Catarina Yosonotú," 97°39'43.660"" W","17°01'13.979"" N",2286,324,337,124,313,100,124,cabecera_municipal
20,Oaxaca,373,Santa Catarina Zapoquila,0000,Total del Municipio,,,,403,292,127,292,127,127,total
20,Oaxaca,373,Santa Catarina Zapoquila,0001,Santa Catarina Zapoquila," 97°36'05.959"" W","18°03'52.407"" N",2008,287,210,89,210,89,89,cabecera_municipal
20,Oaxaca,374,Santa Cruz Acatepec,0000,Total del Municipio,,,,1645,522,422,521,421,422,total
20,Oaxaca,374,Santa Cruz Acatepec,0001,Santa Cruz Acatepec," 96°52'31.149"" W","18°09'49.542"" N",1630,872,296,237,295,236,237,cabecera_municipal
20,Oaxaca,375,Santa Cruz Amilpas,0000,Total del Municipio,,,,13200,4275,3575,4240,3540,3574,total
20,Oaxaca,375,Santa Cruz Amilpas,0001,Santa Cruz Amilpas," 96°41'02.462"" W","17°03'31.320"" N",1536,13200,4275,3575,4240,3540,3574,cabecera_municipal
20,Oaxaca,376,Santa Cruz de Bravo,0000,Total del Municipio,,,,365,244,100,244,100,100,total
20,Oaxaca,376,Santa Cruz de Bravo,0001,Santa Cruz de Bravo," 98°13'26.361"" W","17°34'52.946"" N",1638,365,244,100,244,100,100,cabecera_municipal
20,Oaxaca,377,Santa Cruz Itundujia,0000,Total del Municipio,,,,10860,4803,2995,4802,2994,2994,total
20,Oaxaca,377,Santa Cruz Itundujia,0001,Santa Cruz Itundujia," 97°39'37.985"" W","16°52'29.749"" N",2333,965,422,253,421,252,252,cabecera_municipal
20,Oaxaca,378,Santa Cruz Mixtepec,0000,Total del Municipio,,,,3720,1460,969,1459,968,969,total
20,Oaxaca,378,Santa Cruz Mixtepec,0001,Santa Cruz Mixtepec," 96°52'56.666"" W","16°47'32.794"" N",1584,1370,515,356,514,355,356,cabecera_municipal
20,Oaxaca,379,Santa Cruz Nundaco,0000,Total del Municipio,,,,2951,1590,784,1589,783,783,total
20,Oaxaca,379,Santa Cruz Nundaco,0001,Santa Cruz Nundaco," 97°43'23.474"" W","17°10'26.901"" N",2301,422,234,101,233,100,100,cabecera_municipal
20,Oaxaca,380,Santa Cruz Papalutla,0000,Total del Municipio,,,,2242,835,645,835,645,645,total
20,Oaxaca,380,Santa Cruz Papalutla,0001,Santa Cruz Papalutla," 96°35'05.681"" W","16°57'34.159"" N",1585,2242,835,645,835,645,645,cabecera_municipal
20,Oaxaca,381,Santa Cruz Tacache de Mina,0000,Total del Municipio,,,,2940,1350,791,1350,791,791,total
20,Oaxaca,381,Santa Cruz Tacache de Mina,0001,Santa Cruz Tacache de Mina," 98°09'02.835"" W","17°49'39.581"" N",1075,2433,1100,651,1100,651,651,cabecera_municipal
20,Oaxaca,382,Santa Cruz Tacahua,0000,Total del Municipio,,,,1182,591,352,590,351,351,total
20,Oaxaca,382,Santa Cruz Tacahua,0001,Santa Cruz Tacahua," 97°29'31.797"" W","16°55'08.044"" N",1750,629,301,188,300,187,187,cabecera_municipal
20,Oaxaca,383,Santa Cruz Tayata,0000,Total del Municipio,,,,595,303,177,301,175,177,total
20,Oaxaca,383,Santa Cruz Tayata,0001,Santa Cruz Tayata," 97°34'06.942"" W","17°21'27.968"" N",2124,114,84,37,84,37,37,cabecera_municipal
20,Oaxaca,384,Santa Cruz Xitla,0000,Total del Municipio,,,,4794,1558,1137,1558,1137,1137,total
20,Oaxaca,384,Santa Cruz Xitla,0001,Santa Cruz Xitla," 96°40'23.264"" W","16°19'20.772"" N",1805,3968,1155,906,1155,906,906,cabecera_municipal
20,Oaxaca,385,Santa Cruz Xoxocotlán,0000,Total del Municipio,,,,100402,36225,27498,35867,27140,27492,total
20,Oaxaca,385,Santa Cruz Xoxocotlán,0001,Santa Cruz Xoxocotlán," 96°44'03.689"" W","17°01'38.213"" N",1529,81848,29063,22267,28875,22079,22261,cabecera_municipal
20,Oaxaca,386,Santa Cruz Zenzontepec,0000,Total del Municipio,,,,19079,5483,4470,5478,4465,4465,total
20,Oaxaca,386,Santa Cruz Zenzontepec,0001,Santa Cruz Zenzontepec," 97°29'42.284"" W","16°32'06.472"" N",0944,693,321,190,319,188,188,cabecera_municipal
20,Oaxaca,387,Santa Gertrudis,0000,Total del Municipio,,,,2891,1250,838,1250,838,838,total
20,Oaxaca,387,Santa Gertrudis,0001,Santa Gertrudis," 96°47'49.961"" W","16°47'11.741"" N",1468,2547,1069,735,1069,735,735,cabecera_municipal
20,Oaxaca,388,Santa Inés del Monte,0000,Total del Municipio,,,,2809,914,643,914,643,643,total
20,Oaxaca,388,Santa Inés del Monte,0001,Santa Inés del Monte," 96°51'42.073"" W","16°55'32.760"" N",2332,667,186,146,186,146,146,cabecera_municipal
20,Oaxaca,389,Santa Inés Yatzeche,0000,Total del Municipio,,,,908,370,231,370,231,231,total
20,Oaxaca,389,Santa Inés Yatzeche,0001,Santa Inés Yatzeche," 96°45'22.767"" W","16°48'31.224"" N",1455,908,370,231,370,231,231,cabecera_municipal
20,Oaxaca,390,Santa Lucía del Camino,0000,Total del Municipio,,,,50362,17626,14259,17270,13903,14246,total
20,Oaxaca,390,Santa Lucía del Camino,0001,Santa Lucía del Camino," 96°41'40.838"" W","17°03'50.825"" N",1541,45895,15982,12975,15642,12635,12966,cabecera_municipal
20,Oaxaca,391,Santa Lucía Miahuatlán,0000,Total del Municipio,,,,3375,1371,822,1369,820,821,total
20,Oaxaca,391,Santa Lucía Miahuatlán,0001,Santa Lucía Miahuatlán," 96°37'05.560"" W","16°11'11.303"" N",1994,1790,776,455,774,453,454,cabecera_municipal
20,Oaxaca,392,Santa Lucía Monteverde,0000,Total del Municipio,,,,6726,3613,1884,3604,1875,1878,total
20,Oaxaca,392,Santa Lucía Monteverde,0001,Santa Lucía Monteverde," 97°39'58.690"" W","16°58'16.648"" N",2501,474,288,127,286,125,125,cabecera_municipal
20,Oaxaca,393,Santa Lucía Ocotlán,0000,Total del Municipio,,,,4173,1209,1027,1209,1027,1027,total
20,Oaxaca,393,Santa Lucía Ocotlán,0001,Santa Lucía Ocotlán," 96°40'49.426"" W","16°44'31.884"" N",1514,4094,1179,1004,1179,1004,1004,cabecera_municipal
20,Oaxaca,394,Santa María Alotepec,0000,Total del Municipio,,,,2796,1156,809,1141,794,806,total
20,Oaxaca,394,Santa María Alotepec,0001,Santa María Alotepec," 95°51'16.458"" W","17°05'31.544"" N",1452,1055,468,307,455,294,306,cabecera_municipal
20,Oaxaca,395,Santa María Apazco,0000,Total del Municipio,,,,1629,990,506,989,505,505,total
20,Oaxaca,395,Santa María Apazco,0001,Santa María Apazco," 97°06'01.393"" W","17°38'04.500"" N",2164,485,317,149,316,148,148,cabecera_municipal
20,Oaxaca,396,Santa María la Asunción,0000,Total del Municipio,,,,3259,1313,943,1309,939,940,total
20,Oaxaca,396,Santa María la Asunción,0001,Santa María la Asunción," 96°49'09.715"" W","18°06'29.607"" N",1672,1558,669,476,667,474,474,cabecera_municipal
20,Oaxaca,397,Heroica Ciudad de Tlaxiaco,0000,Total del Municipio,,,,40123,17230,10596,17199,10565,10586,total
20,Oaxaca,397,Heroica Ciudad de Tlaxiaco,0001,Heroica Ciudad de Tlaxiaco," 97°40'49.770"" W","17°16'02.891"" N",2064,18915,7525,4950,7505,4930,4945,cabecera_municipal
20,Oaxaca,398,Ayoquezco de Aldama,0000,Total del Municipio,,,,4874,2195,1381,2194,1380,1381,total
20,Oaxaca,398,Ayoquezco de Aldama,0001,Ayoquezco de Aldama," 96°50'35.212"" W","16°41'08.396"" N",1443,4022,1712,1139,1711,1138,1139,cabecera_municipal
20,Oaxaca,399,Santa María Atzompa,0000,Total del Municipio,,,,41921,15282,11367,15239,11324,11364,total
20,Oaxaca,399,Santa María Atzompa,0001,Santa María Atzompa," 96°46'45.340"" W","17°06'10.316"" N",1580,28586,9353,7432,9323,7402,7430,cabecera_municipal
20,Oaxaca,400,Santa María Camotlán,0000,Total del Municipio,,,,1713,895,530,894,529,530,total
20,Oaxaca,400,Santa María Camotlán,0001,Santa María Camotlán," 97°41'36.168"" W","17°53'58.418"" N",1712,1608,846,498,845,497,498,cabecera_municipal
20,Oaxaca,401,Santa María Colotepec,0000,Total del Municipio,,,,27046,9019,7079,8529,6589,7075,total
20,Oaxaca,401,Santa María Colotepec,0001,Santa María Colotepec," 96°56'18.920"" W","15°53'52.052"" N",0046,1539,494,411,494,411,411,cabecera_municipal
20,Oaxaca,402,Santa María Cortijo,0000,Total del Municipio,,,,1067,464,326,460,322,326,total
20,Oaxaca,402,Santa María Cortijo,0001,Santa María Cortijo," 98°17'08.579"" W","16°27'02.889"" N",0079,1060,462,325,458,321,325,cabecera_municipal
20,Oaxaca,403,Santa María Coyotepec,0000,Total del Municipio,,,,3751,1362,1079,1362,1079,1079,total
20,Oaxaca,403,Santa María Coyotepec,0001,Santa María Coyotepec," 96°42'24.251"" W","16°58'01.778"" N",1516,2993,1049,860,1049,860,860,cabecera_municipal
20,Oaxaca,404,Santa María Chachoápam,0000,Total del Municipio,,,,761,429,247,428,246,247,total
20,Oaxaca,404,Santa María Chachoápam,0001,Santa María Chachoápam," 97°17'00.618"" W","17°31'30.560"" N",2091,480,223,149,222,148,149,cabecera_municipal
20,Oaxaca,405,Villa de Chilapa de Díaz,0000,Total del Municipio,,,,1815,1235,559,1235,559,559,total
20,Oaxaca,405,Villa de Chilapa de Díaz,0001,Villa de Chilapa de Díaz," 97°37'54.884"" W","17°35'17.984"" N",1900,1239,944,387,944,387,387,cabecera_municipal
20,Oaxaca,406,Santa María Chilchotla,0000,Total del Municipio,,,,21469,7466,5621,7457,5612,5615,total
20,Oaxaca,406,Santa María Chilchotla,0001,Santa María Chilchotla," 96°49'49.946"" W","18°14'03.265"" N",1371,1988,672,539,669,536,536,cabecera_municipal
20,Oaxaca,407,Santa María Chimalapa,0000,Total del Municipio,,,,9578,3250,2642,2591,1983,2642,total
20,Oaxaca,407,Santa María Chimalapa,0001,Santa María Chimalapa," 94°40'58.880"" W","16°54'35.712"" N",0285,2516,883,744,882,743,744,cabecera_municipal
20,Oaxaca,408,Santa María del Rosario,0000,Total del Municipio,,,,499,283,144,283,144,144,total
20,Oaxaca,408,Santa María del Rosario,0001,Santa María del Rosario," 97°35'37.753"" W","17°21'06.341"" N",2306,96,68,28,68,28,28,cabecera_municipal
20,Oaxaca,409,Santa María del Tule,0000,Total del Municipio,,,,8939,3176,2574,3163,2561,2573,total
20,Oaxaca,409,Santa María del Tule,0001,Santa María del Tule," 96°38'11.732"" W","17°02'48.126"" N",1560,8268,2932,2390,2919,2377,2389,cabecera_municipal
20,Oaxaca,410,Santa María Ecatepec,0000,Total del Municipio,,,,3418,1303,894,1300,891,891,total
20,Oaxaca,410,Santa María Ecatepec,0001,Santa María Ecatepec," 95°52'52.069"" W","16°17'03.057"" N",1843,459,262,132,260,130,130,cabecera_municipal
20,Oaxaca,411,Santa María Guelacé,0000,Total del Municipio,,,,908,318,251,318,251,251,total
20,Oaxaca,411,Santa María Guelacé,0001,Santa María Guelacé," 96°36'10.188"" W","17°00'03.156"" N",1559,848,298,235,298,235,235,cabecera_municipal
20,Oaxaca,412,Santa María Guienagati,0000,Total del Municipio,,,,3178,1409,901,1407,899,900,total
20,Oaxaca,412,Santa María Guienagati,0001,Santa María Guienagati," 95°21'16.149"" W","16°44'16.738"" N",0317,1618,688,469,687,468,468,cabecera_municipal
20,Oaxaca,413,Santa María Huatulco,0000,Total del Municipio,,,,50862,20147,15176,19567,14596,15170,total
20,Oaxaca,413,Santa María Huatulco,0001,Santa María Huatulco," 96°19'19.535"" W","15°50'10.001"" N",0220,10504,3631,3051,3610,3030,3050,cabecera_municipal
20,Oaxaca,414,Santa María Huazolotitlán,0000,Total del Municipio,,,,11995,4551,3582,4551,3582,3582,total
20,Oaxaca,414,Santa María Huazolotitlán,0001,Santa María Huazolotitlán," 97°54'46.300"" W","16°18'08.000"" N",0280,5165,2046,1604,2046,1604,1604,cabecera_municipal
20,Oaxaca,415,Santa María Ipalapa,0000,Total del Municipio,,,,4878,1999,1292,1999,1292,1292,total
20,Oaxaca,415,Santa María Ipalapa,0001,Santa María Ipalapa," 98°02'01.766"" W","16°38'10.387"" N",0471,2055,743,543,743,543,543,cabecera_municipal
20,Oaxaca,416,Santa María Ixcatlán,0000,Total del Municipio,,,,461,339,163,337,161,163,total
20,Oaxaca,416,Santa María Ixcatlán,0001,Santa María Ixcatlán," 97°11'25.735"" W","17°51'05.735"" N",1891,448,335,159,333,157,159,cabecera_municipal
20,Oaxaca,417,Santa María Jacatepec,0000,Total del Municipio,,,,9682,3440,2618,3438,2616,2618,total
20,Oaxaca,417,Santa María Jacatepec,0001,Santa María Jacatepec," 96°12'40.768"" W","17°51'36.478"" N",0043,1401,528,393,528,393,393,cabecera_municipal
20,Oaxaca,418,Santa María Jalapa del Marqués,0000,Total del Municipio,,,,11735,4778,3604,4772,3598,3603,total
20,Oaxaca,418,Santa María Jalapa del Marqués,0001,Santa María Jalapa del Marqués," 95°26'36.161"" W","16°26'24.235"" N",0160,8958,3651,2787,3647,2783,2786,cabecera_municipal
20,Oaxaca,419,Santa María Jaltianguis,0000,Total del Municipio,,,,592,391,176,391,176,176,total
20,Oaxaca,419,Santa María Jaltianguis,0001,Santa María Jaltianguis," 96°31'41.777"" W","17°21'56.206"" N",2039,583,387,172,387,172,172,cabecera_municipal
20,Oaxaca,420,Santa María Lachixío,0000,Total del Municipio,,,,1679,581,402,580,401,401,total
20,Oaxaca,420,Santa María Lachixío,0001,Santa María Lachixío," 97°01'09.159"" W","16°43'39.922"" N",2257,1099,385,270,384,269,269,cabecera_municipal
20,Oaxaca,421,Santa María Mixtequilla,0000,Total del Municipio,,,,4690,2003,1506,2002,1505,1506,total
20,Oaxaca,421,Santa María Mixtequilla,0001,Santa María Mixtequilla," 95°15'37.704"" W","16°22'25.350"" N",0049,3651,1526,1188,1525,1187,1188,cabecera_municipal
20,Oaxaca,422,Santa María Nativitas,0000,Total del Municipio,,,,603,590,197,589,196,196,total
20,Oaxaca,422,Santa María Nativitas,0001,Santa María Nativitas," 97°20'05.234"" W","17°39'41.380"" N",2165,194,276,69,275,68,68,cabecera_municipal
20,Oaxaca,423,Santa María Nduayaco,0000,Total del Municipio,,,,453,455,146,454,145,145,total
20,Oaxaca,423,Santa María Nduayaco,0001,Santa María Nduayaco," 97°29'46.814"" W","17°24'41.432"" N",2345,55,115,22,114,21,21,cabecera_municipal
20,Oaxaca,424,Santa María Ozolotepec,0000,Total del Municipio,,,,3793,1476,971,1475,970,970,total
20,Oaxaca,424,Santa María Ozolotepec,0001,Santa María Ozolotepec," 96°22'12.240"" W","16°07'51.027"" N",2507,1035,386,275,385,274,274,cabecera_municipal
20,Oaxaca,425,Santa María Pápalo,0000,Total del Municipio,,,,2058,964,634,951,621,634,total
20,Oaxaca,425,Santa María Pápalo,0001,Santa María Pápalo," 96°47'50.483"" W","17°47'02.976"" N",2061,1429,704,448,692,436,448,cabecera_municipal
20,Oaxaca,426,Santa María Peñoles,0000,Total del Municipio,,,,8967,2676,1712,2672,1708,1708,total
20,Oaxaca,426,Santa María Peñoles,0001,Santa María Peñoles," 97°00'08.804"" W","17°04'44.094"" N",1982,705,267,137,265,135,135,cabecera_municipal
20,Oaxaca,427,Santa María Petapa,0000,Total del Municipio,,,,16706,6121,4942,5291,4112,4941,total
20,Oaxaca,427,Santa María Petapa,0001,Santa María Petapa," 95°07'12.139"" W","16°49'20.745"" N",0235,2391,930,747,926,743,746,cabecera_municipal
20,Oaxaca,428,Santa María Quiegolani,0000,Total del Municipio,,,,2224,671,531,669,529,529,total
20,Oaxaca,428,Santa María Quiegolani,0001,Santa María Quiegolani," 96°03'07.211"" W","16°16'37.968"" N",2146,998,341,257,339,255,255,cabecera_municipal
20,Oaxaca,429,Santa María Sola,0000,Total del Municipio,,,,1516,637,439,636,438,439,total
20,Oaxaca,429,Santa María Sola,0001,Santa María Sola," 97°00'47.210"" W","16°34'00.297"" N",1443,594,262,179,262,179,179,cabecera_municipal
20,Oaxaca,430,Santa María Tataltepec,0000,Total del Municipio,,,,317,198,92,198,92,92,total
20,Oaxaca,430,Santa María Tataltepec,0001,Santa María Tataltepec," 97°23'42.416"" W","17°08'32.852"" N",1598,306,186,87,186,87,87,cabecera_municipal
20,Oaxaca,431,Santa María Tecomavaca,0000,Total del Municipio,,,,1830,679,486,679,486,486,total
20,Oaxaca,431,Santa María Tecomavaca,0001,Santa María Tecomavaca," 97°01'27.974"" W","17°57'22.526"" N",0587,1620,608,433,608,433,433,cabecera_municipal
20,Oaxaca,432,Santa María Temaxcalapa,0000,Total del Municipio,,,,903,396,299,396,299,299,total
20,Oaxaca,432,Santa María Temaxcalapa,0001,Santa María Temaxcalapa," 96°09'44.920"" W","17°22'51.958"" N",1082,903,396,299,396,299,299,cabecera_municipal
20,Oaxaca,433,Santa María Temaxcaltepec,0000,Total del Municipio,,,,2694,827,622,827,622,622,total
20,Oaxaca,433,Santa María Temaxcaltepec,0001,Santa María Temaxcaltepec," 97°11'40.758"" W","16°09'47.192"" N",1319,1466,488,345,488,345,345,cabecera_municipal
20,Oaxaca,434,Santa María Teopoxco,0000,Total del Municipio,,,,3985,1834,1126,1830,1122,1126,total
20,Oaxaca,434,Santa María Teopoxco,0001,Santa María Teopoxco," 96°57'18.501"" W","18°09'59.973"" N",1859,670,310,204,307,201,204,cabecera_municipal
20,Oaxaca,435,Santa María Tepantlali,0000,Total del Municipio,,,,3576,1367,919,1364,916,917,total
20,Oaxaca,435,Santa María Tepantlali,0001,Santa María Tepantlali," 96°00'36.433"" W","16°59'51.047"" N",1842,1342,551,365,549,363,363,cabecera_municipal
20,Oaxaca,436,Santa María Texcatitlán,0000,Total del Municipio,,,,896,470,293,468,291,293,total
20,Oaxaca,436,Santa María Texcatitlán,0001,Santa María Texcatitlán," 97°04'00.082"" W","17°42'46.458"" N",1506,882,445,287,443,285,287,cabecera_municipal
20,Oaxaca,437,Santa María Tlahuitoltepec,0000,Total del Municipio,,,,9653,4547,2452,4542,2447,2448,total
20,Oaxaca,437,Santa María Tlahuitoltepec,0001,Santa María Tlahuitoltepec," 96°03'47.708"" W","17°05'51.133"" N",2260,3525,1529,891,1526,888,889,cabecera_municipal
20,Oaxaca,438,Santa María Tlalixtac,0000,Total del Municipio,,,,1839,630,471,629,470,470,total
20,Oaxaca,438,Santa María Tlalixtac,0001,Santa María Tlalixtac," 96°44'17.071"" W","17°57'06.038"" N",1177,980,343,264,342,263,263,cabecera_municipal
20,Oaxaca,439,Santa María Tonameca,0000,Total del Municipio,,,,25347,8197,6456,8183,6442,6454,total
20,Oaxaca,439,Santa María Tonameca,0001,Santa María Tonameca," 96°32'43.315"" W","15°44'49.702"" N",0033,1923,645,504,644,503,504,cabecera_municipal
20,Oaxaca,440,Santa María Totolapilla,0000,Total del Municipio,,,,812,417,296,416,295,295,total
20,Oaxaca,440,Santa María Totolapilla,0001,Santa María Totolapilla," 95°37'31.637"" W","16°36'11.622"" N",0491,812,417,296,416,295,295,cabecera_municipal
20,Oaxaca,441,Santa María Xadani,0000,Total del Municipio,,,,9234,2923,2237,2886,2200,2237,total
20,Oaxaca,441,Santa María Xadani,0001,Santa María Xadani," 95°01'11.461"" W","16°21'37.083"" N",0009,8632,2722,2087,2707,2072,2087,cabecera_municipal
20,Oaxaca,442,Santa María Yalina,0000,Total del Municipio,,,,250,220,83,220,83,83,total
20,Oaxaca,442,Santa María Yalina,0001,Santa María Yalina," 96°15'46.013"" W","17°14'25.695"" N",1857,250,220,83,220,83,83,cabecera_municipal
20,Oaxaca,443,Santa María Yavesía,0000,Total del Municipio,,,,434,260,146,260,146,146,total
20,Oaxaca,443,Santa María Yavesía,0001,Santa María Yavesía," 96°25'46.256"" W","17°14'03.175"" N",1976,434,260,146,260,146,146,cabecera_municipal
20,Oaxaca,444,Santa María Yolotepec,0000,Total del Municipio,,,,481,303,155,303,155,155,total
20,Oaxaca,444,Santa María Yolotepec,0001,Santa María Yolotepec," 97°30'19.181"" W","16°52'36.497"" N",1936,306,200,107,200,107,107,cabecera_municipal
20,Oaxaca,445,Santa María Yosoyúa,0000,Total del Municipio,,,,1699,668,379,667,378,378,total
20,Oaxaca,445,Santa María Yosoyúa,0001,Santa María Yosoyúa," 97°30'53.252"" W","17°07'12.669"" N",1916,219,101,55,100,54,54,cabecera_municipal
20,Oaxaca,446,Santa María Yucuhiti,0000,Total del Municipio,,,,6008,2390,1653,2387,1650,1650,total
20,Oaxaca,446,Santa María Yucuhiti,0001,Santa María Yucuhiti," 97°46'10.232"" W","17°01'05.494"" N",1721,299,110,67,107,64,64,cabecera_municipal
20,Oaxaca,447,Santa María Zacatepec,0000,Total del Municipio,,,,17100,6363,4450,6359,4446,4450,total
20,Oaxaca,447,Santa María Zacatepec,0001,Santa María Zacatepec," 97°59'23.559"" W","16°45'50.020"" N",0335,5961,2050,1458,2047,1455,1458,cabecera_municipal
20,Oaxaca,448,Santa María Zaniza,0000,Total del Municipio,,,,2469,669,504,669,504,504,total
20,Oaxaca,448,Santa María Zaniza,0001,Santa María Zaniza," 97°20'18.757"" W","16°39'18.351"" N",1305,1594,398,312,398,312,312,cabecera_municipal
20,Oaxaca,449,Santa María Zoquitlán,0000,Total del Municipio,,,,3294,1756,1031,1723,998,1031,total
20,Oaxaca,449,Santa María Zoquitlán,0001,Santa María Zoquitlán," 96°21'10.336"" W","16°33'30.095"" N",1029,1795,1055,593,1022,560,593,cabecera_municipal
20,Oaxaca,450,Santiago Amoltepec,0000,Total del Municipio,,,,13855,3858,2994,3855,2991,2992,total
20,Oaxaca,450,Santiago Amoltepec,0001,Santiago Amoltepec," 97°29'41.290"" W","16°38'27.260"" N",1680,1444,603,353,600,350,351,cabecera_municipal
20,Oaxaca,451,Santiago Apoala,0000,Total del Municipio,,,,1019,699,325,697,323,323,total
20,Oaxaca,451,Santiago Apoala,0001,Santiago Apoala," 97°08'13.003"" W","17°38'54.969"" N",1968,270,228,83,226,81,81,cabecera_municipal
20,Oaxaca,452,Santiago Apóstol,0000,Total del Municipio,,,,4421,1817,1155,1814,1152,1155,total
20,Oaxaca,452,Santiago Apóstol,0001,Santiago Apóstol," 96°43'20.690"" W","16°48'15.347"" N",1467,3821,1604,1000,1601,997,1000,cabecera_municipal
20,Oaxaca,453,Santiago Astata,0000,Total del Municipio,,,,3918,1852,1282,1844,1274,1281,total
20,Oaxaca,453,Santiago Astata,0001,Santiago Astata," 95°40'33.116"" W","15°59'15.472"" N",0019,2222,1080,769,1072,761,768,cabecera_municipal
20,Oaxaca,454,Santiago Atitlán,0000,Total del Municipio,,,,3556,1150,885,1149,884,884,total
20,Oaxaca,454,Santiago Atitlán,0001,Santiago Atitlán," 95°56'44.869"" W","17°06'14.304"" N",1525,550,233,144,232,143,143,cabecera_municipal
20,Oaxaca,455,Santiago Ayuquililla,0000,Total del Municipio,,,,2904,1183,764,1181,762,763,total
20,Oaxaca,455,Santiago Ayuquililla,0001,Santiago Ayuquililla," 97°57'29.744"" W","17°56'06.381"" N",1561,1449,653,399,651,397,398,cabecera_municipal
20,Oaxaca,456,Santiago Cacaloxtepec,0000,Total del Municipio,,,,1667,1102,494,1101,493,494,total
20,Oaxaca,456,Santiago Cacaloxtepec,0001,Santiago Cacaloxtepec," 97°44'25.751"" W","17°43'12.857"" N",1702,1011,872,317,872,317,317,cabecera_municipal
20,Oaxaca,457,Santiago Camotlán,0000,Total del Municipio,,,,3346,1150,902,1135,887,900,total
20,Oaxaca,457,Santiago Camotlán,0001,Santiago Camotlán," 96°11'04.762"" W","17°26'46.561"" N",1365,686,281,189,279,187,187,cabecera_municipal
20,Oaxaca,458,Santiago Comaltepec,0000,Total del Municipio,,,,1157,665,342,664,341,341,total
20,Oaxaca,458,Santiago Comaltepec,0001,Santiago Comaltepec," 96°32'52.127"" W","17°33'50.852"" N",1989,763,441,228,440,227,227,cabecera_municipal
20,Oaxaca,459,Villa de Santiago Chazumba,0000,Total del Municipio,,,,4877,3330,1594,3327,1591,1593,total
20,Oaxaca,459,Villa de Santiago Chazumba,0001,Villa de Santiago Chazumba," 97°40'49.943"" W","18°11'19.566"" N",1700,2257,1337,678,1334,675,677,cabecera_municipal
20,Oaxaca,460,Santiago Choápam,0000,Total del Municipio,,,,5242,1806,1393,1802,1389,1391,total
20,Oaxaca,460,Santiago Choápam,0001,Santiago Choápam," 95°55'21.444"" W","17°21'38.203"" N",0879,1007,369,268,367,266,266,cabecera_municipal
20,Oaxaca,461,Santiago del Río,0000,Total del Municipio,,,,527,518,188,518,188,188,total
20,Oaxaca,461,Santiago del Río,0001,Santiago del Río," 98°05'18.745"" W","17°27'21.511"" N",1614,320,288,124,288,124,124,cabecera_municipal
20,Oaxaca,462,Santiago Huajolotitlán,0000,Total del Municipio,,,,4600,2046,1256,2038,1248,1255,total
20,Oaxaca,462,Santiago Huajolotitlán,0001,Santiago Huajolotitlán," 97°43'54.361"" W","17°49'35.939"" N",1630,1993,839,525,834,520,524,cabecera_municipal
20,Oaxaca,463,Santiago Huauclilla,0000,Total del Municipio,,,,525,510,194,509,193,193,total
20,Oaxaca,463,Santiago Huauclilla,0001,Santiago Huauclilla," 97°04'17.498"" W","17°27'03.027"" N",2056,174,224,64,223,63,63,cabecera_municipal
20,Oaxaca,464,Santiago Ihuitlán Plumas,0000,Total del Municipio,,,,341,405,116,404,115,115,total
20,Oaxaca,464,Santiago Ihuitlán Plumas,0001,Santiago Ihuitlán Plumas," 97°25'47.075"" W","17°50'54.508"" N",2121,211,246,70,245,69,69,cabecera_municipal
20,Oaxaca,465,Santiago Ixcuintepec,0000,Total del Municipio,,,,1636,545,413,544,412,413,total
20,Oaxaca,465,Santiago Ixcuintepec,0001,Santiago Ixcuintepec," 95°37'23.180"" W","16°56'05.302"" N",0866,1469,469,371,468,370,371,cabecera_municipal
20,Oaxaca,466,Santiago Ixtayutla,0000,Total del Municipio,,,,13880,4067,3153,4065,3151,3152,total
20,Oaxaca,466,Santiago Ixtayutla,0001,Santiago Ixtayutla," 97°39'07.088"" W","16°33'54.023"" N",0672,2268,657,521,655,519,520,cabecera_municipal
20,Oaxaca,467,Santiago Jamiltepec,0000,Total del Municipio,,,,19112,7448,5525,7440,5517,5523,total
20,Oaxaca,467,Santiago Jamiltepec,0001,Santiago Jamiltepec," 97°49'10.856"" W","16°16'46.050"" N",0460,10387,4213,3093,4210,3090,3091,cabecera_municipal
20,Oaxaca,468,Santiago Jocotepec,0000,Total del Municipio,,,,14198,4003,3378,3992,3367,3376,total
20,Oaxaca,468,Santiago Jocotepec,0019,Monte Negro," 95°52'25.292"" W","17°35'18.141"" N",0073,2052,550,480,550,480,480,cabecera_municipal
20,Oaxaca,469,Santiago Juxtlahuaca,0000,Total del Municipio,,,,34735,12067,7595,12008,7536,7576,total
20,Oaxaca,469,Santiago Juxtlahuaca,0001,Santiago Juxtlahuaca," 98°00'44.818"" W","17°20'07.045"" N",1678,10611,4073,2564,4062,2553,2562,cabecera_municipal
20,Oaxaca,470,Santiago Lachiguiri,0000,Total del Municipio,,,,4394,2545,1424,2522,1401,1423,total
20,Oaxaca,470,Santiago Lachiguiri,0001,Santiago Lachiguiri," 95°31'57.570"" W","16°41'11.251"" N",0766,1747,928,583,909,564,583,cabecera_municipal
20,Oaxaca,471,Santiago Lalopa,0000,Total del Municipio,,,,431,251,128,250,127,127,total
20,Oaxaca,471,Santiago Lalopa,0001,Santiago Lalopa," 96°14'54.932"" W","17°25'04.654"" N",1232,422,248,126,247,125,125,cabecera_municipal
20,Oaxaca,472,Santiago Laollaga,0000,Total del Municipio,,,,3361,1579,1118,1551,1090,1118,total
20,Oaxaca,472,Santiago Laollaga,0001,Santiago Laollaga," 95°12'16.485"" W","16°35'05.592"" N",0111,2821,1324,954,1300,930,954,cabecera_municipal
20,Oaxaca,473,Santiago Laxopa,0000,Total del Municipio,,,,1291,597,375,596,374,375,total
20,Oaxaca,473,Santiago Laxopa,0001,Santiago Laxopa," 96°18'48.227"" W","17°13'11.127"" N",1943,617,307,188,306,187,188,cabecera_municipal
20,Oaxaca,474,Santiago Llano Grande,0000,Total del Municipio,,,,3440,1442,1054,1441,1053,1054,total
20,Oaxaca,474,Santiago Llano Grande,0001,Santiago Llano Grande," 98°17'22.807"" W","16°29'21.935"" N",0069,1940,818,604,818,604,604,cabecera_municipal
20,Oaxaca,475,Santiago Matatlán,0000,Total del Municipio,,,,10175,4002,2537,3996,2531,2537,total
20,Oaxaca,475,Santiago Matatlán,0001,Santiago Matatlán," 96°23'00.324"" W","16°51'57.958"" N",1725,3687,1620,1025,1616,1021,1025,cabecera_municipal
20,Oaxaca,476,Santiago Miltepec,0000,Total del Municipio,,,,421,278,143,278,143,143,total
20,Oaxaca,476,Santiago Miltepec,0001,Santiago Miltepec," 97°41'21.439"" W","17°59'05.040"" N",1840,368,248,123,248,123,123,cabecera_municipal
20,Oaxaca,477,Santiago Minas,0000,Total del Municipio,,,,1327,539,357,539,357,357,total
20,Oaxaca,477,Santiago Minas,0001,Santiago Minas," 97°13'41.352"" W","16°25'34.260"" N",0958,315,142,85,142,85,85,cabecera_municipal
20,Oaxaca,478,Santiago Nacaltepec,0000,Total del Municipio,,,,1599,1154,565,1151,562,564,total
20,Oaxaca,478,Santiago Nacaltepec,0001,Santiago Nacaltepec," 96°54'59.384"" W","17°30'19.707"" N",2052,446,352,150,351,149,149,cabecera_municipal
20,Oaxaca,479,Santiago Nejapilla,0000,Total del Municipio,,,,174,214,68,213,67,68,total
20,Oaxaca,479,Santiago Nejapilla,0001,Santiago Nejapilla," 97°22'21.419"" W","17°25'13.022"" N",2266,156,187,59,186,58,59,cabecera_municipal
20,Oaxaca,480,Santiago Nundiche,0000,Total del Municipio,,,,1351,828,403,827,402,402,total
20,Oaxaca,480,Santiago Nundiche,0001,Santiago Nundiche," 97°40'24.594"" W","17°19'54.452"" N",2226,135,229,37,228,36,36,cabecera_municipal
20,Oaxaca,481,Santiago Nuyoó,0000,Total del Municipio,,,,1898,930,581,929,580,580,total
20,Oaxaca,481,Santiago Nuyoó,0001,Santiago Nuyoó," 97°45'59.541"" W","17°00'54.621"" N",1645,358,191,99,190,98,98,cabecera_municipal
20,Oaxaca,482,Santiago Pinotepa Nacional,0000,Total del Municipio,,,,55840,21105,15557,21021,15473,15549,total
20,Oaxaca,482,Santiago Pinotepa Nacional,0001,Santiago Pinotepa Nacional," 98°03'01.251"" W","16°20'20.433"" N",0205,33726,12731,9282,12678,9229,9276,cabecera_municipal
20,Oaxaca,483,Santiago Suchilquitongo,0000,Total del Municipio,,,,10886,3480,2863,3474,2857,2862,total
20,Oaxaca,483,Santiago Suchilquitongo,0001,Santiago Suchilquitongo," 96°52'25.270"" W","17°14'49.653"" N",1666,8273,2636,2173,2630,2167,2172,cabecera_municipal
20,Oaxaca,484,Santiago Tamazola,0000,Total del Municipio,,,,4458,1980,1127,1978,1125,1127,total
20,Oaxaca,484,Santiago Tamazola,0001,Santiago Tamazola," 98°13'14.881"" W","17°40'09.512"" N",1780,2252,1094,593,1092,591,593,cabecera_municipal
20,Oaxaca,485,Santiago Tapextla,0000,Total del Municipio,,,,3134,1112,805,1112,805,805,total
20,Oaxaca,485,Santiago Tapextla,0001,Santiago Tapextla," 98°26'50.907"" W","16°20'27.492"" N",0060,1474,495,358,495,358,358,cabecera_municipal
20,Oaxaca,486,Villa Tejúpam de la Unión,0000,Total del Municipio,,,,2419,1274,695,1273,694,695,total
20,Oaxaca,486,Villa Tejúpam de la Unión,0001,Villa Tejúpam de la Unión," 97°28'24.675"" W","17°40'01.515"" N",2100,1168,628,333,627,332,333,cabecera_municipal
20,Oaxaca,487,Santiago Tenango,0000,Total del Municipio,,,,1966,860,588,856,584,588,total
20,Oaxaca,487,Santiago Tenango,0001,Santiago Tenango," 97°00'14.773"" W","17°19'29.714"" N",2037,454,253,132,253,132,132,cabecera_municipal
20,Oaxaca,488,Santiago Tepetlapa,0000,Total del Municipio,,,,130,146,41,146,41,41,total
20,Oaxaca,488,Santiago Tepetlapa,0001,Santiago Tepetlapa," 97°24'05.530"" W","17°46'57.345"" N",2163,98,94,30,94,30,30,cabecera_municipal
20,Oaxaca,489,Santiago Tetepec,0000,Total del Municipio,,,,4909,1685,1350,1684,1349,1350,total
20,Oaxaca,489,Santiago Tetepec,0001,Santiago Tetepec," 97°44'53.714"" W","16°19'20.175"" N",0260,1200,463,351,463,351,351,cabecera_municipal
20,Oaxaca,490,Santiago Texcalcingo,0000,Total del Municipio,,,,2974,1165,762,1165,762,762,total
20,Oaxaca,490,Santiago Texcalcingo,0001,Santiago Texcalcingo," 96°58'07.569"" W","18°12'29.504"" N",2007,748,340,202,340,202,202,cabecera_municipal
20,Oaxaca,491,Santiago Textitlán,0000,Total del Municipio,,,,4930,1127,908,1123,904,904,total
20,Oaxaca,491,Santiago Textitlán,0001,Santiago Textitlán," 97°15'37.153"" W","16°41'33.808"" N",1720,1032,253,185,251,183,183,cabecera_municipal
20,Oaxaca,492,Santiago Tilantongo,0000,Total del Municipio,,,,2764,2009,909,2006,906,906,total
20,Oaxaca,492,Santiago Tilantongo,0001,Santiago Tilantongo," 97°20'23.293"" W","17°16'59.078"" N",2203,519,346,148,345,147,147,cabecera_municipal
20,Oaxaca,493,Santiago Tillo,0000,Total del Municipio,,,,545,379,175,379,175,175,total
20,Oaxaca,493,Santiago Tillo,0001,Santiago Tillo," 97°19'11.004"" W","17°27'37.026"" N",2080,386,246,124,246,124,124,cabecera_municipal
20,Oaxaca,494,Santiago Tlazoyaltepec,0000,Total del Municipio,,,,6300,2174,1300,2170,1296,1296,total
20,Oaxaca,494,Santiago Tlazoyaltepec,0001,Santiago Tlazoyaltepec," 96°59'43.783"" W","17°01'36.847"" N",2524,317,233,80,232,79,79,cabecera_municipal
20,Oaxaca,495,Santiago Xanica,0000,Total del Municipio,,,,3029,1231,809,1231,809,809,total
20,Oaxaca,495,Santiago Xanica,0001,Santiago Xanica," 96°13'29.734"" W","16°00'34.088"" N",1250,832,390,246,390,246,246,cabecera_municipal
20,Oaxaca,496,Santiago Xiacuí,0000,Total del Municipio,,,,1893,1018,538,1016,536,537,total
20,Oaxaca,496,Santiago Xiacuí,0001,Santiago Xiacuí," 96°25'53.861"" W","17°17'35.231"" N",1999,499,290,128,289,127,127,cabecera_municipal
20,Oaxaca,497,Santiago Yaitepec,0000,Total del Municipio,,,,4233,1184,954,1184,954,954,total
20,Oaxaca,497,Santiago Yaitepec,0001,Santiago Yaitepec," 97°16'09.695"" W","16°13'32.056"" N",1806,4233,1184,954,1184,954,954,cabecera_municipal
20,Oaxaca,498,Santiago Yaveo,0000,Total del Municipio,,,,7593,2685,2087,2667,2069,2086,total
20,Oaxaca,498,Santiago Yaveo,0001,Santiago Yaveo," 95°42'02.490"" W","17°20'08.982"" N",0419,738,283,200,282,199,199,cabecera_municipal
20,Oaxaca,499,Santiago Yolomécatl,0000,Total del Municipio,,,,1922,1212,540,1210,538,540,total
20,Oaxaca,499,Santiago Yolomécatl,0001,Santiago Yolomécatl," 97°34'11.101"" W","17°28'15.358"" N",2140,1740,1113,490,1111,488,490,cabecera_municipal
20,Oaxaca,500,Santiago Yosondúa,0000,Total del Municipio,,,,7991,4208,2415,4201,2408,2411,total
20,Oaxaca,500,Santiago Yosondúa,0001,Santiago Yosondúa," 97°34'35.792"" W","16°52'24.158"" N",2198,1490,791,436,790,435,435,cabecera_municipal
20,Oaxaca,501,Santiago Yucuyachi,0000,Total del Municipio,,,,998,806,327,806,327,327,total
20,Oaxaca,501,Santiago Yucuyachi,0001,Santiago Yucuyachi," 98°11'47.058"" W","17°36'29.525"" N",1441,448,459,161,459,161,161,cabecera_municipal
20,Oaxaca,502,Santiago Zacatepec,0000,Total del Municipio,,,,5089,1945,1429,1927,1411,1426,total
20,Oaxaca,502,Santiago Zacatepec,0001,Santiago Zacatepec," 95°54'53.864"" W","17°09'33.823"" N",1413,2372,1031,713,1022,704,710,cabecera_municipal
20,Oaxaca,503,Santiago Zoochila,0000,Total del Municipio,,,,425,205,124,205,124,124,total
20,Oaxaca,503,Santiago Zoochila,0001,Santiago Zoochila," 96°14'31.699"" W","17°13'14.038"" N",1516,425,205,124,205,124,124,cabecera_municipal
20,Oaxaca,504,Nuevo Zoquiápam,0000,Total del Municipio,,,,1590,562,404,561,403,404,total
20,Oaxaca,504,Nuevo Zoquiápam,0001,Nuevo Zoquiápam," 96°37'11.943"" W","17°17'28.758"" N",2063,1240,439,316,439,316,316,cabecera_municipal
20,Oaxaca,505,Santo Domingo Ingenio,0000,Total del Municipio,,,,7681,3163,2501,3132,2470,2500,total
20,Oaxaca,505,Santo Domingo Ingenio,0001,Santo Domingo Ingenio," 94°46'07.068"" W","16°35'18.572"" N",0041,6130,2490,1992,2465,1967,1991,cabecera_municipal
20,Oaxaca,506,Santo Domingo Albarradas,0000,Total del Municipio,,,,798,365,232,361,228,232,total
20,Oaxaca,506,Santo Domingo Albarradas,0001,Santo Domingo Albarradas," 96°12'00.338"" W","17°04'04.957"" N",1482,795,363,231,359,227,231,cabecera_municipal
20,Oaxaca,507,Santo Domingo Armenta,0000,Total del Municipio,,,,3155,1400,937,1397,934,937,total
20,Oaxaca,507,Santo Domingo Armenta,0001,Santo Domingo Armenta," 98°22'41.348"" W","16°19'58.700"" N",0054,2517,1096,740,1094,738,740,cabecera_municipal
20,Oaxaca,508,Santo Domingo Chihuitán,0000,Total del Municipio,,,,1618,834,546,831,543,546,total
20,Oaxaca,508,Santo Domingo Chihuitán,0001,Santo Domingo Chihuitán," 95°09'44.530"" W","16°35'30.790"" N",0080,1373,690,463,687,460,463,cabecera_municipal
20,Oaxaca,509,Santo Domingo de Morelos,0000,Total del Municipio,,,,11384,3179,2488,3175,2484,2487,total
20,Oaxaca,509,Santo Domingo de Morelos,0001,Santo Domingo de Morelos," 96°40'05.075"" W","15°49'58.816"" N",0149,1960,613,477,612,476,476,cabecera_municipal
20,Oaxaca,510,Santo Domingo Ixcatlán,0000,Total del Municipio,,,,760,513,222,511,220,220,total
20,Oaxaca,510,Santo Domingo Ixcatlán,0001,Santo Domingo Ixcatlán," 97°31'54.961"" W","16°54'50.136"" N",2338,230,146,69,145,68,68,cabecera_municipal
20,Oaxaca,511,Santo Domingo Nuxaá,0000,Total del Municipio,,,,3335,1598,916,1597,915,915,total
20,Oaxaca,511,Santo Domingo Nuxaá,0001,Santo Domingo Nuxaá," 97°07'14.556"" W","17°13'18.830"" N",1955,265,176,70,175,69,69,cabecera_municipal
20,Oaxaca,512,Santo Domingo Ozolotepec,0000,Total del Municipio,,,,1101,407,267,407,267,267,total
20,Oaxaca,512,Santo Domingo Ozolotepec,0001,Santo Domingo Ozolotepec," 96°18'37.438"" W","16°09'03.125"" N",2339,971,359,237,359,237,237,cabecera_municipal
20,Oaxaca,513,Santo Domingo Petapa,0000,Total del Municipio,,,,9027,3623,2597,3622,2596,2597,total
20,Oaxaca,513,Santo Domingo Petapa,0001,Santo Domingo Petapa," 95°08'25.521"" W","16°49'14.409"" N",0244,5856,2314,1685,2314,1685,1685,cabecera_municipal
20,Oaxaca,514,Santo Domingo Roayaga,0000,Total del Municipio,,,,941,408,248,407,247,247,total
20,Oaxaca,514,Santo Domingo Roayaga,0001,Santo Domingo Roayaga," 96°06'52.462"" W","17°20'15.470"" N",1607,505,262,133,261,132,132,cabecera_municipal
20,Oaxaca,515,Santo Domingo Tehuantepec,0000,Total del Municipio,,,,67739,25746,19450,25724,19428,19442,total
20,Oaxaca,515,Santo Domingo Tehuantepec,0001,Santo Domingo Tehuantepec," 95°13'55.377"" W","16°19'55.410"" N",0035,45134,16405,12759,16395,12749,12753,cabecera_municipal
20,Oaxaca,516,Santo Domingo Teojomulco,0000,Total del Municipio,,,,5260,1645,1316,1644,1315,1315,total
20,Oaxaca,516,Santo Domingo Teojomulco,0001,Santo Domingo Teojomulco," 97°13'34.275"" W","16°35'21.850"" N",1254,2463,820,675,819,674,674,cabecera_municipal
20,Oaxaca,517,Santo Domingo Tepuxtepec,0000,Total del Municipio,,,,6029,2281,1468,2276,1463,1464,total
20,Oaxaca,517,Santo Domingo Tepuxtepec,0001,Santo Domingo Tepuxtepec," 96°03'19.463"" W","16°57'24.794"" N",2145,1964,809,481,805,477,478,cabecera_municipal
20,Oaxaca,518,Santo Domingo Tlatayápam,0000,Total del Municipio,,,,113,141,42,141,42,42,total
20,Oaxaca,518,Santo Domingo Tlatayápam,0001,Santo Domingo Tlatayápam," 97°20'49.283"" W","17°24'26.884"" N",2264,106,129,37,129,37,37,cabecera_municipal
20,Oaxaca,519,Santo Domingo Tomaltepec,0000,Total del Municipio,,,,3386,1193,916,1193,916,916,total
20,Oaxaca,519,Santo Domingo Tomaltepec,0001,Santo Domingo Tomaltepec," 96°37'27.687"" W","17°03'37.511"" N",1584,2991,1066,812,1066,812,812,cabecera_municipal
20,Oaxaca,520,Santo Domingo Tonalá,0000,Total del Municipio,,,,7393,3592,1969,3587,1964,1968,total
20,Oaxaca,520,Santo Domingo Tonalá,0001,Santo Domingo Tonalá," 97°57'50.156"" W","17°40'28.602"" N",1370,2158,1029,618,1027,616,617,cabecera_municipal
20,Oaxaca,521,Santo Domingo Tonaltepec,0000,Total del Municipio,,,,250,178,79,178,79,79,total
20,Oaxaca,521,Santo Domingo Tonaltepec,0001,Santo Domingo Tonaltepec," 97°21'36.296"" W","17°36'39.086"" N",2479,68,56,22,56,22,22,cabecera_municipal
20,Oaxaca,522,Santo Domingo Xagacía,0000,Total del Municipio,,,,1205,607,350,607,350,350,total
20,Oaxaca,522,Santo Domingo Xagacía,0001,Santo Domingo Xagacía," 96°16'04.661"" W","17°09'19.953"" N",1583,1025,536,302,536,302,302,cabecera_municipal
20,Oaxaca,523,Santo Domingo Yanhuitlán,0000,Total del Municipio,,,,1633,859,519,857,517,518,total
20,Oaxaca,523,Santo Domingo Yanhuitlán,0001,Santo Domingo Yanhuitlán," 97°20'32.314"" W","17°31'40.954"" N",2145,1085,533,333,531,331,332,cabecera_municipal
20,Oaxaca,524,Santo Domingo Yodohino,0000,Total del Municipio,,,,327,221,85,221,85,85,total
20,Oaxaca,524,Santo Domingo Yodohino,0001,Santo Domingo Yodohino," 97°40'58.880"" W","17°37'00.791"" N",1648,327,221,85,221,85,85,cabecera_municipal
20,Oaxaca,525,Santo Domingo Zanatepec,0000,Total del Municipio,,,,12483,4611,3819,4576,3784,3819,total
20,Oaxaca,525,Santo Domingo Zanatepec,0001,Santo Domingo Zanatepec," 94°21'14.052"" W","16°28'58.093"" N",0061,7900,2921,2431,2920,2430,2431,cabecera_municipal
20,Oaxaca,526,Santos Reyes Nopala,0000,Total del Municipio,,,,16688,5629,4487,5603,4461,4486,total
20,Oaxaca,526,Santos Reyes Nopala,0001,Santos Reyes Nopala," 97°08'40.009"" W","16°06'24.352"" N",0481,5876,2071,1632,2068,1629,1631,cabecera_municipal
20,Oaxaca,527,Santos Reyes Pápalo,0000,Total del Municipio,,,,2490,907,613,907,613,613,total
20,Oaxaca,527,Santos Reyes Pápalo,0001,Santos Reyes Pápalo," 96°51'39.160"" W","17°48'16.764"" N",2097,1923,721,473,721,473,473,cabecera_municipal
20,Oaxaca,528,Santos Reyes Tepejillo,0000,Total del Municipio,,,,904,730,287,727,284,287,total
20,Oaxaca,528,Santos Reyes Tepejillo,0001,Santos Reyes Tepejillo," 97°56'17.961"" W","17°26'15.921"" N",1941,850,662,271,659,268,271,cabecera_municipal
20,Oaxaca,529,Santos Reyes Yucuná,0000,Total del Municipio,,,,1474,438,255,436,253,254,total
20,Oaxaca,529,Santos Reyes Yucuná,0001,Santos Reyes Yucuná," 98°00'16.296"" W","17°46'39.867"" N",1950,696,191,112,190,111,111,cabecera_municipal
20,Oaxaca,530,Santo Tomás Jalieza,0000,Total del Municipio,,,,3923,1248,967,1248,967,967,total
20,Oaxaca,530,Santo Tomás Jalieza,0001,Santo Tomás Jalieza," 96°40'15.719"" W","16°50'39.762"" N",1517,1331,469,369,469,369,369,cabecera_municipal
20,Oaxaca,531,Santo Tomás Mazaltepec,0000,Total del Municipio,,,,2612,971,679,971,679,679,total
20,Oaxaca,531,Santo Tomás Mazaltepec,0001,Santo Tomás Mazaltepec," 96°52'17.520"" W","17°10'24.696"" N",1657,2612,971,679,971,679,679,cabecera_municipal
20,Oaxaca,532,Santo Tomás Ocotepec,0000,Total del Municipio,,,,4066,1843,1054,1767,978,1053,total
20,Oaxaca,532,Santo Tomás Ocotepec,0001,Santo Tomás Ocotepec," 97°45'44.285"" W","17°08'42.916"" N",2133,375,220,105,178,63,104,cabecera_municipal
20,Oaxaca,533,Santo Tomás Tamazulapan,0000,Total del Municipio,,,,2726,1022,746,1022,746,746,total
20,Oaxaca,533,Santo Tomás Tamazulapan,0001,Santo Tomás Tamazulapan," 96°35'08.984"" W","16°16'19.324"" N",1680,2021,739,547,739,547,547,cabecera_municipal
20,Oaxaca,534,San Vicente Coatlán,0000,Total del Municipio,,,,3512,1377,846,1377,846,846,total
20,Oaxaca,534,San Vicente Coatlán,0001,San Vicente Coatlán," 96°50'41.835"" W","16°23'12.788"" N",1381,3165,1250,768,1250,768,768,cabecera_municipal
20,Oaxaca,535,San Vicente Lachixío,0000,Total del Municipio,,,,3227,1132,717,1130,715,716,total
20,Oaxaca,535,San Vicente Lachixío,0001,San Vicente Lachixío," 97°01'10.304"" W","16°42'15.636"" N",2203,1509,620,365,619,364,364,cabecera_municipal
20,Oaxaca,536,San Vicente Nuñú,0000,Total del Municipio,,,,449,450,151,450,151,151,total
20,Oaxaca,536,San Vicente Nuñú,0001,San Vicente Nuñú," 97°26'32.221"" W","17°27'24.339"" N",2366,332,363,114,363,114,114,cabecera_municipal
20,Oaxaca,537,Silacayoápam,0000,Total del Municipio,,,,6710,4177,1925,4173,1921,1925,total
20,Oaxaca,537,Silacayoápam,0001,Silacayoápam," 98°08'33.307"" W","17°30'05.210"" N",1651,2911,1144,755,1142,753,755,cabecera_municipal
20,Oaxaca,538,Sitio de Xitlapehua,0000,Total del Municipio,,,,713,307,203,307,203,203,total
20,Oaxaca,538,Sitio de Xitlapehua,0001,Sitio de Xitlapehua," 96°31'57.371"" W","16°21'03.730"" N",1560,536,233,154,233,154,154,cabecera_municipal
20,Oaxaca,539,Soledad Etla,0000,Total del Municipio,,,,6348,2101,1669,2090,1658,1669,total
20,Oaxaca,539,Soledad Etla,0001,Soledad Etla," 96°49'14.725"" W","17°10'18.063"" N",1591,4179,1301,1093,1296,1088,1093,cabecera_municipal
20,Oaxaca,540,Villa de Tamazulápam del Progreso,0000,Total del Municipio,,,,8326,3285,2236,3282,2233,2233,total
20,Oaxaca,540,Villa de Tamazulápam del Progreso,0001,Villa de Tamazulápam del Progreso," 97°34'22.253"" W","17°40'23.026"" N",2021,6642,2580,1751,2577,1748,1748,cabecera_municipal
20,Oaxaca,541,Tanetze de Zaragoza,0000,Total del Municipio,,,,1558,815,501,811,497,499,total
20,Oaxaca,541,Tanetze de Zaragoza,0001,Tanetze de Zaragoza," 96°18'08.050"" W","17°22'36.239"" N",1311,953,552,321,549,318,320,cabecera_municipal
20,Oaxaca,542,Taniche,0000,Total del Municipio,,,,887,350,250,350,250,250,total
20,Oaxaca,542,Taniche,0001,Taniche," 96°45'12.893"" W","16°34'01.072"" N",1422,887,350,250,350,250,250,cabecera_municipal
20,Oaxaca,543,Tataltepec de Valdés,0000,Total del Municipio,,,,6386,1966,1631,1966,1631,1631,total
20,Oaxaca,543,Tataltepec de Valdés,0001,Tataltepec de Valdés," 97°32'45.850"" W","16°18'23.063"" N",0385,2541,904,766,904,766,766,cabecera_municipal
20,Oaxaca,544,Teococuilco de Marcos Pérez,0000,Total del Municipio,,,,1032,723,296,723,296,296,total
20,Oaxaca,544,Teococuilco de Marcos Pérez,0001,Teococuilco de Marcos Pérez," 96°36'53.800"" W","17°21'07.161"" N",1808,890,610,257,610,257,257,cabecera_municipal
20,Oaxaca,545,Teotitlán de Flores Magón,0000,Total del Municipio,,,,10099,3540,2709,3533,2702,2705,total
20,Oaxaca,545,Teotitlán de Flores Magón,0001,Teotitlán de Flores Magón," 97°04'14.535"" W","18°07'56.404"" N",1031,8469,2844,2256,2837,2249,2252,cabecera_municipal
20,Oaxaca,546,Teotitlán del Valle,0000,Total del Municipio,,,,6392,2404,1695,2403,1694,1694,total
20,Oaxaca,546,Teotitlán del Valle,0001,Teotitlán del Valle," 96°31'08.215"" W","17°01'46.486"" N",1679,4858,1735,1280,1735,1280,1280,cabecera_municipal
20,Oaxaca,547,Teotongo,0000,Total del Municipio,,,,1005,705,321,704,320,320,total
20,Oaxaca,547,Teotongo,0001,Teotongo," 97°32'12.165"" W","17°43'34.764"" N",2054,550,392,177,391,176,176,cabecera_municipal
20,Oaxaca,548,Tepelmeme Villa de Morelos,0000,Total del Municipio,,,,1960,1171,601,1171,601,601,total
20,Oaxaca,548,Tepelmeme Villa de Morelos,0001,Tepelmeme Villa de Morelos," 97°21'43.913"" W","17°52'29.302"" N",2045,1060,718,326,718,326,326,cabecera_municipal
20,Oaxaca,549,"Heroica Villa Tezoatlán de Segura y Luna, Cuna de la Independencia de Oaxaca",0000,Total del Municipio,,,,11465,6485,3300,6477,3292,3298,total
20,Oaxaca,549,"Heroica Villa Tezoatlán de Segura y Luna, Cuna de la Independencia de Oaxaca",0001,"Heroica Villa Tezoatlán de Segura y Luna, Cuna de la Independencia de Oaxaca"," 97°48'30.016"" W","17°39'16.079"" N",1515,2374,1231,690,1230,689,690,cabecera_municipal
20,Oaxaca,550,San Jerónimo Tlacochahuaya,0000,Total del Municipio,,,,5764,2151,1564,2148,1561,1563,total
20,Oaxaca,550,San Jerónimo Tlacochahuaya,0001,San Jerónimo Tlacochahuaya," 96°34'51.865"" W","17°00'31.921"" N",1594,2431,980,692,979,691,692,cabecera_municipal
20,Oaxaca,551,Tlacolula de Matamoros,0000,Total del Municipio,,,,30254,14770,8362,14676,8268,8356,total
20,Oaxaca,551,Tlacolula de Matamoros,0001,Tlacolula de Matamoros," 96°28'45.174"" W","16°57'20.246"" N",1622,15298,5756,4116,5692,4052,4114,cabecera_municipal
20,Oaxaca,552,Tlacotepec Plumas,0000,Total del Municipio,,,,410,407,138,407,138,138,total
20,Oaxaca,552,Tlacotepec Plumas,0001,Tlacotepec Plumas," 97°25'58.185"" W","17°51'02.798"" N",2138,333,373,115,373,115,115,cabecera_municipal
20,Oaxaca,553,Tlalixtac de Cabrera,0000,Total del Municipio,,,,12067,3863,3119,3842,3098,3118,total
20,Oaxaca,553,Tlalixtac de Cabrera,0001,Tlalixtac de Cabrera," 96°38'54.301"" W","17°04'28.144"" N",1585,11400,3620,2943,3600,2923,2942,cabecera_municipal
20,Oaxaca,554,Totontepec Villa de Morelos,0000,Total del Municipio,,,,5904,2070,1522,2064,1516,1518,total
20,Oaxaca,554,Totontepec Villa de Morelos,0001,Totontepec Villa de Morelos," 96°01'38.477"" W","17°15'31.082"" N",1821,1711,749,496,744,491,492,cabecera_municipal
20,Oaxaca,555,Trinidad Zaachila,0000,Total del Municipio,,,,3419,1199,905,1199,905,905,total
20,Oaxaca,555,Trinidad Zaachila,0001,Trinidad Zaachila," 96°45'55.236"" W","16°55'16.418"" N",1500,1111,368,290,368,290,290,cabecera_municipal
20,Oaxaca,556,La Trinidad Vista Hermosa,0000,Total del Municipio,,,,306,178,91,178,91,91,total
20,Oaxaca,556,La Trinidad Vista Hermosa,0001,La Trinidad Vista Hermosa," 97°30'20.705"" W","17°46'21.469"" N",2172,190,120,55,120,55,55,cabecera_municipal
20,Oaxaca,557,Unión Hidalgo,0000,Total del Municipio,,,,14542,5269,4266,5194,4191,4266,total
20,Oaxaca,557,Unión Hidalgo,0001,Unión Hidalgo," 94°49'44.180"" W","16°28'22.166"" N",0010,13949,5025,4106,4950,4031,4106,cabecera_municipal
20,Oaxaca,558,Valerio Trujano,0000,Total del Municipio,,,,1376,657,433,657,433,433,total
20,Oaxaca,558,Valerio Trujano,0001,Valerio Trujano," 96°58'48.795"" W","17°46'18.172"" N",0617,815,386,255,386,255,255,cabecera_municipal
20,Oaxaca,559,San Juan Bautista Valle Nacional,0000,Total del Municipio,,,,23067,7982,6032,7974,6024,6027,total
20,Oaxaca,559,San Juan Bautista Valle Nacional,0001,San Juan Bautista Valle Nacional," 96°18'14.561"" W","17°46'29.832"" N",0075,5812,2233,1566,2232,1565,1565,cabecera_municipal
20,Oaxaca,560,Villa Díaz Ordaz,0000,Total del Municipio,,,,6467,2466,1736,2454,1724,1736,total
20,Oaxaca,560,Villa Díaz Ordaz,0001,Villa Díaz Ordaz," 96°25'57.133"" W","16°59'54.773"" N",1707,2909,1245,826,1237,818,826,cabecera_municipal
20,Oaxaca,561,Yaxe,0000,Total del Municipio,,,,2954,1010,828,1010,828,828,total
20,Oaxaca,561,Yaxe,0001,Yaxe," 96°28'20.923"" W","16°43'30.456"" N",1505,2954,1010,828,1010,828,828,cabecera_municipal
20,Oaxaca,562,Magdalena Yodocono de Porfirio Díaz,0000,Total del Municipio,,,,1682,1002,475,1000,473,473,total
20,Oaxaca,562,Magdalena Yodocono de Porfirio Díaz,0001,Magdalena Yodocono de Porfirio Díaz," 97°21'17.914"" W","17°23'06.338"" N",2301,989,671,284,669,282,282,cabecera_municipal
20,Oaxaca,563,Yogana,0000,Total del Municipio,,,,1245,580,379,579,378,379,total
20,Oaxaca,563,Yogana,0001,Yogana," 96°47'18.796"" W","16°27'40.370"" N",1367,1217,571,372,570,371,372,cabecera_municipal
20,Oaxaca,564,Yutanduchi de Guerrero,0000,Total del Municipio,,,,1195,668,390,666,388,389,total
20,Oaxaca,564,Yutanduchi de Guerrero,0001,Yutanduchi de Guerrero," 97°17'50.996"" W","17°02'22.039"" N",1628,1077,610,351,608,349,350,cabecera_municipal
20,Oaxaca,565,Villa de Zaachila,0000,Total del Municipio,,,,46464,17641,11810,17614,11783,11808,total
20,Oaxaca,565,Villa de Zaachila,0001,Villa de Zaachila," 96°45'02.118"" W","16°57'02.584"" N",1506,16788,5614,4382,5601,4369,4380,cabecera_municipal
20,Oaxaca,566,San Mateo Yucutindoo,0000,Total del Municipio,,,,3144,1299,901,1297,899,899,total
20,Oaxaca,566,San Mateo Yucutindoo,0009,San Mateo Yucutindoo," 97°28'59.273"" W","16°44'12.543"" N",1258,835,383,231,382,230,230,cabecera_municipal
20,Oaxaca,567,Zapotitlán Lagunas,0000,Total del Municipio,,,,3382,1665,872,1663,870,872,total
20,Oaxaca,567,Zapotitlán Lagunas,0001,Zapotitlán Lagunas," 98°23'22.469"" W","17°45'19.713"" N",1551,1643,850,436,849,435,436,cabecera_municipal
20,Oaxaca,568,Zapotitlán Palmas,0000,Total del Municipio,,,,1695,854,488,852,486,488,total
20,Oaxaca,568,Zapotitlán Palmas,0001,Zapotitlán Palmas," 97°49'05.333"" W","17°53'23.506"" N",1913,1301,607,386,605,384,386,cabecera_municipal
20,Oaxaca,569,Santa Inés de Zaragoza,0000,Total del Municipio,,,,1454,1124,480,1123,479,479,total
20,Oaxaca,569,Santa Inés de Zaragoza,0001,Santa Inés de Zaragoza," 97°09'33.206"" W","17°13'42.605"" N",1743,237,195,65,194,64,64,cabecera_municipal
20,Oaxaca,570,Zimatlán de Álvarez,0000,Total del Municipio,,,,22093,8352,5866,8284,5798,5864,total
20,Oaxaca,570,Zimatlán de Álvarez,0001,Zimatlán de Álvarez," 96°47'08.279"" W","16°52'00.070"" N",1499,14226,5302,3796,5235,3729,3795,cabecera_municipal
21,Puebla,000,Total de la entidad Puebla,0000,Total de la Entidad,,,,6583278,2170923,1713865,2114072,1657014,1713381,total
21,Puebla,001,Acajete,0000,Total del Municipio,,,,72894,18617,15230,18442,15055,15226,total
21,Puebla,001,Acajete,0001,Acajete," 97°57'09.774"" W","19°06'17.785"" N",2439,13922,3618,2999,3594,2975,2995,cabecera_municipal
21,Puebla,002,Acateno,0000,Total del Municipio,,,,9170,3161,2611,3159,2609,2611,total
21,Puebla,002,Acateno,0001,San José Acateno," 97°12'37.453"" W","20°07'47.659"" N",0140,3651,1223,1041,1221,1039,1041,cabecera_municipal
21,Puebla,003,Acatlán,0000,Total del Municipio,,,,37955,15496,10163,15228,9895,10158,total
21,Puebla,003,Acatlán,0001,Acatlán de Osorio," 98°02'54.981"" W","18°12'08.285"" N",1180,19341,7345,5154,7124,4933,5151,cabecera_municipal
21,Puebla,004,Acatzingo,0000,Total del Municipio,,,,63743,15749,13491,15698,13440,13486,total
21,Puebla,004,Acatzingo,0001,Acatzingo de Hidalgo," 97°47'07.655"" W","18°58'46.038"" N",2140,31599,7916,6730,7872,6686,6726,cabecera_municipal
21,Puebla,005,Acteopan,0000,Total del Municipio,,,,3070,1147,850,1147,850,850,total
21,Puebla,005,Acteopan,0001,Acteopan," 98°42'55.049"" W","18°45'54.073"" N",1661,2187,792,617,792,617,617,cabecera_municipal
21,Puebla,006,Ahuacatlán,0000,Total del Municipio,,,,14542,4588,3643,4572,3627,3643,total
21,Puebla,006,Ahuacatlán,0001,Ahuacatlán," 97°51'38.516"" W","20°00'19.678"" N",1301,1275,478,328,471,321,328,cabecera_municipal
21,Puebla,007,Ahuatlán,0000,Total del Municipio,,,,3162,1180,789,1180,789,789,total
21,Puebla,007,Ahuatlán,0001,Ahuatlán," 98°15'18.828"" W","18°34'22.840"" N",1281,1092,398,262,398,262,262,cabecera_municipal
21,Puebla,008,Ahuazotepec,0000,Total del Municipio,,,,11439,3771,2928,3695,2852,2927,total
21,Puebla,008,Ahuazotepec,0001,Ahuazotepec," 98°09'44.451"" W","20°02'45.768"" N",2277,2633,843,652,808,617,651,cabecera_municipal
21,Puebla,009,Ahuehuetitla,0000,Total del Municipio,,,,2207,1256,617,1256,617,617,total
21,Puebla,009,Ahuehuetitla,0001,Ahuehuetitla," 98°13'16.879"" W","18°12'38.763"" N",1171,1371,842,399,842,399,399,cabecera_municipal
21,Puebla,010,Ajalpan,0000,Total del Municipio,,,,74768,18136,15581,17839,15284,15575,total
21,Puebla,010,Ajalpan,0001,Ciudad de Ajalpan," 97°15'29.896"" W","18°22'39.132"" N",1214,31695,7975,7030,7716,6771,7028,cabecera_municipal
21,Puebla,011,Albino Zertuche,0000,Total del Municipio,,,,1885,858,511,857,510,511,total
21,Puebla,011,Albino Zertuche,0001,Acaxtlahuacán de Albino Zertuche," 98°32'24.572"" W","18°01'02.198"" N",1262,1782,816,488,815,487,488,cabecera_municipal
21,Puebla,012,Aljojuca,0000,Total del Municipio,,,,6591,2333,1706,2325,1698,1706,total
21,Puebla,012,Aljojuca,0001,Aljojuca," 97°31'52.807"" W","19°06'01.463"" N",2469,4147,1435,1073,1427,1065,1073,cabecera_municipal
21,Puebla,013,Altepexi,0000,Total del Municipio,,,,22629,5429,4713,5421,4705,4712,total
21,Puebla,013,Altepexi,0001,Altepexi," 97°17'57.047"" W","18°22'00.361"" N",1222,21307,4986,4408,4978,4400,4407,cabecera_municipal
21,Puebla,014,Amixtlán,0000,Total del Municipio,,,,4812,1790,1352,1790,1352,1352,total
21,Puebla,014,Amixtlán,0001,Amixtlán," 97°47'56.101"" W","20°02'57.973"" N",1243,2361,851,655,851,655,655,cabecera_municipal
21,Puebla,015,Amozoc,0000,Total del Municipio,,,,125876,39212,31598,38174,30560,31585,total
21,Puebla,015,Amozoc,0001,Amozoc de Mota," 98°02'41.701"" W","19°02'40.606"" N",2310,95322,28962,23818,28020,22876,23805,cabecera_municipal
21,Puebla,016,Aquixtla,0000,Total del Municipio,,,,9021,3455,2491,3439,2475,2491,total
21,Puebla,016,Aquixtla,0001,Aquixtla," 97°56'11.903"" W","19°47'48.080"" N",2205,1116,423,313,419,309,313,cabecera_municipal
21,Puebla,017,Atempan,0000,Total del Municipio,,,,29742,8512,6921,8422,6831,6921,total
21,Puebla,017,Atempan,0001,Atempan," 97°27'33.403"" W","19°50'23.640"" N",1947,7491,2575,1966,2542,1933,1966,cabecera_municipal
21,Puebla,018,Atexcal,0000,Total del Municipio,,,,3859,1763,1108,1762,1107,1108,total
21,Puebla,018,Atexcal,0001,San Martín Atexcal," 97°44'12.541"" W","18°23'54.063"" N",1806,977,442,290,441,289,290,cabecera_municipal
21,Puebla,019,Atlixco,0000,Total del Municipio,,,,141793,49457,37594,48260,36397,37573,total
21,Puebla,019,Atlixco,0001,Atlixco," 98°26'03.003"" W","18°54'31.854"" N",1834,89314,31270,24495,30295,23520,24481,cabecera_municipal
21,Puebla,020,Atoyatempan,0000,Total del Municipio,,,,7704,2260,1831,2259,1830,1830,total
21,Puebla,020,Atoyatempan,0001,Atoyatempan," 97°54'49.499"" W","18°49'21.241"" N",1953,7269,2106,1721,2105,1720,1720,cabecera_municipal
21,Puebla,021,Atzala,0000,Total del Municipio,,,,1512,567,402,558,393,402,total
21,Puebla,021,Atzala,0001,Atzala," 98°33'15.393"" W","18°32'41.352"" N",1142,1369,518,368,509,359,368,cabecera_municipal
21,Puebla,022,Atzitzihuacán,0000,Total del Municipio,,,,12857,4504,3237,4502,3235,3237,total
21,Puebla,022,Atzitzihuacán,0001,Santiago Atzitzihuacán," 98°34'57.510"" W","18°49'25.362"" N",1808,1002,407,265,407,265,265,cabecera_municipal
21,Puebla,023,Atzitzintla,0000,Total del Municipio,,,,9051,2618,2081,2609,2072,2081,total
21,Puebla,023,Atzitzintla,0001,Atzitzintla," 97°19'38.596"" W","18°53'50.575"" N",2670,3524,1066,825,1065,824,825,cabecera_municipal
21,Puebla,024,Axutla,0000,Total del Municipio,,,,976,665,300,665,300,300,total
21,Puebla,024,Axutla,0001,Axutla," 98°23'21.852"" W","18°11'18.794"" N",0880,612,412,192,412,192,192,cabecera_municipal
21,Puebla,025,Ayotoxco de Guerrero,0000,Total del Municipio,,,,8208,2990,2318,2974,2302,2318,total
21,Puebla,025,Ayotoxco de Guerrero,0001,Ayotoxco de Guerrero," 97°24'37.885"" W","20°05'49.774"" N",0303,3163,1222,948,1211,937,948,cabecera_municipal
21,Puebla,026,Calpan,0000,Total del Municipio,,,,15271,4862,3605,4856,3599,3604,total
21,Puebla,026,Calpan,0001,San Andrés Calpan," 98°27'33.261"" W","19°06'28.577"" N",2421,8195,2434,1913,2429,1908,1912,cabecera_municipal
21,Puebla,027,Caltepec,0000,Total del Municipio,,,,4128,2339,1245,2336,1242,1245,total
21,Puebla,027,Caltepec,0001,Caltepec," 97°28'45.734"" W","18°10'56.308"" N",1891,391,250,122,250,122,122,cabecera_municipal
21,Puebla,028,Camocuautla,0000,Total del Municipio,,,,2758,881,725,880,724,724,total
21,Puebla,028,Camocuautla,0001,Camocuautla," 97°45'27.817"" W","20°02'18.556"" N",0708,1672,530,457,529,456,456,cabecera_municipal
21,Puebla,029,Caxhuacan,0000,Total del Municipio,,,,3811,1230,953,1230,953,953,total
21,Puebla,029,Caxhuacan,0001,Caxhuacan," 97°36'23.822"" W","20°03'50.249"" N",0690,3387,1105,849,1105,849,849,cabecera_municipal
21,Puebla,030,Coatepec,0000,Total del Municipio,,,,772,277,224,277,224,224,total
21,Puebla,030,Coatepec,0001,Coatepec," 97°43'56.158"" W","20°03'43.722"" N",1029,684,247,201,247,201,201,cabecera_municipal
21,Puebla,031,Coatzingo,0000,Total del Municipio,,,,2820,1485,788,1484,787,788,total
21,Puebla,031,Coatzingo,0001,Coatzingo," 98°10'27.179"" W","18°36'54.516"" N",1181,2113,1225,605,1224,604,605,cabecera_municipal
21,Puebla,032,Cohetzala,0000,Total del Municipio,,,,1382,867,418,867,418,418,total
21,Puebla,032,Cohetzala,0001,Santa María Cohetzala," 98°48'21.199"" W","18°12'23.111"" N",0774,535,360,168,360,168,168,cabecera_municipal
21,Puebla,033,Cohuecan,0000,Total del Municipio,,,,5403,1733,1346,1731,1344,1346,total
21,Puebla,033,Cohuecan,0001,Cohuecan," 98°43'13.760"" W","18°46'59.538"" N",1695,1979,611,502,609,500,502,cabecera_municipal
21,Puebla,034,Coronango,0000,Total del Municipio,,,,46836,14489,11231,14139,10881,11231,total
21,Puebla,034,Coronango,0001,Santa María Coronango," 98°18'29.065"" W","19°07'51.968"" N",2177,16797,4124,3648,4068,3592,3648,cabecera_municipal
21,Puebla,035,Coxcatlán,0000,Total del Municipio,,,,20653,6519,5121,6421,5023,5121,total
21,Puebla,035,Coxcatlán,0001,Coxcatlán," 97°08'49.607"" W","18°15'59.519"" N",1177,6916,2242,1783,2222,1763,1783,cabecera_municipal
21,Puebla,036,Coyomeapan,0000,Total del Municipio,,,,14806,4870,3501,4866,3497,3498,total
21,Puebla,036,Coyomeapan,0001,Santa María Coyomeapan," 96°59'33.001"" W","18°17'01.493"" N",2027,1288,424,307,423,306,306,cabecera_municipal
21,Puebla,037,Coyotepec,0000,Total del Municipio,,,,2334,1635,768,1634,767,768,total
21,Puebla,037,Coyotepec,0001,San Vicente Coyotepec," 97°49'50.808"" W","18°24'15.897"" N",1880,1277,765,405,764,404,405,cabecera_municipal
21,Puebla,038,Cuapiaxtla de Madero,0000,Total del Municipio,,,,10542,2802,2365,2791,2354,2365,total
21,Puebla,038,Cuapiaxtla de Madero,0001,Cuapiaxtla de Madero," 97°49'31.071"" W","18°55'00.744"" N",2060,8241,2219,1865,2209,1855,1865,cabecera_municipal
21,Puebla,039,Cuautempan,0000,Total del Municipio,,,,9837,4160,2860,4148,2848,2859,total
21,Puebla,039,Cuautempan,0001,San Esteban Cuautempan," 97°47'46.468"" W","19°54'45.498"" N",1503,1232,527,365,522,360,365,cabecera_municipal
21,Puebla,040,Cuautinchán,0000,Total del Municipio,,,,12340,3800,2914,3791,2905,2914,total
21,Puebla,040,Cuautinchán,0001,Cuautinchán," 98°00'57.515"" W","18°57'20.571"" N",2145,2879,866,703,860,697,703,cabecera_municipal
21,Puebla,041,Cuautlancingo,0000,Total del Municipio,,,,137435,53831,41184,50982,38335,41181,total
21,Puebla,041,Cuautlancingo,0001,San Juan Cuautlancingo," 98°16'23.916"" W","19°05'21.649"" N",2151,36620,13578,10870,12935,10227,10869,cabecera_municipal
21,Puebla,042,Cuayuca de Andrade,0000,Total del Municipio,,,,3315,1546,951,1544,949,950,total
21,Puebla,042,Cuayuca de Andrade,0001,San Pedro Cuayuca," 98°11'01.912"" W","18°29'11.993"" N",1219,1523,675,425,673,423,424,cabecera_municipal
21,Puebla,043,Cuetzalan del Progreso,0000,Total del Municipio,,,,49864,16348,12640,16171,12463,12636,total
21,Puebla,043,Cuetzalan del Progreso,0001,Ciudad de Cuetzalan," 97°31'14.774"" W","20°01'06.673"" N",0952,6402,2400,1881,2267,1748,1881,cabecera_municipal
21,Puebla,044,Cuyoaco,0000,Total del Municipio,,,,17139,5434,4107,5409,4082,4107,total
21,Puebla,044,Cuyoaco,0001,Cuyoaco," 97°37'18.665"" W","19°36'19.215"" N",2416,1906,652,476,648,472,476,cabecera_municipal
21,Puebla,045,Chalchicomula de Sesma,0000,Total del Municipio,,,,47410,15135,11723,14765,11353,11716,total
21,Puebla,045,Chalchicomula de Sesma,0001,Ciudad Serdán," 97°26'54.585"" W","18°59'17.736"" N",2521,25468,8109,6280,7865,6036,6274,cabecera_municipal
21,Puebla,046,Chapulco,0000,Total del Municipio,,,,8193,2429,1916,2389,1876,1916,total
21,Puebla,046,Chapulco,0001,Chapulco," 97°24'40.202"" W","18°37'13.757"" N",1986,6536,1892,1511,1861,1480,1511,cabecera_municipal
21,Puebla,047,Chiautla,0000,Total del Municipio,,,,21699,8310,5847,8279,5816,5846,total
21,Puebla,047,Chiautla,0001,Ciudad de Chiautla de Tapia," 98°36'10.012"" W","18°17'58.744"" N",1005,11776,4349,3148,4321,3120,3147,cabecera_municipal
21,Puebla,048,Chiautzingo,0000,Total del Municipio,,,,22039,6086,5004,5986,4904,5003,total
21,Puebla,048,Chiautzingo,0001,San Lorenzo Chiautzingo," 98°28'05.733"" W","19°12'10.492"" N",2360,9197,2467,2072,2432,2037,2071,cabecera_municipal
21,Puebla,049,Chiconcuautla,0000,Total del Municipio,,,,17382,5198,4082,5185,4069,4080,total
21,Puebla,049,Chiconcuautla,0001,Chiconcuautla," 97°56'22.652"" W","20°05'41.163"" N",1512,4075,1345,1005,1337,997,1003,cabecera_municipal
21,Puebla,050,Chichiquila,0000,Total del Municipio,,,,26928,6448,5311,6446,5309,5311,total
21,Puebla,050,Chichiquila,0001,Chichiquila," 97°04'03.756"" W","19°12'00.927"" N",1796,3163,863,672,861,670,672,cabecera_municipal
21,Puebla,051,Chietla,0000,Total del Municipio,,,,37030,13960,10256,13929,10225,10253,total
21,Puebla,051,Chietla,0001,Chietla," 98°34'42.069"" W","18°31'09.713"" N",1128,5833,2258,1667,2245,1654,1667,cabecera_municipal
21,Puebla,052,Chigmecatitlán,0000,Total del Municipio,,,,1215,728,385,726,383,385,total
21,Puebla,052,Chigmecatitlán,0001,Chigmecatitlán," 98°04'32.236"" W","18°38'44.038"" N",1527,1215,728,385,726,383,385,cabecera_municipal
21,Puebla,053,Chignahuapan,0000,Total del Municipio,,,,66464,22371,17157,22100,16886,17150,total
21,Puebla,053,Chignahuapan,0001,Ciudad de Chignahuapan," 98°01'51.511"" W","19°50'17.604"" N",2282,22904,7810,6056,7636,5882,6052,cabecera_municipal
21,Puebla,054,Chignautla,0000,Total del Municipio,,,,35223,9075,7850,8921,7696,7850,total
21,Puebla,054,Chignautla,0001,Chignautla," 97°23'22.523"" W","19°48'50.083"" N",1990,12666,3439,2985,3363,2909,2985,cabecera_municipal
21,Puebla,055,Chila,0000,Total del Municipio,,,,5082,2421,1428,2416,1423,1427,total
21,Puebla,055,Chila,0001,Chila," 97°51'41.977"" W","17°58'12.057"" N",1624,2064,989,610,986,607,609,cabecera_municipal
21,Puebla,056,Chila de la Sal,0000,Total del Municipio,,,,1317,856,426,853,423,426,total
21,Puebla,056,Chila de la Sal,0001,Chila de la Sal," 98°29'03.560"" W","18°06'32.760"" N",0954,838,534,270,534,270,270,cabecera_municipal
21,Puebla,057,Honey,0000,Total del Municipio,,,,6687,2390,1683,2367,1660,1683,total
21,Puebla,057,Honey,0001,Honey," 98°12'43.695"" W","20°14'21.169"" N",2097,1122,422,267,419,264,267,cabecera_municipal
21,Puebla,058,Chilchotla,0000,Total del Municipio,,,,21002,6217,4342,6176,4301,4342,total
21,Puebla,058,Chilchotla,0001,Rafael J. García," 97°11'02.016"" W","19°15'18.727"" N",2183,6054,1964,1298,1950,1284,1298,cabecera_municipal
21,Puebla,059,Chinantla,0000,Total del Municipio,,,,2846,1652,801,1647,796,801,total
21,Puebla,059,Chinantla,0001,Chinantla," 98°15'47.390"" W","18°12'01.808"" N",1101,1626,956,458,953,455,458,cabecera_municipal
21,Puebla,060,Domingo Arenas,0000,Total del Municipio,,,,7982,2626,1857,2624,1855,1857,total
21,Puebla,060,Domingo Arenas,0001,Domingo Arenas," 98°27'27.033"" W","19°08'31.303"" N",2454,6552,2143,1523,2141,1521,1523,cabecera_municipal
21,Puebla,061,Eloxochitlán,0000,Total del Municipio,,,,14461,3878,3370,3874,3366,3370,total
21,Puebla,061,Eloxochitlán,0001,Eloxochitlán," 96°57'17.414"" W","18°29'56.209"" N",1445,1733,520,423,520,423,423,cabecera_municipal
21,Puebla,062,Epatlán,0000,Total del Municipio,,,,4943,1885,1330,1882,1327,1329,total
21,Puebla,062,Epatlán,0001,San Juan Epatlán," 98°22'14.840"" W","18°38'30.432"" N",1355,2223,830,619,829,618,619,cabecera_municipal
21,Puebla,063,Esperanza,0000,Total del Municipio,,,,14766,5021,3698,4967,3644,3698,total
21,Puebla,063,Esperanza,0001,Esperanza," 97°22'30.455"" W","18°51'30.085"" N",2447,8445,2805,2065,2765,2025,2065,cabecera_municipal
21,Puebla,064,Francisco Z. Mena,0000,Total del Municipio,,,,17824,6234,5097,6229,5092,5095,total
21,Puebla,064,Francisco Z. Mena,0001,Metlaltoyuca," 97°51'07.695"" W","20°44'01.299"" N",0324,4324,1655,1305,1653,1303,1304,cabecera_municipal
21,Puebla,065,General Felipe Ángeles,0000,Total del Municipio,,,,22694,6668,5304,6666,5302,5304,total
21,Puebla,065,General Felipe Ángeles,0001,San Pablo de las Tunas," 97°42'31.659"" W","18°59'36.267"" N",2162,3602,1078,839,1078,839,839,cabecera_municipal
21,Puebla,066,Guadalupe,0000,Total del Municipio,,,,6451,3958,1857,3956,1855,1857,total
21,Puebla,066,Guadalupe,0001,Guadalupe," 98°07'13.517"" W","18°05'29.282"" N",1100,2375,1403,705,1401,703,705,cabecera_municipal
21,Puebla,067,Guadalupe Victoria,0000,Total del Municipio,,,,18784,6071,4682,6025,4636,4681,total
21,Puebla,067,Guadalupe Victoria,0001,Guadalupe Victoria," 97°20'33.704"" W","19°17'23.231"" N",2445,11835,3569,2903,3538,2872,2902,cabecera_municipal
21,Puebla,068,Hermenegildo Galeana,0000,Total del Municipio,,,,7011,2450,1996,2447,1993,1996,total
21,Puebla,068,Hermenegildo Galeana,0001,Bienvenido," 97°44'40.635"" W","20°07'18.241"" N",0776,1012,436,317,435,316,317,cabecera_municipal
21,Puebla,069,Huaquechula,0000,Total del Municipio,,,,29233,9781,7249,9734,7202,7247,total
21,Puebla,069,Huaquechula,0001,Huaquechula," 98°32'29.515"" W","18°46'14.548"" N",1581,3351,1149,848,1136,835,848,cabecera_municipal
21,Puebla,070,Huatlatlauca,0000,Total del Municipio,,,,6111,3786,1773,3757,1744,1773,total
21,Puebla,070,Huatlatlauca,0001,Huatlatlauca," 98°03'02.779"" W","18°40'43.588"" N",1567,770,599,232,589,222,232,cabecera_municipal
21,Puebla,071,Huauchinango,0000,Total del Municipio,,,,103946,34773,27579,34182,26988,27575,total
21,Puebla,071,Huauchinango,0001,Huauchinango," 98°03'04.824"" W","20°10'28.912"" N",1534,58957,20183,16348,19767,15932,16347,cabecera_municipal
21,Puebla,072,Huehuetla,0000,Total del Municipio,,,,17082,4939,3923,4892,3876,3922,total
21,Puebla,072,Huehuetla,0001,Huehuetla," 97°37'29.639"" W","20°06'14.895"" N",0516,2241,679,571,665,557,571,cabecera_municipal
21,Puebla,073,Huehuetlán el Chico,0000,Total del Municipio,,,,9760,3534,2564,3531,2561,2564,total
21,Puebla,073,Huehuetlán el Chico,0001,Huehuetlán el Chico," 98°41'16.613"" W","18°22'23.401"" N",0960,5306,1939,1415,1937,1413,1415,cabecera_municipal
21,Puebla,074,Huejotzingo,0000,Total del Municipio,,,,90794,36822,22603,36472,22253,22597,total
21,Puebla,074,Huejotzingo,0001,Huejotzingo," 98°24'29.272"" W","19°09'32.379"" N",2266,29613,9237,6814,9157,6734,6810,cabecera_municipal
21,Puebla,075,Hueyapan,0000,Total del Municipio,,,,13080,4159,3288,4133,3262,3287,total
21,Puebla,075,Hueyapan,0001,Hueyapan," 97°26'45.106"" W","19°52'57.209"" N",1679,7037,2249,1805,2235,1791,1804,cabecera_municipal
21,Puebla,076,Hueytamalco,0000,Total del Municipio,,,,27600,9626,7568,9607,7549,7567,total
21,Puebla,076,Hueytamalco,0001,Hueytamalco," 97°17'20.547"" W","19°56'22.124"" N",0921,5900,2074,1680,2058,1664,1680,cabecera_municipal
21,Puebla,077,Hueytlalpan,0000,Total del Municipio,,,,5951,1745,1439,1744,1438,1438,total
21,Puebla,077,Hueytlalpan,0001,Hueytlalpan," 97°41'55.242"" W","20°01'32.640"" N",0938,1976,621,500,620,499,499,cabecera_municipal
21,Puebla,078,Huitzilan de Serdán,0000,Total del Municipio,,,,15928,4933,3925,4915,3907,3922,total
21,Puebla,078,Huitzilan de Serdán,0001,Huitzilan," 97°41'37.173"" W","19°57'58.364"" N",0923,4693,1404,1128,1395,1119,1127,cabecera_municipal
21,Puebla,079,Huitziltepec,0000,Total del Municipio,,,,5782,2081,1574,2081,1574,1574,total
21,Puebla,079,Huitziltepec,0001,Santa Clara Huitziltepec," 97°52'51.000"" W","18°46'09.896"" N",1912,2907,1085,826,1085,826,826,cabecera_municipal
21,Puebla,080,Atlequizayan,0000,Total del Municipio,,,,2633,962,678,961,677,677,total
21,Puebla,080,Atlequizayan,0001,Atlequizayan," 97°37'26.710"" W","20°00'50.427"" N",0810,1501,563,388,562,387,387,cabecera_municipal
21,Puebla,081,Ixcamilpa de Guerrero,0000,Total del Municipio,,,,4065,1669,1101,1669,1101,1101,total
21,Puebla,081,Ixcamilpa de Guerrero,0001,Ixcamilpa," 98°41'47.663"" W","18°01'37.356"" N",0703,1439,597,395,597,395,395,cabecera_municipal
21,Puebla,082,Ixcaquixtla,0000,Total del Municipio,,,,8804,3245,2426,3231,2412,2424,total
21,Puebla,082,Ixcaquixtla,0001,San Juan Ixcaquixtla," 97°49'56.451"" W","18°27'36.344"" N",1900,5202,1996,1464,1986,1454,1463,cabecera_municipal
21,Puebla,083,Ixtacamaxtitlán,0000,Total del Municipio,,,,25319,9508,6427,9455,6374,6426,total
21,Puebla,083,Ixtacamaxtitlán,0001,Ixtacamaxtitlán," 97°48'59.653"" W","19°37'24.972"" N",2111,391,169,102,161,94,102,cabecera_municipal
21,Puebla,084,Ixtepec,0000,Total del Municipio,,,,6950,2195,1735,2193,1733,1734,total
21,Puebla,084,Ixtepec,0001,Ixtepec," 97°38'48.406"" W","20°01'29.772"" N",1066,3230,1023,807,1022,806,806,cabecera_municipal
21,Puebla,085,Izúcar de Matamoros,0000,Total del Municipio,,,,82809,28848,21681,28149,20982,21675,total
21,Puebla,085,Izúcar de Matamoros,0001,Izúcar de Matamoros," 98°27'55.463"" W","18°36'08.032"" N",1282,49578,16982,13048,16434,12500,13043,cabecera_municipal
21,Puebla,086,Jalpan,0000,Total del Municipio,,,,12050,4203,3323,4171,3291,3323,total
21,Puebla,086,Jalpan,0001,Jalpan," 97°56'33.473"" W","20°28'48.347"" N",0581,295,120,92,118,90,92,cabecera_municipal
21,Puebla,087,Jolalpan,0000,Total del Municipio,,,,13308,4816,3395,4746,3325,3395,total
21,Puebla,087,Jolalpan,0001,Jolalpan," 98°50'39.471"" W","18°19'13.860"" N",0843,7760,2583,1946,2536,1899,1946,cabecera_municipal
21,Puebla,088,Jonotla,0000,Total del Municipio,,,,4457,1707,1292,1706,1291,1291,total
21,Puebla,088,Jonotla,0001,Jonotla," 97°34'29.657"" W","20°01'49.369"" N",0992,955,463,309,462,308,308,cabecera_municipal
21,Puebla,089,Jopala,0000,Total del Municipio,,,,12131,3950,3188,3942,3180,3188,total
21,Puebla,089,Jopala,0001,Jopala," 97°41'34.512"" W","20°09'46.081"" N",0640,1479,437,377,437,377,377,cabecera_municipal
21,Puebla,090,Juan C. Bonilla,0000,Total del Municipio,,,,23783,7439,5857,7188,5606,5856,total
21,Puebla,090,Juan C. Bonilla,0001,Cuanalá," 98°19'44.520"" W","19°06'38.502"" N",2180,4399,1179,1003,1158,982,1003,cabecera_municipal
21,Puebla,091,Juan Galindo,0000,Total del Municipio,,,,9828,3604,2803,3516,2715,2802,total
21,Puebla,091,Juan Galindo,0001,Nuevo Necaxa," 98°00'07.711"" W","20°12'43.499"" N",1334,7838,2954,2271,2872,2189,2270,cabecera_municipal
21,Puebla,092,Juan N. Méndez,0000,Total del Municipio,,,,5293,2417,1477,2415,1475,1477,total
21,Puebla,092,Juan N. Méndez,0001,Atenayuca," 97°46'20.244"" W","18°32'24.016"" N",1924,1827,966,523,966,523,523,cabecera_municipal
21,Puebla,093,Lafragua,0000,Total del Municipio,,,,7650,3024,1945,2982,1903,1945,total
21,Puebla,093,Lafragua,0001,Saltillo," 97°17'56.356"" W","19°17'47.917"" N",2845,830,352,234,335,217,234,cabecera_municipal
21,Puebla,094,Libres,0000,Total del Municipio,,,,37257,11879,8982,11801,8904,8978,total
21,Puebla,094,Libres,0001,Ciudad de Libres," 97°41'15.814"" W","19°27'53.037"" N",2378,18110,5931,4509,5880,4458,4507,cabecera_municipal
21,Puebla,095,La Magdalena Tlatlauquitepec,0000,Total del Municipio,,,,650,291,169,291,169,169,total
21,Puebla,095,La Magdalena Tlatlauquitepec,0001,La Magdalena Tlatlauquitepec," 98°06'02.522"" W","18°45'30.672"" N",1619,647,289,168,289,168,168,cabecera_municipal
21,Puebla,096,Mazapiltepec de Juárez,0000,Total del Municipio,,,,3176,1021,771,1020,770,771,total
21,Puebla,096,Mazapiltepec de Juárez,0001,Mazapiltepec de Juárez," 97°42'12.605"" W","19°07'09.351"" N",2404,1593,580,404,580,404,404,cabecera_municipal
21,Puebla,097,Mixtla,0000,Total del Municipio,,,,2668,763,621,763,621,621,total
21,Puebla,097,Mixtla,0001,San Francisco Mixtla," 97°53'43.754"" W","18°54'11.090"" N",2075,1807,488,417,488,417,417,cabecera_municipal
21,Puebla,098,Molcaxac,0000,Total del Municipio,,,,6668,2662,1833,2659,1830,1833,total
21,Puebla,098,Molcaxac,0001,Molcaxac," 97°54'42.694"" W","18°44'16.445"" N",1854,1764,610,487,610,487,487,cabecera_municipal
21,Puebla,099,Cañada Morelos,0000,Total del Municipio,,,,20659,6634,5289,6631,5286,5288,total
21,Puebla,099,Cañada Morelos,0001,Morelos Cañada," 97°25'19.545"" W","18°44'13.178"" N",2284,4213,1363,1087,1363,1087,1087,cabecera_municipal
21,Puebla,100,Naupan,0000,Total del Municipio,,,,9310,3333,2366,3308,2341,2364,total
21,Puebla,100,Naupan,0001,Naupan," 98°06'35.039"" W","20°13'42.499"" N",1602,1603,493,386,490,383,385,cabecera_municipal
21,Puebla,101,Nauzontla,0000,Total del Municipio,,,,3317,1390,986,1390,986,986,total
21,Puebla,101,Nauzontla,0001,Nauzontla," 97°36'11.231"" W","19°57'32.536"" N",1420,1122,510,336,510,336,336,cabecera_municipal
21,Puebla,102,Nealtican,0000,Total del Municipio,,,,14075,3789,3141,3754,3106,3139,total
21,Puebla,102,Nealtican,0001,San Buenaventura Nealtican," 98°25'39.829"" W","19°03'03.408"" N",2231,13243,3547,2964,3513,2930,2963,cabecera_municipal
21,Puebla,103,Nicolás Bravo,0000,Total del Municipio,,,,6644,2259,1578,2247,1566,1578,total
21,Puebla,103,Nicolás Bravo,0001,Nicolás Bravo," 97°18'20.372"" W","18°36'47.604"" N",2521,1000,444,261,444,261,261,cabecera_municipal
21,Puebla,104,Nopalucan,0000,Total del Municipio,,,,32772,8776,7230,8749,7203,7230,total
21,Puebla,104,Nopalucan,0001,Nopalucan de la Granja," 97°49'24.736"" W","19°12'57.705"" N",2456,7699,2174,1758,2157,1741,1758,cabecera_municipal
21,Puebla,105,Ocotepec,0000,Total del Municipio,,,,5077,2035,1354,2030,1349,1354,total
21,Puebla,105,Ocotepec,0001,Ocotepec," 97°38'57.183"" W","19°33'19.793"" N",2467,1372,563,373,562,372,373,cabecera_municipal
21,Puebla,106,Ocoyucan,0000,Total del Municipio,,,,42669,14069,10747,13178,9856,10747,total
21,Puebla,106,Ocoyucan,0001,Santa Clara Ocoyucan," 98°18'09.167"" W","18°58'36.744"" N",2103,6098,1553,1368,1518,1333,1368,cabecera_municipal
21,Puebla,107,Olintla,0000,Total del Municipio,,,,11993,3689,2780,3687,2778,2778,total
21,Puebla,107,Olintla,0001,Olintla," 97°41'05.055"" W","20°06'06.400"" N",0712,2102,818,578,817,577,577,cabecera_municipal
21,Puebla,108,Oriental,0000,Total del Municipio,,,,19903,5804,4719,5794,4709,4719,total
21,Puebla,108,Oriental,0001,Oriental," 97°37'09.663"" W","19°22'32.889"" N",2340,11276,3460,2735,3454,2729,2735,cabecera_municipal
21,Puebla,109,Pahuatlán,0000,Total del Municipio,,,,20274,6919,5352,6894,5327,5352,total
21,Puebla,109,Pahuatlán,0001,Ciudad de Pahuatlán de Valle," 98°08'59.677"" W","20°16'32.614"" N",1079,3523,1444,990,1432,978,990,cabecera_municipal
21,Puebla,110,Palmar de Bravo,0000,Total del Municipio,,,,50226,14554,12072,14549,12067,12069,total
21,Puebla,110,Palmar de Bravo,0001,Palmar de Bravo," 97°32'51.024"" W","18°50'09.335"" N",2190,5382,1570,1311,1569,1310,1311,cabecera_municipal
21,Puebla,111,Pantepec,0000,Total del Municipio,,,,18528,6419,5229,6416,5226,5227,total
21,Puebla,111,Pantepec,0001,Pantepec," 97°56'18.567"" W","20°31'18.551"" N",0634,2028,730,612,730,612,612,cabecera_municipal
21,Puebla,112,Petlalcingo,0000,Total del Municipio,,,,9350,4065,2586,4059,2580,2585,total
21,Puebla,112,Petlalcingo,0001,Petlalcingo," 97°55'04.253"" W","18°04'55.925"" N",1359,2700,1187,777,1183,773,777,cabecera_municipal
21,Puebla,113,Piaxtla,0000,Total del Municipio,,,,4627,2865,1414,2863,1412,1414,total
21,Puebla,113,Piaxtla,0001,Piaxtla," 98°15'36.521"" W","18°11'55.522"" N",1108,1338,750,401,750,401,401,cabecera_municipal
21,Puebla,114,Puebla,0000,Total del Municipio,,,,1692181,570222,477771,546233,453782,477609,total
21,Puebla,114,Puebla,0001,Heroica Puebla de Zaragoza," 98°11'50.981"" W","19°02'38.363"" N",2137,1542232,522858,440422,500466,418030,440266,cabecera_municipal
21,Puebla,115,Quecholac,0000,Total del Municipio,,,,57992,15842,13493,15785,13436,13487,total
21,Puebla,115,Quecholac,0001,Quecholac," 97°39'37.615"" W","18°57'18.228"" N",2161,12505,3446,2909,3436,2899,2908,cabecera_municipal
21,Puebla,116,Quimixtlán,0000,Total del Municipio,,,,22855,6091,4788,6090,4787,4788,total
21,Puebla,116,Quimixtlán,0001,Quimixtlán," 97°08'08.439"" W","19°15'11.742"" N",2044,1771,527,396,527,396,396,cabecera_municipal
21,Puebla,117,Rafael Lara Grajales,0000,Total del Municipio,,,,15952,4284,3711,4270,3697,3711,total
21,Puebla,117,Rafael Lara Grajales,0001,Ciudad de Rafael Lara Grajales," 97°48'16.383"" W","19°13'31.383"" N",2382,10960,3093,2591,3079,2577,2591,cabecera_municipal
21,Puebla,118,Los Reyes de Juárez,0000,Total del Municipio,,,,30021,7882,6511,7820,6449,6511,total
21,Puebla,118,Los Reyes de Juárez,0001,Los Reyes de Juárez," 97°48'47.173"" W","18°56'48.438"" N",2116,19183,5131,4177,5084,4130,4177,cabecera_municipal
21,Puebla,119,San Andrés Cholula,0000,Total del Municipio,,,,154448,54085,44827,46413,37155,44808,total
21,Puebla,119,San Andrés Cholula,0001,San Andrés Cholula," 98°18'02.360"" W","19°03'03.398"" N",2140,46996,16259,13586,14375,11702,13583,cabecera_municipal
21,Puebla,120,San Antonio Cañada,0000,Total del Municipio,,,,5938,1667,1381,1666,1380,1381,total
21,Puebla,120,San Antonio Cañada,0001,San Antonio Cañada," 97°17'24.005"" W","18°29'50.418"" N",1727,2638,755,588,754,587,588,cabecera_municipal
21,Puebla,121,San Diego la Mesa Tochimiltzingo,0000,Total del Municipio,,,,1270,583,364,582,363,364,total
21,Puebla,121,San Diego la Mesa Tochimiltzingo,0001,Tochimiltzingo," 98°19'53.051"" W","18°48'34.512"" N",1779,595,282,168,281,167,168,cabecera_municipal
21,Puebla,122,San Felipe Teotlalcingo,0000,Total del Municipio,,,,11063,3305,2634,3289,2618,2633,total
21,Puebla,122,San Felipe Teotlalcingo,0001,San Felipe Teotlalcingo," 98°29'43.637"" W","19°14'08.609"" N",2401,7124,2096,1701,2082,1687,1700,cabecera_municipal
21,Puebla,123,San Felipe Tepatlán,0000,Total del Municipio,,,,3793,1317,1073,1317,1073,1073,total
21,Puebla,123,San Felipe Tepatlán,0001,San Felipe Tepatlán," 97°47'46.203"" W","20°05'28.808"" N",0608,369,130,103,130,103,103,cabecera_municipal
21,Puebla,124,San Gabriel Chilac,0000,Total del Municipio,,,,15954,4904,3897,4899,3892,3895,total
21,Puebla,124,San Gabriel Chilac,0001,San Gabriel Chilac," 97°20'52.734"" W","18°19'34.584"" N",1228,13687,4189,3335,4184,3330,3333,cabecera_municipal
21,Puebla,125,San Gregorio Atzompa,0000,Total del Municipio,,,,9671,2811,2488,2534,2211,2486,total
21,Puebla,125,San Gregorio Atzompa,0001,San Gregorio Atzompa," 98°20'44.756"" W","19°01'36.069"" N",2143,5066,1189,1054,1094,959,1054,cabecera_municipal
21,Puebla,126,San Jerónimo Tecuanipan,0000,Total del Municipio,,,,6597,1837,1460,1725,1348,1458,total
21,Puebla,126,San Jerónimo Tecuanipan,0001,San Jerónimo Tecuanipan," 98°24'03.445"" W","19°00'51.883"" N",2144,2545,804,625,764,585,625,cabecera_municipal
21,Puebla,127,San Jerónimo Xayacatlán,0000,Total del Municipio,,,,3606,2397,1158,2389,1150,1157,total
21,Puebla,127,San Jerónimo Xayacatlán,0001,San Jerónimo Xayacatlán," 97°54'51.614"" W","18°13'16.570"" N",1294,1229,838,390,836,388,389,cabecera_municipal
21,Puebla,128,San José Chiapa,0000,Total del Municipio,,,,10443,3749,2503,3747,2501,2503,total
21,Puebla,128,San José Chiapa,0001,San José Chiapa," 97°46'07.800"" W","19°14'31.454"" N",2365,6271,2061,1558,2059,1556,1558,cabecera_municipal
21,Puebla,129,San José Miahuatlán,0000,Total del Municipio,,,,14018,4783,3531,4780,3528,3531,total
21,Puebla,129,San José Miahuatlán,0001,San José Miahuatlán," 97°17'15.558"" W","18°17'24.858"" N",1109,8786,2940,2175,2937,2172,2175,cabecera_municipal
21,Puebla,130,San Juan Atenco,0000,Total del Municipio,,,,3604,1417,964,1417,964,964,total
21,Puebla,130,San Juan Atenco,0001,San Juan Atenco," 97°32'27.037"" W","19°05'23.942"" N",2437,2111,859,574,859,574,574,cabecera_municipal
21,Puebla,131,San Juan Atzompa,0000,Total del Municipio,,,,975,492,273,492,273,273,total
21,Puebla,131,San Juan Atzompa,0001,San Juan Atzompa," 98°01'27.534"" W","18°44'45.937"" N",1657,973,490,272,490,272,272,cabecera_municipal
21,Puebla,132,San Martín Texmelucan,0000,Total del Municipio,,,,155738,47306,38321,46319,37334,38312,total
21,Puebla,132,San Martín Texmelucan,0001,San Martín Texmelucan de Labastida," 98°26'07.856"" W","19°16'58.469"" N",2252,78264,25741,20698,25111,20068,20691,cabecera_municipal
21,Puebla,133,San Martín Totoltepec,0000,Total del Municipio,,,,692,298,194,298,194,194,total
21,Puebla,133,San Martín Totoltepec,0001,San Martín Totoltepec," 98°20'47.043"" W","18°38'57.132"" N",1335,671,282,187,282,187,187,cabecera_municipal
21,Puebla,134,San Matías Tlalancaleca,0000,Total del Municipio,,,,20974,6374,5150,6282,5058,5150,total
21,Puebla,134,San Matías Tlalancaleca,0001,San Matías Tlalancaleca," 98°29'53.388"" W","19°19'27.938"" N",2360,11571,3224,2762,3188,2726,2762,cabecera_municipal
21,Puebla,135,San Miguel Ixitlán,0000,Total del Municipio,,,,526,428,180,428,180,180,total
21,Puebla,135,San Miguel Ixitlán,0001,San Miguel Ixitlán," 97°46'24.327"" W","17°59'58.265"" N",1700,507,412,176,412,176,176,cabecera_municipal
21,Puebla,136,San Miguel Xoxtla,0000,Total del Municipio,,,,12461,3246,2844,3131,2729,2844,total
21,Puebla,136,San Miguel Xoxtla,0001,San Miguel Xoxtla," 98°18'34.916"" W","19°10'05.890"" N",2190,12060,3126,2750,3011,2635,2750,cabecera_municipal
21,Puebla,137,San Nicolás Buenos Aires,0000,Total del Municipio,,,,10464,3253,2464,3232,2443,2464,total
21,Puebla,137,San Nicolás Buenos Aires,0001,San Nicolás Buenos Aires," 97°32'54.283"" W","19°09'42.828"" N",2390,3225,1386,845,1375,834,845,cabecera_municipal
21,Puebla,138,San Nicolás de los Ranchos,0000,Total del Municipio,,,,11780,3811,2633,3761,2583,2633,total
21,Puebla,138,San Nicolás de los Ranchos,0001,San Nicolás de los Ranchos," 98°29'08.509"" W","19°04'21.321"" N",2443,6434,1930,1421,1907,1398,1421,cabecera_municipal
21,Puebla,139,San Pablo Anicano,0000,Total del Municipio,,,,3759,1660,1024,1659,1023,1024,total
21,Puebla,139,San Pablo Anicano,0001,San Pablo Anicano," 98°05'02.517"" W","18°07'28.036"" N",1121,2008,905,547,904,546,547,cabecera_municipal
21,Puebla,140,San Pedro Cholula,0000,Total del Municipio,,,,138433,43528,36581,40633,33686,36572,total
21,Puebla,140,San Pedro Cholula,0001,Cholula de Rivadavia," 98°18'27.021"" W","19°03'44.943"" N",2141,102260,31790,27359,29372,24941,27352,cabecera_municipal
21,Puebla,141,San Pedro Yeloixtlahuaca,0000,Total del Municipio,,,,3488,1882,1044,1874,1036,1044,total
21,Puebla,141,San Pedro Yeloixtlahuaca,0001,San Pedro Yeloixtlahuaca," 98°04'41.157"" W","18°07'01.578"" N",1112,890,457,263,457,263,263,cabecera_municipal
21,Puebla,142,San Salvador el Seco,0000,Total del Municipio,,,,30639,9378,7439,9255,7316,7437,total
21,Puebla,142,San Salvador el Seco,0001,San Salvador el Seco," 97°38'33.899"" W","19°08'05.083"" N",2421,19648,5854,4720,5751,4617,4719,cabecera_municipal
21,Puebla,143,San Salvador el Verde,0000,Total del Municipio,,,,34880,10397,8450,10214,8267,8449,total
21,Puebla,143,San Salvador el Verde,0001,San Salvador el Verde," 98°31'01.797"" W","19°16'08.474"" N",2412,2921,988,763,984,759,763,cabecera_municipal
21,Puebla,144,San Salvador Huixcolotla,0000,Total del Municipio,,,,16790,4369,3600,4366,3597,3600,total
21,Puebla,144,San Salvador Huixcolotla,0001,San Salvador Huixcolotla," 97°46'18.442"" W","18°55'14.195"" N",2036,14268,3556,2990,3554,2988,2990,cabecera_municipal
21,Puebla,145,San Sebastián Tlacotepec,0000,Total del Municipio,,,,13189,3954,3283,3932,3261,3280,total
21,Puebla,145,San Sebastián Tlacotepec,0001,Tlacotepec de Porfirio Díaz," 96°51'02.197"" W","18°24'16.726"" N",0304,1783,564,460,561,457,459,cabecera_municipal
21,Puebla,146,Santa Catarina Tlaltempan,0000,Total del Municipio,,,,749,590,256,590,256,256,total
21,Puebla,146,Santa Catarina Tlaltempan,0001,Santa Catarina Tlaltempan," 98°04'47.640"" W","18°36'51.345"" N",1491,749,590,256,590,256,256,cabecera_municipal
21,Puebla,147,Santa Inés Ahuatempan,0000,Total del Municipio,,,,6341,2890,1818,2887,1815,1817,total
21,Puebla,147,Santa Inés Ahuatempan,0001,Santa Inés Ahuatempan," 98°01'03.704"" W","18°24'45.784"" N",1806,4426,2114,1310,2112,1308,1310,cabecera_municipal
21,Puebla,148,Santa Isabel Cholula,0000,Total del Municipio,,,,11498,3207,2603,3197,2593,2603,total
21,Puebla,148,Santa Isabel Cholula,0001,Santa Isabel Cholula," 98°22'45.261"" W","18°59'40.468"" N",2108,2117,643,507,640,504,507,cabecera_municipal
21,Puebla,149,Santiago Miahuatlán,0000,Total del Municipio,,,,30309,9078,7414,8983,7319,7414,total
21,Puebla,149,Santiago Miahuatlán,0001,Santiago Miahuatlán," 97°26'30.672"" W","18°33'11.359"" N",1781,16426,4450,3917,4448,3915,3917,cabecera_municipal
21,Puebla,150,Huehuetlán el Grande,0000,Total del Municipio,,,,6105,2732,1712,2721,1701,1712,total
21,Puebla,150,Huehuetlán el Grande,0001,Santo Domingo Huehuetlán," 98°10'04.478"" W","18°44'17.900"" N",1346,2223,1084,660,1077,653,660,cabecera_municipal
21,Puebla,151,Santo Tomás Hueyotlipan,0000,Total del Municipio,,,,9315,2771,2255,2768,2252,2254,total
21,Puebla,151,Santo Tomás Hueyotlipan,0001,Santo Tomás Hueyotlipan," 97°52'02.032"" W","18°53'27.921"" N",2027,6053,1732,1427,1731,1426,1426,cabecera_municipal
21,Puebla,152,Soltepec,0000,Total del Municipio,,,,12631,3894,2954,3888,2948,2954,total
21,Puebla,152,Soltepec,0001,Soltepec," 97°42'30.401"" W","19°07'09.221"" N",2427,6533,2062,1585,2062,1585,1585,cabecera_municipal
21,Puebla,153,Tecali de Herrera,0000,Total del Municipio,,,,23625,7510,6008,7494,5992,6007,total
21,Puebla,153,Tecali de Herrera,0001,Tecali de Herrera," 97°58'08.890"" W","18°54'03.717"" N",2181,6104,1894,1572,1886,1564,1571,cabecera_municipal
21,Puebla,154,Tecamachalco,0000,Total del Municipio,,,,80771,25031,20018,24906,19893,20010,total
21,Puebla,154,Tecamachalco,0001,Tecamachalco," 97°43'42.298"" W","18°53'04.890"" N",2036,31315,10929,8232,10877,8180,8225,cabecera_municipal
21,Puebla,155,Tecomatlán,0000,Total del Municipio,,,,6830,3280,1878,3257,1855,1873,total
21,Puebla,155,Tecomatlán,0001,Tecomatlán," 98°18'51.741"" W","18°06'39.457"" N",0920,3706,1532,1013,1524,1005,1008,cabecera_municipal
21,Puebla,156,Tehuacán,0000,Total del Municipio,,,,327312,104168,85383,101052,82267,85356,total
21,Puebla,156,Tehuacán,0001,Tehuacán," 97°23'31.196"" W","18°27'43.864"" N",1628,293825,94175,77437,91223,74485,77411,cabecera_municipal
21,Puebla,157,Tehuitzingo,0000,Total del Municipio,,,,12672,5541,3410,5507,3376,3410,total
21,Puebla,157,Tehuitzingo,0001,Tehuitzingo," 98°16'34.054"" W","18°19'54.171"" N",1065,6644,2574,1723,2542,1691,1723,cabecera_municipal
21,Puebla,158,Tenampulco,0000,Total del Municipio,,,,6743,2782,2075,2773,2066,2075,total
21,Puebla,158,Tenampulco,0001,Tenampulco," 97°24'19.488"" W","20°10'16.749"" N",0222,1121,454,349,454,349,349,cabecera_municipal
21,Puebla,159,Teopantlán,0000,Total del Municipio,,,,3836,1882,1161,1882,1161,1161,total
21,Puebla,159,Teopantlán,0001,Teopantlán," 98°15'44.534"" W","18°42'47.734"" N",1420,2751,1292,866,1292,866,866,cabecera_municipal
21,Puebla,160,Teotlalco,0000,Total del Municipio,,,,3689,1447,1012,1446,1011,1011,total
21,Puebla,160,Teotlalco,0001,Teotlalco," 98°46'41.767"" W","18°28'10.642"" N",1005,1892,643,498,642,497,497,cabecera_municipal
21,Puebla,161,Tepanco de López,0000,Total del Municipio,,,,22218,6991,5582,6738,5329,5582,total
21,Puebla,161,Tepanco de López,0001,Tepanco de López," 97°33'41.393"" W","18°33'18.247"" N",1809,3383,1077,874,1067,864,874,cabecera_municipal
21,Puebla,162,Tepango de Rodríguez,0000,Total del Municipio,,,,4155,1353,1046,1352,1045,1045,total
21,Puebla,162,Tepango de Rodríguez,0001,Tepango de Rodríguez," 97°47'46.572"" W","20°00'10.125"" N",1523,3298,1108,841,1107,840,840,cabecera_municipal
21,Puebla,163,Tepatlaxco de Hidalgo,0000,Total del Municipio,,,,18854,5007,4096,4991,4080,4096,total
21,Puebla,163,Tepatlaxco de Hidalgo,0001,Tepatlaxco de Hidalgo," 97°57'59.821"" W","19°04'38.288"" N",2377,18374,4873,3990,4857,3974,3990,cabecera_municipal
21,Puebla,164,Tepeaca,0000,Total del Municipio,,,,84270,22184,18578,21722,18116,18573,total
21,Puebla,164,Tepeaca,0001,Tepeaca," 97°54'19.564"" W","18°57'58.078"" N",2234,29123,8333,6851,8027,6545,6846,cabecera_municipal
21,Puebla,165,Tepemaxalco,0000,Total del Municipio,,,,1216,361,264,361,264,264,total
21,Puebla,165,Tepemaxalco,0001,San Felipe Tepemaxalco," 98°37'44.598"" W","18°44'08.172"" N",1844,817,241,179,241,179,179,cabecera_municipal
21,Puebla,166,Tepeojuma,0000,Total del Municipio,,,,8918,3293,2259,3291,2257,2259,total
21,Puebla,166,Tepeojuma,0001,Tepeojuma," 98°27'01.039"" W","18°43'20.815"" N",1482,5147,1814,1286,1812,1284,1286,cabecera_municipal
21,Puebla,167,Tepetzintla,0000,Total del Municipio,,,,10373,3444,2567,3422,2545,2566,total
21,Puebla,167,Tepetzintla,0001,Tepetzintla," 97°50'27.511"" W","19°58'01.509"" N",1685,1192,378,303,372,297,302,cabecera_municipal
21,Puebla,168,Tepexco,0000,Total del Municipio,,,,7523,2504,1788,2497,1781,1788,total
21,Puebla,168,Tepexco,0001,Tepexco," 98°41'25.866"" W","18°38'29.879"" N",1184,1698,669,459,667,457,459,cabecera_municipal
21,Puebla,169,Tepexi de Rodríguez,0000,Total del Municipio,,,,22331,8473,6092,8423,6042,6089,total
21,Puebla,169,Tepexi de Rodríguez,0001,Tepexi de Rodríguez," 97°55'34.285"" W","18°34'51.661"" N",1721,5703,2126,1639,2097,1610,1637,cabecera_municipal
21,Puebla,170,Tepeyahualco,0000,Total del Municipio,,,,19200,5955,4717,5910,4672,4717,total
21,Puebla,170,Tepeyahualco,0001,Tepeyahualco," 97°29'32.106"" W","19°29'31.221"" N",2331,1563,612,423,611,422,423,cabecera_municipal
21,Puebla,171,Tepeyahualco de Cuauhtémoc,0000,Total del Municipio,,,,3851,1249,1021,1245,1017,1021,total
21,Puebla,171,Tepeyahualco de Cuauhtémoc,0001,Tepeyahualco de Cuauhtémoc," 97°52'40.903"" W","18°48'47.337"" N",1936,2966,930,772,926,768,772,cabecera_municipal
21,Puebla,172,Tetela de Ocampo,0000,Total del Municipio,,,,27216,11553,7723,11446,7616,7718,total
21,Puebla,172,Tetela de Ocampo,0001,Ciudad de Tetela de Ocampo," 97°48'21.500"" W","19°49'00.329"" N",1734,5612,2016,1568,1962,1514,1566,cabecera_municipal
21,Puebla,173,Teteles de Avila Castillo,0000,Total del Municipio,,,,6653,2329,1756,2326,1753,1755,total
21,Puebla,173,Teteles de Avila Castillo,0001,Teteles de Ávila Castillo," 97°27'25.749"" W","19°51'29.844"" N",1862,5156,1774,1373,1771,1370,1372,cabecera_municipal
21,Puebla,174,Teziutlán,0000,Total del Municipio,,,,103583,34363,28295,33660,27592,28286,total
21,Puebla,174,Teziutlán,0001,Teziutlán," 97°21'39.159"" W","19°49'04.766"" N",1938,62849,22621,18443,22072,17894,18435,cabecera_municipal
21,Puebla,175,Tianguismanalco,0000,Total del Municipio,,,,14432,6248,3593,6243,3588,3592,total
21,Puebla,175,Tianguismanalco,0001,Tianguismanalco," 98°26'53.589"" W","18°58'39.932"" N",2153,5782,1669,1313,1669,1313,1313,cabecera_municipal
21,Puebla,176,Tilapa,0000,Total del Municipio,,,,9664,3527,2608,3516,2597,2608,total
21,Puebla,176,Tilapa,0001,Tilapa," 98°33'23.076"" W","18°35'29.692"" N",1220,3048,1200,836,1195,831,836,cabecera_municipal
21,Puebla,177,Tlacotepec de Benito Juárez,0000,Total del Municipio,,,,54757,17278,13123,16859,12704,13122,total
21,Puebla,177,Tlacotepec de Benito Juárez,0001,Tlacotepec de Benito Juárez," 97°39'12.743"" W","18°40'57.963"" N",1948,9913,3298,2492,3195,2389,2491,cabecera_municipal
21,Puebla,178,Tlacuilotepec,0000,Total del Municipio,,,,15977,5785,4447,5771,4433,4446,total
21,Puebla,178,Tlacuilotepec,0001,Tlacuilotepec," 98°04'08.073"" W","20°19'34.555"" N",1312,1638,578,461,576,459,460,cabecera_municipal
21,Puebla,179,Tlachichuca,0000,Total del Municipio,,,,31639,9245,7237,9198,7190,7237,total
21,Puebla,179,Tlachichuca,0001,Tlachichuca," 97°25'08.807"" W","19°06'56.285"" N",2600,8481,2473,1960,2463,1950,1960,cabecera_municipal
21,Puebla,180,Tlahuapan,0000,Total del Municipio,,,,41547,12553,9941,12483,9871,9940,total
21,Puebla,180,Tlahuapan,0001,Santa Rita Tlahuapan," 98°34'56.636"" W","19°19'49.813"" N",2636,9755,2998,2258,2995,2255,2257,cabecera_municipal
21,Puebla,181,Tlaltenango,0000,Total del Municipio,,,,7425,2056,1744,2048,1736,1744,total
21,Puebla,181,Tlaltenango,0001,Tlaltenango," 98°20'39.539"" W","19°10'12.084"" N",2205,7084,1963,1667,1956,1660,1667,cabecera_municipal
21,Puebla,182,Tlanepantla,0000,Total del Municipio,,,,5390,1349,1122,1348,1121,1122,total
21,Puebla,182,Tlanepantla,0001,Tlanepantla," 97°53'14.629"" W","18°51'55.310"" N",1993,5164,1278,1071,1277,1070,1071,cabecera_municipal
21,Puebla,183,Tlaola,0000,Total del Municipio,,,,20433,6139,5008,6135,5004,5006,total
21,Puebla,183,Tlaola,0001,Tlaola," 97°55'27.403"" W","20°08'13.325"" N",1172,1561,520,411,519,410,410,cabecera_municipal
21,Puebla,184,Tlapacoya,0000,Total del Municipio,,,,6422,1972,1704,1972,1704,1704,total
21,Puebla,184,Tlapacoya,0001,Tlapacoya," 97°51'04.946"" W","20°07'23.343"" N",1108,691,217,188,217,188,188,cabecera_municipal
21,Puebla,185,Tlapanalá,0000,Total del Municipio,,,,10344,3285,2545,3246,2506,2545,total
21,Puebla,185,Tlapanalá,0001,Tlapanalá," 98°32'16.060"" W","18°41'46.119"" N",1404,3163,1003,795,982,774,795,cabecera_municipal
21,Puebla,186,Tlatlauquitepec,0000,Total del Municipio,,,,55576,19115,14396,19073,14354,14394,total
21,Puebla,186,Tlatlauquitepec,0001,Ciudad de Tlatlauquitepec," 97°29'48.011"" W","19°51'04.787"" N",1905,9358,3254,2602,3249,2597,2600,cabecera_municipal
21,Puebla,187,Tlaxco,0000,Total del Municipio,,,,4934,1846,1429,1842,1425,1429,total
21,Puebla,187,Tlaxco,0001,Tlaxco," 98°01'43.117"" W","20°25'25.734"" N",0870,1244,469,365,468,364,365,cabecera_municipal
21,Puebla,188,Tochimilco,0000,Total del Municipio,,,,19315,6396,4773,6391,4768,4773,total
21,Puebla,188,Tochimilco,0001,Tochimilco," 98°34'19.798"" W","18°53'34.528"" N",2069,3676,1321,936,1317,932,936,cabecera_municipal
21,Puebla,189,Tochtepec,0000,Total del Municipio,,,,22454,6362,5309,6277,5224,5308,total
21,Puebla,189,Tochtepec,0001,Tochtepec," 97°49'32.696"" W","18°50'24.411"" N",1970,7443,2097,1769,2056,1728,1768,cabecera_municipal
21,Puebla,190,Totoltepec de Guerrero,0000,Total del Municipio,,,,1187,914,422,912,420,422,total
21,Puebla,190,Totoltepec de Guerrero,0001,Totoltepec de Guerrero," 97°51'18.484"" W","18°13'21.148"" N",1361,949,721,337,719,335,337,cabecera_municipal
21,Puebla,191,Tulcingo,0000,Total del Municipio,,,,9871,5010,2792,4999,2781,2791,total
21,Puebla,191,Tulcingo,0001,Tulcingo de Valle," 98°26'28.715"" W","18°02'42.489"" N",1096,6048,2665,1711,2657,1703,1710,cabecera_municipal
21,Puebla,192,Tuzamapan de Galeana,0000,Total del Municipio,,,,5924,2151,1650,2130,1629,1650,total
21,Puebla,192,Tuzamapan de Galeana,0001,Tuzamapan de Galeana," 97°34'30.368"" W","20°03'56.220"" N",0529,1551,613,456,608,451,456,cabecera_municipal
21,Puebla,193,Tzicatlacoyan,0000,Total del Municipio,,,,6476,2406,1750,2393,1737,1750,total
21,Puebla,193,Tzicatlacoyan,0001,Tzicatlacoyan," 98°02'53.315"" W","18°50'28.419"" N",2001,1300,494,350,484,340,350,cabecera_municipal
21,Puebla,194,Venustiano Carranza,0000,Total del Municipio,,,,28395,9815,7864,9725,7774,7864,total
21,Puebla,194,Venustiano Carranza,0001,Venustiano Carranza," 97°40'09.780"" W","20°30'17.751"" N",0120,6072,2227,1746,2211,1730,1746,cabecera_municipal
21,Puebla,195,Vicente Guerrero,0000,Total del Municipio,,,,26559,8013,5974,7997,5958,5973,total
21,Puebla,195,Vicente Guerrero,0001,Santa María del Monte," 97°12'08.842"" W","18°32'16.338"" N",2586,3141,1093,785,1093,785,785,cabecera_municipal
21,Puebla,196,Xayacatlán de Bravo,0000,Total del Municipio,,,,1570,998,483,995,480,482,total
21,Puebla,196,Xayacatlán de Bravo,0001,Xayacatlán de Bravo," 97°58'31.943"" W","18°14'08.075"" N",1251,1079,703,334,700,331,333,cabecera_municipal
21,Puebla,197,Xicotepec,0000,Total del Municipio,,,,80591,25690,21274,25329,20913,21258,total
21,Puebla,197,Xicotepec,0001,Xicotepec de Juárez," 97°57'29.317"" W","20°16'33.811"" N",1162,41455,13293,11223,13112,11042,11211,cabecera_municipal
21,Puebla,198,Xicotlán,0000,Total del Municipio,,,,1312,554,348,553,347,348,total
21,Puebla,198,Xicotlán,0001,Xicotlán," 98°31'29.818"" W","18°03'31.475"" N",1285,717,308,186,307,185,186,cabecera_municipal
21,Puebla,199,Xiutetelco,0000,Total del Municipio,,,,42943,11906,9899,11764,9757,9898,total
21,Puebla,199,Xiutetelco,0001,San Juan Xiutetelco," 97°19'35.464"" W","19°47'45.821"" N",1932,9490,2731,2290,2647,2206,2290,cabecera_municipal
21,Puebla,200,Xochiapulco,0000,Total del Municipio,,,,3443,1757,1018,1755,1016,1017,total
21,Puebla,200,Xochiapulco,0001,Cinco de Mayo," 97°39'31.318"" W","19°49'16.387"" N",2043,1004,503,292,502,291,291,cabecera_municipal
21,Puebla,201,Xochiltepec,0000,Total del Municipio,,,,3375,1282,872,1282,872,872,total
21,Puebla,201,Xochiltepec,0001,Xochiltepec," 98°20'36.541"" W","18°39'00.099"" N",1338,1382,539,387,539,387,387,cabecera_municipal
21,Puebla,202,Xochitlán de Vicente Suárez,0000,Total del Municipio,,,,13025,4640,3399,4606,3365,3399,total
21,Puebla,202,Xochitlán de Vicente Suárez,0001,Xochitlán de Vicente Suárez," 97°37'48.336"" W","19°58'05.972"" N",1040,2810,1057,793,1055,791,793,cabecera_municipal
21,Puebla,203,Xochitlán Todos Santos,0000,Total del Municipio,,,,7178,2605,1880,2605,1880,1880,total
21,Puebla,203,Xochitlán Todos Santos,0001,Xochitlán," 97°46'30.277"" W","18°42'19.777"" N",1902,5975,2232,1589,2232,1589,1589,cabecera_municipal
21,Puebla,204,Yaonáhuac,0000,Total del Municipio,,,,7926,2504,1997,2472,1965,1997,total
21,Puebla,204,Yaonáhuac,0001,Yaonáhuac," 97°27'59.206"" W","19°52'15.223"" N",1786,3968,1158,972,1144,958,972,cabecera_municipal
21,Puebla,205,Yehualtepec,0000,Total del Municipio,,,,26392,7936,6528,7931,6523,6528,total
21,Puebla,205,Yehualtepec,0001,Yehualtepec," 97°39'46.331"" W","18°47'35.848"" N",2110,7961,2221,1811,2221,1811,1811,cabecera_municipal
21,Puebla,206,Zacapala,0000,Total del Municipio,,,,4647,1925,1303,1921,1299,1302,total
21,Puebla,206,Zacapala,0001,Zacapala," 98°03'55.183"" W","18°35'26.232"" N",1302,1182,545,329,543,327,328,cabecera_municipal
21,Puebla,207,Zacapoaxtla,0000,Total del Municipio,,,,57887,19580,14790,19039,14249,14785,total
21,Puebla,207,Zacapoaxtla,0001,Zacapoaxtla," 97°35'22.393"" W","19°52'22.931"" N",1821,9149,3328,2564,3137,2373,2562,cabecera_municipal
21,Puebla,208,Zacatlán,0000,Total del Municipio,,,,87361,29872,22891,29179,22198,22888,total
21,Puebla,208,Zacatlán,0001,Zacatlán," 97°57'36.880"" W","19°55'56.514"" N",2030,39203,12849,10431,12450,10032,10428,cabecera_municipal
21,Puebla,209,Zapotitlán,0000,Total del Municipio,,,,8595,3583,2296,3542,2255,2295,total
21,Puebla,209,Zapotitlán,0001,Zapotitlán Salinas," 97°28'31.515"" W","18°19'46.952"" N",1481,3215,1134,845,1117,828,845,cabecera_municipal
21,Puebla,210,Zapotitlán de Méndez,0000,Total del Municipio,,,,5675,1897,1456,1895,1454,1456,total
21,Puebla,210,Zapotitlán de Méndez,0001,Zapotitlán de Méndez," 97°42'54.285"" W","20°00'07.643"" N",0659,1751,642,483,640,481,483,cabecera_municipal
21,Puebla,211,Zaragoza,0000,Total del Municipio,,,,16752,5760,4418,5426,4084,4417,total
21,Puebla,211,Zaragoza,0001,Zaragoza," 97°33'20.331"" W","19°46'17.166"" N",2304,11487,3943,3069,3818,2944,3068,cabecera_municipal
21,Puebla,212,Zautla,0000,Total del Municipio,,,,20717,7432,5151,7370,5089,5151,total
21,Puebla,212,Zautla,0001,Santiago Zautla," 97°40'20.389"" W","19°42'54.447"" N",1976,632,292,170,289,167,170,cabecera_municipal
21,Puebla,213,Zihuateutla,0000,Total del Municipio,,,,11967,4070,3176,4055,3161,3174,total
21,Puebla,213,Zihuateutla,0001,Zihuateutla," 97°53'11.028"" W","20°14'58.636"" N",0996,1067,299,254,298,253,253,cabecera_municipal
21,Puebla,214,Zinacatepec,0000,Total del Municipio,,,,18359,5215,4409,4995,4189,4407,total
21,Puebla,214,Zinacatepec,0001,San Sebastián Zinacatepec," 97°14'43.487"" W","18°19'59.766"" N",1128,17918,5054,4304,4842,4092,4302,cabecera_municipal
21,Puebla,215,Zongozotla,0000,Total del Municipio,,,,4539,1394,1160,1389,1155,1160,total
21,Puebla,215,Zongozotla,0001,Zongozotla," 97°43'36.270"" W","19°58'43.098"" N",1123,4229,1270,1081,1265,1076,1081,cabecera_municipal
21,Puebla,216,Zoquiapan,0000,Total del Municipio,,,,2452,1091,741,1090,740,740,total
21,Puebla,216,Zoquiapan,0001,Zoquiapan," 97°35'44.313"" W","20°00'35.418"" N",1043,938,448,294,447,293,293,cabecera_municipal
21,Puebla,217,Zoquitlán,0000,Total del Municipio,,,,20335,6682,4724,6654,4696,4721,total
21,Puebla,217,Zoquitlán,0001,Zoquitlán," 97°01'02.132"" W","18°20'08.617"" N",2149,3404,1285,807,1272,794,807,cabecera_municipal
22,Querétaro,000,Total de la entidad Querétaro,0000,Total de la Entidad,,,,2368467,826353,668771,791542,633960,668487,total
22,Querétaro,001,Amealco de Bonfil,0000,Total del Municipio,,,,66841,24475,17126,24323,16974,17122,total
22,Querétaro,001,Amealco de Bonfil,0001,Amealco de Bonfil,"100°08'39.102"" W","20°11'11.198"" N",2639,7953,2824,2143,2772,2091,2142,cabecera_municipal
22,Querétaro,002,Pinal de Amoles,0000,Total del Municipio,,,,27365,9513,6805,9435,6727,6802,total
22,Querétaro,002,Pinal de Amoles,0001,Pinal de Amoles," 99°37'39.145"" W","21°08'07.089"" N",2357,2382,764,601,761,598,599,cabecera_municipal
22,Querétaro,003,Arroyo Seco,0000,Total del Municipio,,,,13142,5667,3812,5645,3790,3809,total
22,Querétaro,003,Arroyo Seco,0001,Arroyo Seco," 99°41'20.999"" W","21°32'52.931"" N",0984,1768,703,499,701,497,498,cabecera_municipal
22,Querétaro,004,Cadereyta de Montes,0000,Total del Municipio,,,,69075,23061,17329,22956,17224,17322,total
22,Querétaro,004,Cadereyta de Montes,0001,Cadereyta de Montes," 99°48'56.279"" W","20°41'42.084"" N",2043,15512,4907,3979,4861,3933,3976,cabecera_municipal
22,Querétaro,005,Colón,0000,Total del Municipio,,,,67121,19056,16156,18840,15940,16146,total
22,Querétaro,005,Colón,0001,Colón,"100°02'43.550"" W","20°47'17.975"" N",1904,7591,2237,1804,2142,1709,1800,cabecera_municipal
22,Querétaro,006,Corregidora,0000,Total del Municipio,,,,212567,75308,64383,70479,59554,64356,total
22,Querétaro,006,Corregidora,0001,El Pueblito,"100°26'45.179"" W","20°33'08.769"" N",1811,115264,43038,36527,40186,33675,36506,cabecera_municipal
22,Querétaro,007,Ezequiel Montes,0000,Total del Municipio,,,,45141,13878,10859,13542,10523,10857,total
22,Querétaro,007,Ezequiel Montes,0001,Ezequiel Montes," 99°53'54.260"" W","20°39'55.062"" N",1974,16795,5038,4094,4758,3814,4093,cabecera_municipal
22,Querétaro,008,Huimilpan,0000,Total del Municipio,,,,36808,13226,9906,12939,9619,9905,total
22,Querétaro,008,Huimilpan,0001,Huimilpan,"100°16'27.601"" W","20°22'30.882"" N",2278,1396,622,408,621,407,408,cabecera_municipal
22,Querétaro,009,Jalpan de Serra,0000,Total del Municipio,,,,27343,10747,7585,10598,7436,7576,total
22,Querétaro,009,Jalpan de Serra,0001,Jalpan de Serra," 99°28'22.479"" W","21°13'00.488"" N",0762,13950,5095,3898,4965,3768,3892,cabecera_municipal
22,Querétaro,010,Landa de Matamoros,0000,Total del Municipio,,,,18794,8240,5352,8214,5326,5350,total
22,Querétaro,010,Landa de Matamoros,0001,Landa de Matamoros," 99°19'18.893"" W","21°11'00.441"" N",1046,1884,780,541,772,533,541,cabecera_municipal
22,Querétaro,011,El Marqués,0000,Total del Municipio,,,,231668,90060,67968,84871,62779,67957,total
22,Querétaro,011,El Marqués,0001,La Cañada,"100°19'51.948"" W","20°36'23.651"" N",1864,11342,2551,2346,2434,2229,2345,cabecera_municipal
22,Querétaro,012,Pedro Escobedo,0000,Total del Municipio,,,,77404,22047,19076,21919,18948,19072,total
22,Querétaro,012,Pedro Escobedo,0001,Pedro Escobedo,"100°08'41.029"" W","20°30'08.977"" N",1913,13390,4392,3606,4386,3600,3604,cabecera_municipal
22,Querétaro,013,Peñamiller,0000,Total del Municipio,,,,19141,6824,4869,6813,4858,4869,total
22,Querétaro,013,Peñamiller,0001,Peñamiller," 99°48'52.294"" W","21°03'13.073"" N",1329,1418,562,377,560,375,377,cabecera_municipal
22,Querétaro,014,Querétaro,0000,Total del Municipio,,,,1049777,358824,305518,337520,284214,305361,total
22,Querétaro,014,Querétaro,0001,Santiago de Querétaro,"100°23'23.846"" W","20°35'36.208"" N",1832,794789,269140,234176,252620,217656,234037,cabecera_municipal
22,Querétaro,015,San Joaquín,0000,Total del Municipio,,,,8359,3327,2275,3309,2257,2274,total
22,Querétaro,015,San Joaquín,0001,San Joaquín," 99°33'58.893"" W","20°54'57.821"" N",2426,1957,790,572,776,558,571,cabecera_municipal
22,Querétaro,016,San Juan del Río,0000,Total del Municipio,,,,297804,107354,83754,105683,82083,83724,total
22,Querétaro,016,San Juan del Río,0001,San Juan del Río," 99°59'58.674"" W","20°23'11.189"" N",1928,177719,69176,53059,68117,52000,53035,cabecera_municipal
22,Querétaro,017,Tequisquiapan,0000,Total del Municipio,,,,72201,25687,18959,25450,18722,18946,total
22,Querétaro,017,Tequisquiapan,0001,Tequisquiapan," 99°53'01.824"" W","20°31'07.743"" N",1870,34955,13345,9451,13227,9333,9440,cabecera_municipal
22,Querétaro,018,Tolimán,0000,Total del Municipio,,,,27916,9059,7039,9006,6986,7039,total
22,Querétaro,018,Tolimán,0001,Tolimán," 99°55'50.883"" W","20°54'29.337"" N",1562,6290,2051,1576,2028,1553,1576,cabecera_municipal
23,Quintana Roo,000,Total de la entidad Quintana Roo,0000,Total de la Entidad,,,,1857985,711722,575635,648282,512195,575489,total
23,Quintana Roo,001,Cozumel,0000,Total del Municipio,,,,88626,31078,26424,30178,25524,26413,total
23,Quintana Roo,001,Cozumel,0001,Cozumel," 86°57'27.318"" W","20°30'13.623"" N",0000,84519,29179,25186,28342,24349,25178,cabecera_municipal
23,Quintana Roo,002,Felipe Carrillo Puerto,0000,Total del Municipio,,,,83990,27365,21466,26727,20828,21462,total
23,Quintana Roo,002,Felipe Carrillo Puerto,0001,Felipe Carrillo Puerto," 88°02'47.712"" W","19°34'42.636"" N",0011,30754,10606,8190,10069,7653,8188,cabecera_municipal
23,Quintana Roo,003,Isla Mujeres,0000,Total del Municipio,,,,22686,9557,6773,9000,6216,6767,total
23,Quintana Roo,003,Isla Mujeres,0001,Isla Mujeres," 86°44'45.930"" W","21°15'23.649"" N",0000,13174,6089,4162,5764,3837,4161,cabecera_municipal
23,Quintana Roo,004,Othón P. Blanco,0000,Total del Municipio,,,,233648,87728,70782,86311,69365,70753,total
23,Quintana Roo,004,Othón P. Blanco,0001,Chetumal," 88°17'52.436"" W","18°29'38.002"" N",0002,169028,61739,51425,60686,50372,51399,cabecera_municipal
23,Quintana Roo,005,Benito Juárez,0000,Total del Municipio,,,,911503,336997,287117,299878,249998,287053,total
23,Quintana Roo,005,Benito Juárez,0001,Cancún," 86°49'29.320"" W","21°09'41.098"" N",0005,888797,329071,280531,293192,244652,280477,cabecera_municipal
23,Quintana Roo,006,José María Morelos,0000,Total del Municipio,,,,39165,13891,10429,13848,10386,10426,total
23,Quintana Roo,006,José María Morelos,0069,José María Morelos," 88°42'37.855"" W","19°44'57.814"" N",0021,13332,4907,3452,4871,3416,3451,cabecera_municipal
23,Quintana Roo,007,Lázaro Cárdenas,0000,Total del Municipio,,,,29171,10413,7918,10040,7545,7917,total
23,Quintana Roo,007,Lázaro Cárdenas,0001,Kantunilkín," 87°29'14.001"" W","21°06'05.036"" N",0017,8135,2968,2214,2854,2100,2214,cabecera_municipal
23,Quintana Roo,008,Solidaridad,0000,Total del Municipio,,,,333800,144680,110776,124631,90727,110763,total
23,Quintana Roo,008,Solidaridad,0001,Playa del Carmen," 87°04'31.800"" W","20°37'41.313"" N",0008,304942,133178,102306,114557,83685,102297,cabecera_municipal
23,Quintana Roo,009,Tulum,0000,Total del Municipio,,,,46721,21990,14029,20661,12700,14022,total
23,Quintana Roo,009,Tulum,0001,Tulum," 87°27'47.537"" W","20°12'38.796"" N",0005,33374,14567,10484,13377,9294,10477,cabecera_municipal
23,Quintana Roo,010,Bacalar,0000,Total del Municipio,,,,41754,14266,11186,14149,11069,11182,total
23,Quintana Roo,010,Bacalar,0001,Bacalar," 88°23'21.670"" W","18°40'34.128"" N",0011,12527,4627,3512,4537,3422,3508,cabecera_municipal
23,Quintana Roo,011,Puerto Morelos,0000,Total del Municipio,,,,26921,13757,8735,12859,7837,8731,total
23,Quintana Roo,011,Puerto Morelos,0001,Puerto Morelos," 86°52'34.238"" W","20°50'54.429"" N",0006,19205,10737,6492,9864,5619,6491,cabecera_municipal
24,San Luis Potosí,000,Total de la entidad San Luis Potosí,0000,Total de la Entidad,,,,2822255,964366,775016,931362,742012,774658,total
24,San Luis Potosí,001,Ahualulco,0000,Total del Municipio,,,,18974,6251,4723,6148,4620,4723,total
24,San Luis Potosí,001,Ahualulco,0001,Ahualulco del Sonido 13,"101°10'00.632"" W","22°24'00.358"" N",1853,5249,1830,1292,1794,1256,1292,cabecera_municipal
24,San Luis Potosí,002,Alaquines,0000,Total del Municipio,,,,7785,3430,2183,3426,2179,2181,total
24,San Luis Potosí,002,Alaquines,0001,Alaquines," 99°36'01.401"" W","22°07'40.419"" N",1284,1177,545,328,544,327,327,cabecera_municipal
24,San Luis Potosí,003,Aquismón,0000,Total del Municipio,,,,48359,15234,12520,15159,12445,12517,total
24,San Luis Potosí,003,Aquismón,0001,Aquismón," 99°01'10.327"" W","21°37'16.903"" N",0084,2174,903,666,885,648,663,cabecera_municipal
24,San Luis Potosí,004,Armadillo de los Infante,0000,Total del Municipio,,,,4013,2202,1166,2198,1162,1165,total
24,San Luis Potosí,004,Armadillo de los Infante,0001,Armadillo de los Infante,"100°39'16.829"" W","22°14'36.929"" N",1625,307,187,103,187,103,103,cabecera_municipal
24,San Luis Potosí,005,Cárdenas,0000,Total del Municipio,,,,18317,7559,5223,7549,5213,5222,total
24,San Luis Potosí,005,Cárdenas,0001,Cárdenas," 99°38'33.018"" W","22°00'03.256"" N",1211,15341,5952,4293,5942,4283,4292,cabecera_municipal
24,San Luis Potosí,006,Catorce,0000,Total del Municipio,,,,9579,4004,2613,4001,2610,2612,total
24,San Luis Potosí,006,Catorce,0001,Real de Catorce,"100°53'10.512"" W","23°41'25.618"" N",2699,1395,564,355,564,355,355,cabecera_municipal
24,San Luis Potosí,007,Cedral,0000,Total del Municipio,,,,19840,7442,5087,7381,5026,5087,total
24,San Luis Potosí,007,Cedral,0001,Cedral,"100°43'35.782"" W","23°49'09.594"" N",1701,12807,4782,3209,4769,3196,3209,cabecera_municipal
24,San Luis Potosí,008,Cerritos,0000,Total del Municipio,,,,22075,9559,6376,9489,6306,6372,total
24,San Luis Potosí,008,Cerritos,0001,Cerritos,"100°16'46.548"" W","22°25'39.598"" N",1192,15692,6415,4543,6348,4476,4539,cabecera_municipal
24,San Luis Potosí,009,Cerro de San Pedro,0000,Total del Municipio,,,,5050,2229,1365,2220,1356,1363,total
24,San Luis Potosí,009,Cerro de San Pedro,0001,Cerro de San Pedro,"100°48'01.665"" W","22°13'04.025"" N",2041,97,68,25,68,25,25,cabecera_municipal
24,San Luis Potosí,010,Ciudad del Maíz,0000,Total del Municipio,,,,30320,11543,8042,11421,7920,8040,total
24,San Luis Potosí,010,Ciudad del Maíz,0001,Ciudad del Maíz," 99°36'02.065"" W","22°23'59.446"" N",1250,10943,4018,2904,3977,2863,2902,cabecera_municipal
24,San Luis Potosí,011,Ciudad Fernández,0000,Total del Municipio,,,,48106,16433,12807,16324,12698,12802,total
24,San Luis Potosí,011,Ciudad Fernández,0001,Ciudad Fernández,"100°00'39.680"" W","21°56'36.643"" N",0998,36275,11565,9437,11466,9338,9434,cabecera_municipal
24,San Luis Potosí,012,Tancanhuitz,0000,Total del Municipio,,,,20300,6106,5203,6090,5187,5201,total
24,San Luis Potosí,012,Tancanhuitz,0001,Tancanhuitz," 98°57'58.996"" W","21°35'50.348"" N",0214,2698,970,771,966,767,770,cabecera_municipal
24,San Luis Potosí,013,Ciudad Valles,0000,Total del Municipio,,,,179371,65309,53342,62821,50854,53323,total
24,San Luis Potosí,013,Ciudad Valles,0001,Ciudad Valles," 99°01'07.396"" W","21°59'11.532"" N",0083,136351,50586,41193,48181,38788,41176,cabecera_municipal
24,San Luis Potosí,014,Coxcatlán,0000,Total del Municipio,,,,15660,5015,4199,5015,4199,4199,total
24,San Luis Potosí,014,Coxcatlán,0001,Coxcatlán," 98°54'12.490"" W","21°32'28.114"" N",0131,2243,797,637,797,637,637,cabecera_municipal
24,San Luis Potosí,015,Charcas,0000,Total del Municipio,,,,21814,8137,6018,8002,5883,6017,total
24,San Luis Potosí,015,Charcas,0001,Charcas,"101°06'48.068"" W","23°07'47.346"" N",2019,14117,5377,3926,5287,3836,3925,cabecera_municipal
24,San Luis Potosí,016,Ebano,0000,Total del Municipio,,,,40899,14706,11752,14524,11570,11749,total
24,San Luis Potosí,016,Ebano,0001,Ebano," 98°22'40.092"" W","22°12'44.421"" N",0061,24454,9119,7257,8974,7112,7255,cabecera_municipal
24,San Luis Potosí,017,Guadalcázar,0000,Total del Municipio,,,,25119,9326,6512,9209,6395,6510,total
24,San Luis Potosí,017,Guadalcázar,0001,Guadalcázar,"100°23'58.458"" W","22°37'04.481"" N",1651,1211,595,379,589,373,378,cabecera_municipal
24,San Luis Potosí,018,Huehuetlán,0000,Total del Municipio,,,,15334,5005,4063,4985,4043,4061,total
24,San Luis Potosí,018,Huehuetlán,0001,Huehuetlán," 98°57'58.876"" W","21°32'46.497"" N",0361,551,202,158,202,158,158,cabecera_municipal
24,San Luis Potosí,019,Lagunillas,0000,Total del Municipio,,,,5453,2654,1718,2648,1712,1718,total
24,San Luis Potosí,019,Lagunillas,0001,Lagunillas," 99°34'01.091"" W","21°35'09.515"" N",0916,399,249,145,249,145,145,cabecera_municipal
24,San Luis Potosí,020,Matehuala,0000,Total del Municipio,,,,102199,34969,27355,33921,26307,27347,total
24,San Luis Potosí,020,Matehuala,0001,Matehuala,"100°38'39.112"" W","23°38'46.894"" N",1577,86686,28850,23384,27928,22462,23378,cabecera_municipal
24,San Luis Potosí,021,Mexquitic de Carmona,0000,Total del Municipio,,,,58469,18082,13866,17428,13212,13863,total
24,San Luis Potosí,021,Mexquitic de Carmona,0001,Mexquitic de Carmona,"101°06'46.484"" W","22°15'59.616"" N",2017,1567,498,371,480,353,371,cabecera_municipal
24,San Luis Potosí,022,Moctezuma,0000,Total del Municipio,,,,19036,7463,5183,7400,5120,5182,total
24,San Luis Potosí,022,Moctezuma,0001,Moctezuma,"101°05'08.014"" W","22°44'59.617"" N",1719,5240,2271,1457,2221,1407,1457,cabecera_municipal
24,San Luis Potosí,023,Rayón,0000,Total del Municipio,,,,15301,6708,4471,6692,4455,4470,total
24,San Luis Potosí,023,Rayón,0001,Rayón," 99°38'43.135"" W","21°50'37.405"" N",0975,6240,2468,1781,2454,1767,1781,cabecera_municipal
24,San Luis Potosí,024,Rioverde,0000,Total del Municipio,,,,97943,36312,27149,35950,26787,27137,total
24,San Luis Potosí,024,Rioverde,0001,Rioverde," 99°59'34.521"" W","21°55'56.561"" N",0991,58158,20387,16108,20047,15768,16099,cabecera_municipal
24,San Luis Potosí,025,Salinas,0000,Total del Municipio,,,,31107,10783,7848,10663,7728,7843,total
24,San Luis Potosí,025,Salinas,0001,Salinas de Hidalgo,"101°42'56.646"" W","22°37'40.854"" N",2070,18586,6337,4586,6230,4479,4581,cabecera_municipal
24,San Luis Potosí,026,San Antonio,0000,Total del Municipio,,,,9382,2833,2394,2829,2390,2392,total
24,San Luis Potosí,026,San Antonio,0001,San Antonio," 98°54'10.251"" W","21°37'12.637"" N",0217,686,225,177,223,175,176,cabecera_municipal
24,San Luis Potosí,027,San Ciro de Acosta,0000,Total del Municipio,,,,10215,4618,3031,4610,3023,3030,total
24,San Luis Potosí,027,San Ciro de Acosta,0001,San Ciro de Acosta," 99°49'07.266"" W","21°39'00.025"" N",0899,7361,3228,2177,3221,2170,2176,cabecera_municipal
24,San Luis Potosí,028,San Luis Potosí,0000,Total del Municipio,,,,911908,301965,259503,280436,237974,259324,total
24,San Luis Potosí,028,San Luis Potosí,0001,San Luis Potosí,"100°58'37.049"" W","22°09'05.958"" N",1864,845941,280565,243063,260022,222520,242886,cabecera_municipal
24,San Luis Potosí,029,San Martín Chalchicuautla,0000,Total del Municipio,,,,18468,6602,5262,6568,5228,5261,total
24,San Luis Potosí,029,San Martín Chalchicuautla,0001,San Martín Chalchicuautla," 98°39'26.058"" W","21°22'10.932"" N",0185,2672,1161,831,1158,828,831,cabecera_municipal
24,San Luis Potosí,030,San Nicolás Tolentino,0000,Total del Municipio,,,,4779,2682,1508,2663,1489,1507,total
24,San Luis Potosí,030,San Nicolás Tolentino,0001,San Nicolás Tolentino,"100°33'07.473"" W","22°14'54.725"" N",1460,841,402,241,396,235,240,cabecera_municipal
24,San Luis Potosí,031,Santa Catarina,0000,Total del Municipio,,,,12163,4061,2952,4054,2945,2950,total
24,San Luis Potosí,031,Santa Catarina,0001,Santa Catarina," 99°29'44.498"" W","21°39'21.971"" N",0841,209,100,63,99,62,63,cabecera_municipal
24,San Luis Potosí,032,Santa María del Río,0000,Total del Municipio,,,,39880,14523,10222,14496,10195,10220,total
24,San Luis Potosí,032,Santa María del Río,0001,Santa María del Río,"100°44'13.592"" W","21°48'01.579"" N",1716,14340,5165,3617,5158,3610,3615,cabecera_municipal
24,San Luis Potosí,033,Santo Domingo,0000,Total del Municipio,,,,10785,4531,2914,4492,2875,2909,total
24,San Luis Potosí,033,Santo Domingo,0001,Santo Domingo,"101°44'10.691"" W","23°19'30.915"" N",1969,677,355,178,346,169,173,cabecera_municipal
24,San Luis Potosí,034,San Vicente Tancuayalab,0000,Total del Municipio,,,,14945,4987,4161,4987,4161,4161,total
24,San Luis Potosí,034,San Vicente Tancuayalab,0001,San Vicente Tancuayalab," 98°35'08.584"" W","21°42'53.800"" N",0039,6731,2281,1923,2281,1923,1923,cabecera_municipal
24,San Luis Potosí,035,Soledad de Graciano Sánchez,0000,Total del Municipio,,,,332072,107614,91824,103602,87812,91807,total
24,San Luis Potosí,035,Soledad de Graciano Sánchez,0001,Soledad de Graciano Sánchez,"100°56'14.187"" W","22°11'16.373"" N",1850,310192,100030,85886,96362,82218,85870,cabecera_municipal
24,San Luis Potosí,036,Tamasopo,0000,Total del Municipio,,,,29184,11391,8391,11257,8257,8385,total
24,San Luis Potosí,036,Tamasopo,0001,Tamasopo," 99°23'31.775"" W","21°55'26.046"" N",0354,4599,1782,1330,1770,1318,1329,cabecera_municipal
24,San Luis Potosí,037,Tamazunchale,0000,Total del Municipio,,,,95037,29991,24458,29692,24159,24454,total
24,San Luis Potosí,037,Tamazunchale,0001,Tamazunchale," 98°47'29.463"" W","21°15'45.856"" N",0129,24258,8309,6665,8082,6438,6663,cabecera_municipal
24,San Luis Potosí,038,Tampacán,0000,Total del Municipio,,,,14348,4636,3855,4632,3851,3853,total
24,San Luis Potosí,038,Tampacán,0001,Tampacán," 98°43'39.633"" W","21°24'08.308"" N",0125,1703,613,493,612,492,493,cabecera_municipal
24,San Luis Potosí,039,Tampamolón Corona,0000,Total del Municipio,,,,13603,4294,3530,4288,3524,3527,total
24,San Luis Potosí,039,Tampamolón Corona,0001,Tampamolón Corona," 98°48'54.412"" W","21°33'37.266"" N",0085,3076,1090,871,1084,865,868,cabecera_municipal
24,San Luis Potosí,040,Tamuín,0000,Total del Municipio,,,,36968,13111,10553,12908,10350,10552,total
24,San Luis Potosí,040,Tamuín,0001,Tamuín," 98°46'30.579"" W","22°00'14.928"" N",0023,16582,5792,4804,5668,4680,4804,cabecera_municipal
24,San Luis Potosí,041,Tanlajás,0000,Total del Municipio,,,,18208,5730,4959,5702,4931,4954,total
24,San Luis Potosí,041,Tanlajás,0001,Tanlajás," 98°53'17.053"" W","21°39'56.390"" N",0130,1439,463,373,455,365,370,cabecera_municipal
24,San Luis Potosí,042,Tanquián de Escobedo,0000,Total del Municipio,,,,13448,4441,3701,4436,3696,3699,total
24,San Luis Potosí,042,Tanquián de Escobedo,0001,Tanquián de Escobedo," 98°39'43.425"" W","21°35'53.117"" N",0042,9458,3156,2642,3151,2637,2640,cabecera_municipal
24,San Luis Potosí,043,Tierra Nueva,0000,Total del Municipio,,,,7966,3773,2184,3746,2157,2181,total
24,San Luis Potosí,043,Tierra Nueva,0001,Tierra Nueva,"100°34'26.106"" W","21°40'02.841"" N",1780,4960,2606,1387,2589,1370,1384,cabecera_municipal
24,San Luis Potosí,044,Vanegas,0000,Total del Municipio,,,,7557,2680,1970,2670,1960,1968,total
24,San Luis Potosí,044,Vanegas,0001,Vanegas,"100°57'02.000"" W","23°53'02.000"" N",1720,2484,881,628,879,626,627,cabecera_municipal
24,San Luis Potosí,045,Venado,0000,Total del Municipio,,,,14188,5790,3982,5745,3937,3981,total
24,San Luis Potosí,045,Venado,0001,Venado,"101°05'40.666"" W","22°55'52.838"" N",1788,6385,2844,1797,2836,1789,1796,cabecera_municipal
24,San Luis Potosí,046,Villa de Arriaga,0000,Total del Municipio,,,,18206,5864,4645,5740,4521,4644,total
24,San Luis Potosí,046,Villa de Arriaga,0001,Villa de Arriaga,"101°23'00.133"" W","21°54'36.489"" N",2177,6126,2007,1568,1969,1530,1567,cabecera_municipal
24,San Luis Potosí,047,Villa de Guadalupe,0000,Total del Municipio,,,,9277,3842,2505,3833,2496,2503,total
24,San Luis Potosí,047,Villa de Guadalupe,0001,Villa de Guadalupe,"100°45'28.430"" W","23°22'27.929"" N",1637,981,443,272,439,268,270,cabecera_municipal
24,San Luis Potosí,048,Villa de la Paz,0000,Total del Municipio,,,,5298,1801,1333,1793,1325,1330,total
24,San Luis Potosí,048,Villa de la Paz,0001,Villa de la Paz,"100°42'47.415"" W","23°40'31.265"" N",1834,3701,1246,934,1238,926,931,cabecera_municipal
24,San Luis Potosí,049,Villa de Ramos,0000,Total del Municipio,,,,38389,14084,9985,14043,9944,9982,total
24,San Luis Potosí,049,Villa de Ramos,0001,Villa de Ramos,"101°54'37.718"" W","22°49'51.350"" N",2203,2636,1163,665,1149,651,664,cabecera_municipal
24,San Luis Potosí,050,Villa de Reyes,0000,Total del Municipio,,,,52912,14523,12160,14412,12049,12146,total
24,San Luis Potosí,050,Villa de Reyes,0001,Villa de Reyes,"100°55'56.949"" W","21°48'11.248"" N",1814,12017,3754,2885,3745,2876,2879,cabecera_municipal
24,San Luis Potosí,051,Villa Hidalgo,0000,Total del Municipio,,,,15458,6172,4220,6163,4211,4220,total
24,San Luis Potosí,051,Villa Hidalgo,0001,Villa Hidalgo,"100°40'43.909"" W","22°26'55.294"" N",1667,3087,1154,867,1151,864,867,cabecera_municipal
24,San Luis Potosí,052,Villa Juárez,0000,Total del Municipio,,,,10304,5268,2967,5262,2961,2966,total
24,San Luis Potosí,052,Villa Juárez,0001,Villa Juárez,"100°15'59.936"" W","22°19'23.554"" N",1106,3488,2116,1085,2113,1082,1084,cabecera_municipal
24,San Luis Potosí,053,Axtla de Terrazas,0000,Total del Municipio,,,,32544,10181,8507,10085,8411,8502,total
24,San Luis Potosí,053,Axtla de Terrazas,0001,Axtla de Terrazas," 98°52'30.000"" W","21°26'11.000"" N",0076,8045,2688,2230,2624,2166,2228,cabecera_municipal
24,San Luis Potosí,054,Xilitla,0000,Total del Municipio,,,,49741,15696,12698,15589,12591,12695,total
24,San Luis Potosí,054,Xilitla,0001,Xilitla," 98°59'22.463"" W","21°23'06.694"" N",0674,6644,2235,1848,2186,1799,1846,cabecera_municipal
24,San Luis Potosí,055,Zaragoza,0000,Total del Municipio,,,,27386,7986,6450,7808,6272,6445,total
24,San Luis Potosí,055,Zaragoza,0001,Villa de Zaragoza,"100°43'51.480"" W","22°02'08.178"" N",1973,11425,2759,2441,2654,2336,2439,cabecera_municipal
24,San Luis Potosí,056,Villa de Arista,0000,Total del Municipio,,,,17258,5683,4304,5645,4266,4302,total
24,San Luis Potosí,056,Villa de Arista,0002,Villa de Arista,"100°50'56.472"" W","22°38'41.178"" N",1614,8464,2721,2082,2687,2048,2080,cabecera_municipal
24,San Luis Potosí,057,Matlapa,0000,Total del Municipio,,,,28996,8670,7223,8642,7195,7223,total
24,San Luis Potosí,057,Matlapa,0001,Matlapa," 98°49'36.492"" W","21°20'15.016"" N",0120,3723,1300,1025,1284,1009,1025,cabecera_municipal
24,San Luis Potosí,058,El Naranjo,0000,Total del Municipio,,,,20959,7882,5881,7870,5869,5881,total
24,San Luis Potosí,058,El Naranjo,0001,El Naranjo," 99°19'21.034"" W","22°31'19.330"" N",0270,11061,4230,3133,4218,3121,3133,cabecera_municipal
25,Sinaloa,000,Total de la entidad Sinaloa,0000,Total de la Entidad,,,,3026943,1062027,855271,1044563,837807,854816,total
25,Sinaloa,001,Ahome,0000,Total del Municipio,,,,459310,160276,133947,159399,133070,133896,total
25,Sinaloa,001,Ahome,0001,Los Mochis,"108°59'39.634"" W","25°47'00.301"" N",0009,298009,108540,91011,107721,90192,90974,cabecera_municipal
25,Sinaloa,002,Angostura,0000,Total del Municipio,,,,44093,16111,12958,16072,12919,12951,total
25,Sinaloa,002,Angostura,0001,Angostura,"108°09'34.159"" W","25°21'51.696"" N",0025,5457,1952,1617,1950,1615,1616,cabecera_municipal
25,Sinaloa,003,Badiraguato,0000,Total del Municipio,,,,26542,10547,7252,10431,7136,7250,total
25,Sinaloa,003,Badiraguato,0001,Badiraguato,"107°33'03.666"" W","25°21'45.546"" N",0212,4194,1419,1102,1417,1100,1101,cabecera_municipal
25,Sinaloa,004,Concordia,0000,Total del Municipio,,,,24899,10903,7220,10885,7202,7216,total
25,Sinaloa,004,Concordia,0001,Heroica Ciudad Concordia,"106°04'06.999"" W","23°17'15.452"" N",0122,9864,3422,2687,3418,2683,2684,cabecera_municipal
25,Sinaloa,005,Cosalá,0000,Total del Municipio,,,,17012,5818,4175,5798,4155,4174,total
25,Sinaloa,005,Cosalá,0001,Cosalá,"106°41'29.525"" W","24°24'40.845"" N",0377,7888,2589,1882,2572,1865,1881,cabecera_municipal
25,Sinaloa,006,Culiacán,0000,Total del Municipio,,,,1003530,340656,281726,329165,270235,281567,total
25,Sinaloa,006,Culiacán,0001,Culiacán Rosales,"107°23'37.522"" W","24°48'31.709"" N",0057,808416,277963,232201,267241,221479,232104,cabecera_municipal
25,Sinaloa,007,Choix,0000,Total del Municipio,,,,29334,11402,8177,11363,8138,8176,total
25,Sinaloa,007,Choix,0001,Choix,"108°19'20.467"" W","26°42'25.239"" N",0224,10328,3538,2807,3514,2783,2807,cabecera_municipal
25,Sinaloa,008,Elota,0000,Total del Municipio,,,,55339,15450,12178,15194,11922,12163,total
25,Sinaloa,008,Elota,0001,La Cruz,"106°53'33.762"" W","23°54'55.454"" N",0019,19742,6513,5187,6345,5019,5184,cabecera_municipal
25,Sinaloa,009,Escuinapa,0000,Total del Municipio,,,,59988,21321,16272,21264,16215,16258,total
25,Sinaloa,009,Escuinapa,0001,Escuinapa de Hidalgo,"105°46'40.353"" W","22°50'06.185"" N",0022,33924,11299,9132,11264,9097,9123,cabecera_municipal
25,Sinaloa,010,El Fuerte,0000,Total del Municipio,,,,96593,32364,26506,32199,26341,26499,total
25,Sinaloa,010,El Fuerte,0001,El Fuerte,"108°37'11.879"" W","26°25'17.756"" N",0081,12848,4625,3784,4570,3729,3783,cabecera_municipal
25,Sinaloa,011,Guasave,0000,Total del Municipio,,,,289370,92905,77926,92607,77628,77894,total
25,Sinaloa,011,Guasave,0001,Guasave,"108°28'18.543"" W","25°33'55.970"" N",0021,77849,26631,22664,26409,22442,22652,cabecera_municipal
25,Sinaloa,012,Mazatlán,0000,Total del Municipio,,,,501441,196436,152976,193160,149700,152884,total
25,Sinaloa,012,Mazatlán,0001,Mazatlán,"106°25'19.997"" W","23°12'01.137"" N",0010,441975,172753,135845,169641,132733,135761,cabecera_municipal
25,Sinaloa,013,Mocorito,0000,Total del Municipio,,,,40358,16294,11588,16052,11346,11587,total
25,Sinaloa,013,Mocorito,0001,Mocorito,"107°55'17.622"" W","25°28'54.757"" N",0090,5926,2037,1645,2017,1625,1644,cabecera_municipal
25,Sinaloa,014,Rosario,0000,Total del Municipio,,,,52345,18695,14817,18538,14660,14812,total
25,Sinaloa,014,Rosario,0001,El Rosario,"105°51'13.524"" W","22°59'27.147"" N",0030,17097,5895,4736,5803,4644,4733,cabecera_municipal
25,Sinaloa,015,Salvador Alvarado,0000,Total del Municipio,,,,79492,29058,23229,29008,23179,23218,total
25,Sinaloa,015,Salvador Alvarado,0001,Guamúchil,"108°04'50.520"" W","25°27'25.200"" N",0049,65215,23596,19090,23551,19045,19079,cabecera_municipal
25,Sinaloa,016,San Ignacio,0000,Total del Municipio,,,,19505,8278,5554,8193,5469,5548,total
25,Sinaloa,016,San Ignacio,0001,San Ignacio,"106°25'31.789"" W","23°56'24.993"" N",0148,4810,1588,1177,1578,1167,1174,cabecera_municipal
25,Sinaloa,017,Sinaloa,0000,Total del Municipio,,,,78670,27991,21078,27872,20959,21075,total
25,Sinaloa,017,Sinaloa,0001,Sinaloa de Leyva,"108°13'19.365"" W","25°49'20.540"" N",0080,5524,1850,1466,1844,1460,1466,cabecera_municipal
25,Sinaloa,018,Navolato,0000,Total del Municipio,,,,149122,47522,37692,47363,37533,37648,total
25,Sinaloa,018,Navolato,0001,Navolato,"107°41'48.337"" W","24°46'01.988"" N",0012,30796,10024,8538,9967,8481,8535,cabecera_municipal
26,Sonora,000,Total de la entidad Sonora,0000,Total de la Entidad,,,,2944840,1079104,876826,1038513,836235,876333,total
26,Sonora,001,Aconchi,0000,Total del Municipio,,,,2563,1113,790,1110,787,790,total
26,Sonora,001,Aconchi,0001,Aconchi,"110°13'42.787"" W","29°49'33.141"" N",0607,1650,753,528,750,525,528,cabecera_municipal
26,Sonora,002,Agua Prieta,0000,Total del Municipio,,,,91929,33485,27092,30971,24578,27072,total
26,Sonora,002,Agua Prieta,0001,Agua Prieta,"109°32'46.865"" W","31°19'40.135"" N",1219,91029,32952,26784,30455,24287,26765,cabecera_municipal
26,Sonora,003,Alamos,0000,Total del Municipio,,,,24976,10065,7135,10029,7099,7133,total
26,Sonora,003,Alamos,0001,Álamos,"108°56'05.733"" W","27°01'26.580"" N",0376,10961,3989,2986,3960,2957,2984,cabecera_municipal
26,Sonora,004,Altar,0000,Total del Municipio,,,,9492,3644,2668,3546,2570,2665,total
26,Sonora,004,Altar,0001,Altar,"111°50'00.859"" W","30°42'48.020"" N",0418,8439,3113,2339,3020,2246,2336,cabecera_municipal
26,Sonora,005,Arivechi,0000,Total del Municipio,,,,1177,684,395,683,394,395,total
26,Sonora,005,Arivechi,0001,Arivechi,"109°11'13.531"" W","28°55'43.121"" N",0498,635,380,225,380,225,225,cabecera_municipal
26,Sonora,006,Arizpe,0000,Total del Municipio,,,,2788,1555,968,1548,961,968,total
26,Sonora,006,Arizpe,0001,Arizpe,"110°10'00.511"" W","30°20'10.434"" N",0839,1666,847,564,846,563,564,cabecera_municipal
26,Sonora,007,Atil,0000,Total del Municipio,,,,626,295,191,295,191,191,total
26,Sonora,007,Atil,0001,Atil,"111°35'02.010"" W","30°50'38.360"" N",0567,612,284,183,284,183,183,cabecera_municipal
26,Sonora,008,Bacadéhuachi,0000,Total del Municipio,,,,979,540,346,540,346,346,total
26,Sonora,008,Bacadéhuachi,0001,Bacadéhuachi,"109°08'26.683"" W","29°48'32.665"" N",0686,979,540,346,540,346,346,cabecera_municipal
26,Sonora,009,Bacanora,0000,Total del Municipio,,,,759,491,262,483,254,261,total
26,Sonora,009,Bacanora,0001,Bacanora,"109°24'01.445"" W","28°59'02.625"" N",0445,498,293,169,291,167,168,cabecera_municipal
26,Sonora,010,Bacerac,0000,Total del Municipio,,,,1221,636,380,630,374,380,total
26,Sonora,010,Bacerac,0001,Bacerac,"108°55'47.277"" W","30°21'19.000"" N",1027,1019,511,317,505,311,317,cabecera_municipal
26,Sonora,011,Bacoachi,0000,Total del Municipio,,,,1475,842,516,831,505,516,total
26,Sonora,011,Bacoachi,0001,Bacoachi,"109°58'08.427"" W","30°37'58.938"" N",1048,1036,542,350,531,339,350,cabecera_municipal
26,Sonora,012,Bácum,0000,Total del Municipio,,,,23151,7811,6407,7759,6355,6404,total
26,Sonora,012,Bácum,0001,Bácum,"110°04'57.629"" W","27°33'02.082"" N",0026,4326,1545,1250,1533,1238,1250,cabecera_municipal
26,Sonora,013,Banámichi,0000,Total del Municipio,,,,1825,811,565,779,533,565,total
26,Sonora,013,Banámichi,0001,Banámichi,"110°12'55.990"" W","30°00'27.992"" N",0679,1417,626,435,594,403,435,cabecera_municipal
26,Sonora,014,Baviácora,0000,Total del Municipio,,,,3191,1626,1041,1619,1034,1040,total
26,Sonora,014,Baviácora,0001,Baviácora,"110°09'54.188"" W","29°42'54.846"" N",0560,1761,870,552,869,551,552,cabecera_municipal
26,Sonora,015,Bavispe,0000,Total del Municipio,,,,1169,624,387,624,387,387,total
26,Sonora,015,Bavispe,0001,Bavispe,"108°56'27.683"" W","30°28'48.444"" N",1001,674,303,213,303,213,213,cabecera_municipal
26,Sonora,016,Benjamín Hill,0000,Total del Municipio,,,,4988,2095,1544,2013,1462,1543,total
26,Sonora,016,Benjamín Hill,0001,Benjamín Hill,"111°07'04.518"" W","30°10'01.787"" N",0710,4837,1991,1480,1914,1403,1479,cabecera_municipal
26,Sonora,017,Caborca,0000,Total del Municipio,,,,89122,33572,26335,32507,25270,26298,total
26,Sonora,017,Caborca,0001,Heroica Caborca,"112°08'54.077"" W","30°42'50.666"" N",0283,67604,25377,20460,24463,19546,20450,cabecera_municipal
26,Sonora,018,Cajeme,0000,Total del Municipio,,,,436484,162966,135744,160519,133297,135701,total
26,Sonora,018,Cajeme,0001,Ciudad Obregón,"109°55'57.778"" W","27°29'47.360"" N",0036,329404,125084,104231,122915,102062,104199,cabecera_municipal
26,Sonora,019,Cananea,0000,Total del Municipio,,,,39451,14538,11594,13995,11051,11588,total
26,Sonora,019,Cananea,0001,Heroica Ciudad de Cananea,"110°18'06.017"" W","30°58'57.550"" N",1620,38113,13857,11180,13327,10650,11174,cabecera_municipal
26,Sonora,020,Carbó,0000,Total del Municipio,,,,4946,1761,1402,1753,1394,1401,total
26,Sonora,020,Carbó,0001,Carbó,"110°57'15.953"" W","29°41'04.879"" N",0465,4483,1509,1246,1505,1242,1246,cabecera_municipal
26,Sonora,021,La Colorada,0000,Total del Municipio,,,,1848,1197,683,1189,675,682,total
26,Sonora,021,La Colorada,0001,La Colorada,"110°34'50.395"" W","28°48'10.483"" N",0382,394,216,126,216,126,126,cabecera_municipal
26,Sonora,022,Cucurpe,0000,Total del Municipio,,,,863,533,315,532,314,315,total
26,Sonora,022,Cucurpe,0001,Cucurpe,"110°42'21.192"" W","30°19'45.091"" N",0855,595,315,198,315,198,198,cabecera_municipal
26,Sonora,023,Cumpas,0000,Total del Municipio,,,,5829,2851,1861,2793,1803,1861,total
26,Sonora,023,Cumpas,0001,Cumpas,"109°46'56.989"" W","29°59'36.829"" N",0739,2934,1344,905,1311,872,905,cabecera_municipal
26,Sonora,024,Divisaderos,0000,Total del Municipio,,,,753,408,242,407,241,242,total
26,Sonora,024,Divisaderos,0001,Divisaderos,"109°28'14.416"" W","29°36'54.250"" N",0679,753,408,242,407,241,242,cabecera_municipal
26,Sonora,025,Empalme,0000,Total del Municipio,,,,51431,18765,14807,18625,14667,14798,total
26,Sonora,025,Empalme,0001,Empalme,"110°48'57.576"" W","27°57'27.381"" N",0005,38886,14759,11700,14650,11591,11698,cabecera_municipal
26,Sonora,026,Etchojoa,0000,Total del Municipio,,,,61309,18543,15534,18462,15453,15532,total
26,Sonora,026,Etchojoa,0001,Etchojoa,"109°37'31.000"" W","26°54'39.000"" N",0012,9831,3132,2586,3120,2574,2585,cabecera_municipal
26,Sonora,027,Fronteras,0000,Total del Municipio,,,,9041,3509,2697,3451,2639,2697,total
26,Sonora,027,Fronteras,0001,Fronteras,"109°33'36.028"" W","30°53'53.685"" N",1130,806,393,268,392,267,268,cabecera_municipal
26,Sonora,028,Granados,0000,Total del Municipio,,,,1009,530,342,528,340,342,total
26,Sonora,028,Granados,0001,Granados,"109°18'37.880"" W","29°51'44.256"" N",0534,1009,530,342,528,340,342,cabecera_municipal
26,Sonora,029,Guaymas,0000,Total del Municipio,,,,156863,61162,47136,60109,46083,47102,total
26,Sonora,029,Guaymas,0001,Heroica Guaymas,"110°53'22.001"" W","27°55'23.695"" N",0003,117253,44585,36519,43830,35764,36507,cabecera_municipal
26,Sonora,030,Hermosillo,0000,Total del Municipio,,,,936263,326410,278712,308417,260719,278550,total
26,Sonora,030,Hermosillo,0001,Hermosillo,"110°57'30.469"" W","29°04'29.610"" N",0200,855563,295706,258273,279336,241903,258183,cabecera_municipal
26,Sonora,031,Huachinera,0000,Total del Municipio,,,,1186,628,395,624,391,395,total
26,Sonora,031,Huachinera,0001,Huachinera,"108°57'31.738"" W","30°12'41.336"" N",1120,810,421,271,421,271,271,cabecera_municipal
26,Sonora,032,Huásabas,0000,Total del Municipio,,,,888,533,299,532,298,299,total
26,Sonora,032,Huásabas,0001,Huásabas,"109°18'05.290"" W","29°54'15.077"" N",0542,865,518,291,517,290,291,cabecera_municipal
26,Sonora,033,Huatabampo,0000,Total del Municipio,,,,77682,27486,21446,27359,21319,21432,total
26,Sonora,033,Huatabampo,0001,Huatabampo,"109°38'38.952"" W","26°49'36.829"" N",0009,30324,10428,8807,10370,8749,8799,cabecera_municipal
26,Sonora,034,Huépac,0000,Total del Municipio,,,,943,608,328,607,327,328,total
26,Sonora,034,Huépac,0001,Huépac,"110°12'49.375"" W","29°54'40.569"" N",0641,685,438,242,438,242,242,cabecera_municipal
26,Sonora,035,Imuris,0000,Total del Municipio,,,,12536,5104,3553,4746,3195,3544,total
26,Sonora,035,Imuris,0001,Imuris,"110°51'41.539"" W","30°46'38.387"" N",0842,6924,2650,2008,2457,1815,2004,cabecera_municipal
26,Sonora,036,Magdalena,0000,Total del Municipio,,,,33049,12327,9868,11928,9469,9864,total
26,Sonora,036,Magdalena,0001,Magdalena de Kino,"110°58'09.856"" W","30°37'49.280"" N",0747,30429,11178,9070,10816,8708,9068,cabecera_municipal
26,Sonora,037,Mazatán,0000,Total del Municipio,,,,1101,662,402,657,397,402,total
26,Sonora,037,Mazatán,0001,Mazatán,"110°08'24.795"" W","29°00'12.085"" N",0542,1058,634,380,632,378,380,cabecera_municipal
26,Sonora,038,Moctezuma,0000,Total del Municipio,,,,5173,2367,1725,2295,1653,1725,total
26,Sonora,038,Moctezuma,0001,Moctezuma,"109°40'49.212"" W","29°48'07.847"" N",0621,4787,2173,1600,2102,1529,1600,cabecera_municipal
26,Sonora,039,Naco,0000,Total del Municipio,,,,5774,2496,1698,2453,1655,1697,total
26,Sonora,039,Naco,0001,Naco,"109°56'53.275"" W","31°19'53.570"" N",1408,5485,2337,1599,2295,1557,1598,cabecera_municipal
26,Sonora,040,Nácori Chico,0000,Total del Municipio,,,,1531,850,502,849,501,502,total
26,Sonora,040,Nácori Chico,0001,Nácori Chico,"108°58'42.939"" W","29°41'10.769"" N",0821,816,443,261,442,260,261,cabecera_municipal
26,Sonora,041,Nacozari de García,0000,Total del Municipio,,,,14369,5801,4351,5457,4007,4344,total
26,Sonora,041,Nacozari de García,0001,Nacozari de García,"109°41'11.293"" W","30°22'25.401"" N",1087,12987,4805,3919,4508,3622,3916,cabecera_municipal
26,Sonora,042,Navojoa,0000,Total del Municipio,,,,164387,58284,46935,57600,46251,46918,total
26,Sonora,042,Navojoa,0001,Navojoa,"109°26'43.966"" W","27°04'53.751"" N",0040,120926,43703,35245,43106,34648,35229,cabecera_municipal
26,Sonora,043,Nogales,0000,Total del Municipio,,,,264782,90150,78396,83272,71518,78358,total
26,Sonora,043,Nogales,0001,Heroica Nogales,"110°56'44.681"" W","31°19'33.251"" N",1173,261137,88986,77625,82214,70853,77593,cabecera_municipal
26,Sonora,044,Onavas,0000,Total del Municipio,,,,365,193,120,186,113,120,total
26,Sonora,044,Onavas,0001,Ónavas,"109°31'46.266"" W","28°27'37.941"" N",0174,350,177,111,175,109,111,cabecera_municipal
26,Sonora,045,Opodepe,0000,Total del Municipio,,,,2438,1236,828,1209,801,828,total
26,Sonora,045,Opodepe,0001,Opodepe,"110°37'51.914"" W","29°55'36.084"" N",0652,295,218,109,218,109,109,cabecera_municipal
26,Sonora,046,Oquitoa,0000,Total del Municipio,,,,496,216,156,215,155,156,total
26,Sonora,046,Oquitoa,0001,Oquitoa,"111°44'05.345"" W","30°44'31.394"" N",0480,474,200,146,199,145,146,cabecera_municipal
26,Sonora,047,Pitiquito,0000,Total del Municipio,,,,9122,3621,2770,3567,2716,2768,total
26,Sonora,047,Pitiquito,0001,Pitiquito,"112°03'14.131"" W","30°40'33.585"" N",0319,5139,1873,1514,1847,1488,1514,cabecera_municipal
26,Sonora,048,Puerto Peñasco,0000,Total del Municipio,,,,62689,29702,19189,28919,18406,19176,total
26,Sonora,048,Puerto Peñasco,0001,Puerto Peñasco,"113°32'24.471"" W","31°18'24.411"" N",0004,62301,27162,19030,26394,18262,19021,cabecera_municipal
26,Sonora,049,Quiriego,0000,Total del Municipio,,,,3090,1435,934,1431,930,933,total
26,Sonora,049,Quiriego,0001,Quiriego,"109°15'04.426"" W","27°31'13.756"" N",0201,1299,500,355,496,351,354,cabecera_municipal
26,Sonora,050,Rayón,0000,Total del Municipio,,,,1496,917,540,917,540,540,total
26,Sonora,050,Rayón,0001,Rayón,"110°34'24.616"" W","29°42'52.123"" N",0540,1301,768,457,768,457,457,cabecera_municipal
26,Sonora,051,Rosario,0000,Total del Municipio,,,,4830,2264,1508,2254,1498,1508,total
26,Sonora,051,Rosario,0001,Rosario,"109°22'14.772"" W","27°50'26.373"" N",0425,2927,1199,877,1193,871,877,cabecera_municipal
26,Sonora,052,Sahuaripa,0000,Total del Municipio,,,,5257,2752,1746,2728,1722,1746,total
26,Sonora,052,Sahuaripa,0001,Sahuaripa,"109°14'00.134"" W","29°03'22.790"" N",0429,3600,1679,1152,1668,1141,1152,cabecera_municipal
26,Sonora,053,San Felipe de Jesús,0000,Total del Municipio,,,,369,290,126,288,124,126,total
26,Sonora,053,San Felipe de Jesús,0001,San Felipe de Jesús,"110°14'27.809"" W","29°51'31.047"" N",0607,366,281,124,279,122,124,cabecera_municipal
26,Sonora,054,San Javier,0000,Total del Municipio,,,,537,229,156,227,154,156,total
26,Sonora,054,San Javier,0001,San Javier,"109°44'22.058"" W","28°35'43.018"" N",0747,523,219,149,217,147,149,cabecera_municipal
26,Sonora,055,San Luis Río Colorado,0000,Total del Municipio,,,,199021,72402,59733,68842,56173,59692,total
26,Sonora,055,San Luis Río Colorado,0001,San Luis Río Colorado,"114°46'46.648"" W","32°28'47.392"" N",0040,176685,64208,53486,60945,50223,53449,cabecera_municipal
26,Sonora,056,San Miguel de Horcasitas,0000,Total del Municipio,,,,10729,3533,2787,3426,2680,2785,total
26,Sonora,056,San Miguel de Horcasitas,0001,San Miguel de Horcasitas,"110°43'37.788"" W","29°29'18.576"" N",0396,440,230,148,227,145,148,cabecera_municipal
26,Sonora,057,San Pedro de la Cueva,0000,Total del Municipio,,,,1458,1267,565,1249,547,565,total
26,Sonora,057,San Pedro de la Cueva,0001,San Pedro de la Cueva,"109°44'09.992"" W","29°17'11.335"" N",0347,958,752,354,750,352,354,cabecera_municipal
26,Sonora,058,Santa Ana,0000,Total del Municipio,,,,16203,6381,4936,6058,4613,4936,total
26,Sonora,058,Santa Ana,0001,Santa Ana,"111°07'15.909"" W","30°32'38.006"" N",0684,12372,4701,3774,4415,3488,3774,cabecera_municipal
26,Sonora,059,Santa Cruz,0000,Total del Municipio,,,,1835,891,558,866,533,553,total
26,Sonora,059,Santa Cruz,0001,Santa Cruz,"110°35'45.520"" W","31°13'53.528"" N",1361,846,454,274,442,262,274,cabecera_municipal
26,Sonora,060,Sáric,0000,Total del Municipio,,,,2058,1078,638,1069,629,635,total
26,Sonora,060,Sáric,0001,Sáric,"111°22'44.664"" W","31°06'09.594"" N",0778,706,316,198,311,193,197,cabecera_municipal
26,Sonora,061,Soyopa,0000,Total del Municipio,,,,1368,877,478,848,449,478,total
26,Sonora,061,Soyopa,0001,Soyopa,"109°38'04.673"" W","28°45'51.173"" N",0222,131,128,51,128,51,51,cabecera_municipal
26,Sonora,062,Suaqui Grande,0000,Total del Municipio,,,,1114,543,352,541,350,352,total
26,Sonora,062,Suaqui Grande,0001,Suaqui Grande,"109°53'17.530"" W","28°23'43.971"" N",0240,1074,503,333,503,333,333,cabecera_municipal
26,Sonora,063,Tepache,0000,Total del Municipio,,,,1178,778,398,776,396,398,total
26,Sonora,063,Tepache,0001,Tepache,"109°31'56.543"" W","29°32'03.835"" N",0599,1128,746,380,744,378,380,cabecera_municipal
26,Sonora,064,Trincheras,0000,Total del Municipio,,,,1381,700,481,696,477,481,total
26,Sonora,064,Trincheras,0001,Trincheras,"111°31'53.337"" W","30°23'55.035"" N",0499,929,443,315,443,315,315,cabecera_municipal
26,Sonora,065,Tubutama,0000,Total del Municipio,,,,1473,739,487,733,481,487,total
26,Sonora,065,Tubutama,0001,Tubutama,"111°27'57.037"" W","30°53'05.475"" N",0644,217,169,92,169,92,92,cabecera_municipal
26,Sonora,066,Ures,0000,Total del Municipio,,,,8548,4334,2947,4250,2863,2944,total
26,Sonora,066,Ures,0001,Heroica Ciudad de Ures,"110°23'22.497"" W","29°25'41.076"" N",0377,3619,1669,1195,1650,1176,1194,cabecera_municipal
26,Sonora,067,Villa Hidalgo,0000,Total del Municipio,,,,1429,865,494,865,494,494,total
26,Sonora,067,Villa Hidalgo,0001,Villa Hidalgo,"109°19'11.530"" W","30°09'47.182"" N",0637,1183,699,413,699,413,413,cabecera_municipal
26,Sonora,068,Villa Pesqueira,0000,Total del Municipio,,,,1043,664,379,659,374,379,total
26,Sonora,068,Villa Pesqueira,0001,Villa Pesqueira (Mátape),"109°58'08.074"" W","29°07'05.942"" N",0728,483,352,174,351,173,174,cabecera_municipal
26,Sonora,069,Yécora,0000,Total del Municipio,,,,4793,2658,1524,2632,1498,1523,total
26,Sonora,069,Yécora,0001,Yécora,"108°55'33.260"" W","28°22'21.701"" N",1535,2453,1232,759,1215,742,758,cabecera_municipal
26,Sonora,070,General Plutarco Elías Calles,0000,Total del Municipio,,,,13627,6469,4096,6411,4038,4091,total
26,Sonora,070,General Plutarco Elías Calles,0001,Sonoyta,"112°51'26.197"" W","31°51'59.025"" N",0387,11440,5298,3464,5243,3409,3459,cabecera_municipal
26,Sonora,071,Benito Juárez,0000,Total del Municipio,,,,21692,7097,5986,6960,5849,5986,total
26,Sonora,071,Benito Juárez,0001,Villa Juárez,"109°50'33.264"" W","27°07'40.116"" N",0018,13153,4485,3736,4424,3675,3736,cabecera_municipal
26,Sonora,072,San Ignacio Río Muerto,0000,Total del Municipio,,,,14279,4615,3925,4565,3875,3924,total
26,Sonora,072,San Ignacio Río Muerto,0001,San Ignacio Río Muerto,"110°14'29.451"" W","27°24'41.094"" N",0010,8135,2599,2255,2558,2214,2254,cabecera_municipal
27,Tabasco,000,Total de la entidad Tabasco,0000,Total de la Entidad,,,,2402598,826800,669414,813854,656468,669303,total
27,Tabasco,001,Balancán,0000,Total del Municipio,,,,58524,22460,17037,22420,16997,17034,total
27,Tabasco,001,Balancán,0001,Balancán," 91°32'01.846"" W","17°48'01.422"" N",0012,13944,6019,4235,5998,4214,4234,cabecera_municipal
27,Tabasco,002,Cárdenas,0000,Total del Municipio,,,,243229,84713,67278,84656,67221,67269,total
27,Tabasco,002,Cárdenas,0001,Cárdenas," 93°22'36.680"" W","17°59'21.948"" N",0019,80454,31785,23653,31768,23636,23647,cabecera_municipal
27,Tabasco,003,Centla,0000,Total del Municipio,,,,107731,34495,28480,34422,28407,28475,total
27,Tabasco,003,Centla,0001,Frontera," 92°39'07.874"" W","18°31'48.399"" N",0002,23024,8689,6601,8668,6580,6597,cabecera_municipal
27,Tabasco,004,Centro,0000,Total del Municipio,,,,683607,248143,197683,237673,187213,197638,total
27,Tabasco,004,Centro,0001,Villahermosa," 92°55'09.898"" W","17°59'16.215"" N",0011,340060,123116,101507,114661,93052,101476,cabecera_municipal
27,Tabasco,005,Comalcalco,0000,Total del Municipio,,,,214877,70296,58320,70164,58188,58317,total
27,Tabasco,005,Comalcalco,0001,Comalcalco," 93°13'30.062"" W","18°15'57.773"" N",0007,43035,16151,12466,16090,12405,12464,cabecera_municipal
27,Tabasco,006,Cunduacán,0000,Total del Municipio,,,,137257,44811,37604,44689,37482,37599,total
27,Tabasco,006,Cunduacán,0001,Cunduacán," 93°10'27.481"" W","18°03'55.308"" N",0011,21003,7686,5914,7634,5862,5910,cabecera_municipal
27,Tabasco,007,Emiliano Zapata,0000,Total del Municipio,,,,32181,12252,9518,12220,9486,9514,total
27,Tabasco,007,Emiliano Zapata,0001,Emiliano Zapata," 91°45'54.293"" W","17°44'40.496"" N",0016,22469,8728,6738,8699,6709,6735,cabecera_municipal
27,Tabasco,008,Huimanguillo,0000,Total del Municipio,,,,190885,62848,51674,62190,51016,51669,total
27,Tabasco,008,Huimanguillo,0001,Huimanguillo," 93°23'26.769"" W","17°50'06.628"" N",0025,27182,9672,7905,9476,7709,7903,cabecera_municipal
27,Tabasco,009,Jalapa,0000,Total del Municipio,,,,37749,12760,10573,12737,10550,10571,total
27,Tabasco,009,Jalapa,0001,Jalapa," 92°48'43.817"" W","17°43'11.025"" N",0012,5001,1817,1469,1814,1466,1469,cabecera_municipal
27,Tabasco,010,Jalpa de Méndez,0000,Total del Municipio,,,,91185,27142,23707,27091,23656,23701,total
27,Tabasco,010,Jalpa de Méndez,0001,Jalpa de Méndez," 93°03'45.348"" W","18°10'36.651"" N",0003,16679,5353,4582,5349,4578,4580,cabecera_municipal
27,Tabasco,011,Jonuta,0000,Total del Municipio,,,,30798,10184,8674,10182,8672,8674,total
27,Tabasco,011,Jonuta,0001,Jonuta," 92°08'19.425"" W","18°05'26.542"" N",0003,7387,2730,2170,2728,2168,2170,cabecera_municipal
27,Tabasco,012,Macuspana,0000,Total del Municipio,,,,158601,52633,43231,52547,43145,43226,total
27,Tabasco,012,Macuspana,0001,Macuspana," 92°35'38.654"" W","17°45'23.153"" N",0000,31435,11080,9041,11075,9036,9038,cabecera_municipal
27,Tabasco,013,Nacajuca,0000,Total del Municipio,,,,150300,51899,42007,51247,41355,42007,total
27,Tabasco,013,Nacajuca,0001,Nacajuca," 93°01'12.154"" W","18°10'07.886"" N",0009,10956,3720,3108,3714,3102,3108,cabecera_municipal
27,Tabasco,014,Paraíso,0000,Total del Municipio,,,,96741,32946,26545,32606,26205,26541,total
27,Tabasco,014,Paraíso,0001,Paraíso," 93°12'51.253"" W","18°23'44.772"" N",0007,25555,10341,7445,10190,7294,7442,cabecera_municipal
27,Tabasco,015,Tacotalpa,0000,Total del Municipio,,,,47905,15924,12769,15906,12751,12765,total
27,Tabasco,015,Tacotalpa,0001,Tacotalpa," 92°49'34.622"" W","17°35'30.453"" N",0020,7710,2453,2115,2450,2112,2113,cabecera_municipal
27,Tabasco,016,Teapa,0000,Total del Municipio,,,,58718,19244,16168,19091,16015,16166,total
27,Tabasco,016,Teapa,0001,Teapa," 92°57'10.780"" W","17°32'53.824"" N",0042,29068,9758,8282,9656,8180,8281,cabecera_municipal
27,Tabasco,017,Tenosique,0000,Total del Municipio,,,,62310,24050,18146,24013,18109,18137,total
27,Tabasco,017,Tenosique,0001,Tenosique de Pino Suárez," 91°25'33.412"" W","17°28'38.979"" N",0023,34946,14154,10336,14126,10308,10327,cabecera_municipal
28,Tamaulipas,000,Total de la entidad Tamaulipas,0000,Total de la Entidad,,,,3527735,1336750,1069380,1281767,1014397,1069121,total
28,Tamaulipas,001,Abasolo,0000,Total del Municipio,,,,9822,4573,3085,4518,3030,3085,total
28,Tamaulipas,001,Abasolo,0001,Abasolo," 98°22'27.404"" W","24°03'39.012"" N",0070,5255,2308,1637,2273,1602,1637,cabecera_municipal
28,Tamaulipas,002,Aldama,0000,Total del Municipio,,,,28725,12799,9165,12635,9001,9164,total
28,Tamaulipas,002,Aldama,0001,Aldama," 98°04'25.367"" W","22°55'09.502"" N",0128,14334,5858,4456,5762,4360,4455,cabecera_municipal
28,Tamaulipas,003,Altamira,0000,Total del Municipio,,,,269790,107981,80914,104058,76991,80906,total
28,Tamaulipas,003,Altamira,0001,Altamira," 97°56'12.073"" W","22°23'29.591"" N",0010,79824,32842,24028,31821,23007,24026,cabecera_municipal
28,Tamaulipas,004,Antiguo Morelos,0000,Total del Municipio,,,,8850,3569,2785,3509,2725,2785,total
28,Tamaulipas,004,Antiguo Morelos,0001,Antiguo Morelos," 99°05'01.022"" W","22°32'57.912"" N",0209,3488,1360,1081,1310,1031,1081,cabecera_municipal
28,Tamaulipas,005,Burgos,0000,Total del Municipio,,,,4256,2311,1420,2308,1417,1419,total
28,Tamaulipas,005,Burgos,0001,Burgos," 98°47'56.436"" W","24°56'47.903"" N",0165,1726,774,530,772,528,530,cabecera_municipal
28,Tamaulipas,006,Bustamante,0000,Total del Municipio,,,,7542,2450,1877,2425,1852,1877,total
28,Tamaulipas,006,Bustamante,0001,Bustamante," 99°45'28.109"" W","23°26'07.718"" N",1686,1441,550,397,544,391,397,cabecera_municipal
28,Tamaulipas,007,Camargo,0000,Total del Municipio,,,,16546,8440,6369,8437,6366,6367,total
28,Tamaulipas,007,Camargo,0001,Ciudad Camargo," 98°50'09.559"" W","26°19'00.206"" N",0050,9373,4326,3493,4326,3493,3493,cabecera_municipal
28,Tamaulipas,008,Casas,0000,Total del Municipio,,,,4143,1685,1204,1655,1174,1203,total
28,Tamaulipas,008,Casas,0001,Casas," 98°44'16.231"" W","23°43'37.682"" N",0151,780,319,222,307,210,222,cabecera_municipal
28,Tamaulipas,009,Ciudad Madero,0000,Total del Municipio,,,,205933,75722,65658,71975,61911,65647,total
28,Tamaulipas,009,Ciudad Madero,0001,Ciudad Madero," 97°50'13.200"" W","22°14'46.603"" N",0015,205933,75722,65658,71975,61911,65647,cabecera_municipal
28,Tamaulipas,010,Cruillas,0000,Total del Municipio,,,,1671,1101,569,1093,561,569,total
28,Tamaulipas,010,Cruillas,0001,Cruillas," 98°32'04.352"" W","24°45'18.615"" N",0225,802,425,252,417,244,252,cabecera_municipal
28,Tamaulipas,011,Gómez Farías,0000,Total del Municipio,,,,8288,3465,2607,3442,2584,2606,total
28,Tamaulipas,011,Gómez Farías,0036,Gómez Farías," 99°09'19.847"" W","23°02'49.572"" N",0387,854,317,247,315,245,246,cabecera_municipal
28,Tamaulipas,012,González,0000,Total del Municipio,,,,41470,15913,12334,15647,12068,12331,total
28,Tamaulipas,012,González,0001,González," 98°25'33.488"" W","22°49'38.384"" N",0087,10993,4179,3297,4132,3250,3297,cabecera_municipal
28,Tamaulipas,013,Güémez,0000,Total del Municipio,,,,15032,6166,4579,6091,4504,4578,total
28,Tamaulipas,013,Güémez,0001,Güémez," 99°00'29.987"" W","23°55'08.907"" N",0167,1731,755,512,747,504,511,cabecera_municipal
28,Tamaulipas,014,Guerrero,0000,Total del Municipio,,,,3803,2062,1912,2060,1910,1911,total
28,Tamaulipas,014,Guerrero,0001,Nueva Ciudad Guerrero," 99°13'39.468"" W","26°33'58.864"" N",0111,3451,1734,1591,1732,1589,1590,cabecera_municipal
28,Tamaulipas,015,Gustavo Díaz Ordaz,0000,Total del Municipio,,,,15677,6747,4932,6562,4747,4931,total
28,Tamaulipas,015,Gustavo Díaz Ordaz,0001,Ciudad Gustavo Díaz Ordaz," 98°35'25.015"" W","26°14'02.280"" N",0039,12067,4918,3771,4752,3605,3770,cabecera_municipal
28,Tamaulipas,016,Hidalgo,0000,Total del Municipio,,,,17012,8886,5488,8820,5422,5483,total
28,Tamaulipas,016,Hidalgo,0001,Hidalgo," 99°26'17.000"" W","24°14'49.000"" N",0329,3294,1681,1103,1647,1069,1102,cabecera_municipal
28,Tamaulipas,017,Jaumave,0000,Total del Municipio,,,,15994,5713,4400,5616,4303,4399,total
28,Tamaulipas,017,Jaumave,0001,Jaumave," 99°22'32.430"" W","23°24'18.433"" N",0742,6286,2238,1697,2173,1632,1697,cabecera_municipal
28,Tamaulipas,018,Jiménez,0000,Total del Municipio,,,,6375,3109,2002,3080,1973,2002,total
28,Tamaulipas,018,Jiménez,0001,Santander Jiménez," 98°29'08.536"" W","24°12'52.176"" N",0107,4368,2000,1372,1989,1361,1372,cabecera_municipal
28,Tamaulipas,019,Llera,0000,Total del Municipio,,,,14645,6953,4745,6887,4679,4745,total
28,Tamaulipas,019,Llera,0001,Llera de Canales," 99°01'25.069"" W","23°19'08.256"" N",0268,3679,1770,1220,1726,1176,1220,cabecera_municipal
28,Tamaulipas,020,Mainero,0000,Total del Municipio,,,,2048,1175,690,1172,687,690,total
28,Tamaulipas,020,Mainero,0001,Villa Mainero," 99°36'45.677"" W","24°33'32.543"" N",0473,338,256,119,256,119,119,cabecera_municipal
28,Tamaulipas,021,El Mante,0000,Total del Municipio,,,,106144,45162,34655,43998,33491,34650,total
28,Tamaulipas,021,El Mante,0001,Ciudad Mante," 98°58'18.185"" W","22°44'38.397"" N",0090,79515,33435,26111,32351,25027,26108,cabecera_municipal
28,Tamaulipas,022,Matamoros,0000,Total del Municipio,,,,541979,195499,159609,186252,150362,159564,total
28,Tamaulipas,022,Matamoros,0001,Heroica Matamoros," 97°30'17.361"" W","25°52'47.695"" N",0009,510739,180290,150262,171233,141205,150228,cabecera_municipal
28,Tamaulipas,023,Méndez,0000,Total del Municipio,,,,4280,2273,1400,2262,1389,1400,total
28,Tamaulipas,023,Méndez,0001,Méndez," 98°35'10.382"" W","25°06'59.573"" N",0081,989,499,305,498,304,305,cabecera_municipal
28,Tamaulipas,024,Mier,0000,Total del Municipio,,,,6385,3390,2983,3387,2980,2982,total
28,Tamaulipas,024,Mier,0001,Mier," 99°08'55.299"" W","26°25'49.693"" N",0062,6061,3233,2840,3230,2837,2839,cabecera_municipal
28,Tamaulipas,025,Miguel Alemán,0000,Total del Municipio,,,,26237,12213,11567,12141,11495,11567,total
28,Tamaulipas,025,Miguel Alemán,0001,Ciudad Miguel Alemán," 99°01'33.993"" W","26°24'03.664"" N",0057,18592,8813,8401,8770,8358,8401,cabecera_municipal
28,Tamaulipas,026,Miquihuana,0000,Total del Municipio,,,,3704,1498,1006,1496,1004,1005,total
28,Tamaulipas,026,Miquihuana,0001,Miquihuana," 99°45'15.110"" W","23°34'26.221"" N",1845,1775,755,492,754,491,491,cabecera_municipal
28,Tamaulipas,027,Nuevo Laredo,0000,Total del Municipio,,,,425058,143080,120335,132635,109890,120296,total
28,Tamaulipas,027,Nuevo Laredo,0001,Nuevo Laredo," 99°30'30.574"" W","27°29'10.649"" N",0126,416055,139396,117802,129042,107448,117764,cabecera_municipal
28,Tamaulipas,028,Nuevo Morelos,0000,Total del Municipio,,,,3810,1556,1134,1556,1134,1134,total
28,Tamaulipas,028,Nuevo Morelos,0001,Nuevo Morelos," 99°13'16.798"" W","22°32'04.094"" N",0264,2758,1038,811,1038,811,811,cabecera_municipal
28,Tamaulipas,029,Ocampo,0000,Total del Municipio,,,,13190,5260,4003,5255,3998,4003,total
28,Tamaulipas,029,Ocampo,0001,Ocampo," 99°20'09.686"" W","22°50'42.145"" N",0347,5456,2254,1677,2253,1676,1677,cabecera_municipal
28,Tamaulipas,030,Padilla,0000,Total del Municipio,,,,13618,5332,4120,5241,4029,4116,total
28,Tamaulipas,030,Padilla,0001,Nueva Villa de Padilla," 98°54'01.059"" W","24°02'55.675"" N",0149,5531,2041,1627,1992,1578,1626,cabecera_municipal
28,Tamaulipas,031,Palmillas,0000,Total del Municipio,,,,1917,966,597,963,594,595,total
28,Tamaulipas,031,Palmillas,0001,Palmillas," 99°32'51.142"" W","23°18'06.333"" N",1263,1200,642,370,640,368,369,cabecera_municipal
28,Tamaulipas,032,Reynosa,0000,Total del Municipio,,,,704767,275570,216245,263789,204464,216207,total
28,Tamaulipas,032,Reynosa,0001,Reynosa," 98°16'41.265"" W","26°05'32.460"" N",0032,691557,269700,212612,257966,200878,212576,cabecera_municipal
28,Tamaulipas,033,Río Bravo,0000,Total del Municipio,,,,132484,47952,38910,45369,36327,38901,total
28,Tamaulipas,033,Río Bravo,0001,Ciudad Río Bravo," 98°05'24.498"" W","25°58'51.587"" N",0028,111314,39263,32847,37251,30835,32842,cabecera_municipal
28,Tamaulipas,034,San Carlos,0000,Total del Municipio,,,,7411,3444,2365,3426,2347,2364,total
28,Tamaulipas,034,San Carlos,0001,San Carlos," 98°56'37.086"" W","24°34'54.385"" N",0445,1282,623,399,609,385,398,cabecera_municipal
28,Tamaulipas,035,San Fernando,0000,Total del Municipio,,,,51405,21779,15533,21156,14910,15531,total
28,Tamaulipas,035,San Fernando,0001,San Fernando," 98°09'34.635"" W","24°50'55.241"" N",0052,28215,11471,8449,10939,7917,8447,cabecera_municipal
28,Tamaulipas,036,San Nicolás,0000,Total del Municipio,,,,926,490,279,489,278,279,total
28,Tamaulipas,036,San Nicolás,0001,San Nicolás," 98°49'43.483"" W","24°41'37.106"" N",0685,84,64,27,64,27,27,cabecera_municipal
28,Tamaulipas,037,Soto la Marina,0000,Total del Municipio,,,,23673,10465,7718,10246,7499,7710,total
28,Tamaulipas,037,Soto la Marina,0001,Soto la Marina," 98°12'22.284"" W","23°46'01.339"" N",0014,11311,4352,3562,4198,3408,3556,cabecera_municipal
28,Tamaulipas,038,Tampico,0000,Total del Municipio,,,,297562,109591,93870,105453,89732,93833,total
28,Tamaulipas,038,Tampico,0001,Tampico," 97°51'30.192"" W","22°12'57.817"" N",0009,297373,109494,93799,105371,89676,93762,cabecera_municipal
28,Tamaulipas,039,Tula,0000,Total del Municipio,,,,28230,10749,7777,10671,7699,7774,total
28,Tamaulipas,039,Tula,0001,Ciudad Tula," 99°42'46.792"" W","22°59'48.757"" N",1162,10977,4203,3001,4151,2949,2998,cabecera_municipal
28,Tamaulipas,040,Valle Hermoso,0000,Total del Municipio,,,,60055,22976,18130,22379,17533,18129,total
28,Tamaulipas,040,Valle Hermoso,0001,Valle Hermoso," 97°48'44.835"" W","25°40'25.679"" N",0016,48172,17815,14480,17412,14077,14479,cabecera_municipal
28,Tamaulipas,041,Victoria,0000,Total del Municipio,,,,349688,124897,101678,119885,96666,101652,total
28,Tamaulipas,041,Victoria,0001,Ciudad Victoria," 99°09'04.501"" W","23°43'51.791"" N",0323,332100,118207,96687,113227,91707,96661,cabecera_municipal
28,Tamaulipas,042,Villagrán,0000,Total del Municipio,,,,5361,2466,1685,2449,1668,1685,total
28,Tamaulipas,042,Villagrán,0001,Villagrán," 99°29'17.198"" W","24°28'23.488"" N",0372,1244,573,385,571,383,385,cabecera_municipal
28,Tamaulipas,043,Xicoténcatl,0000,Total del Municipio,,,,22229,9322,7046,9279,7003,7046,total
28,Tamaulipas,043,Xicoténcatl,0001,Xicoténcatl," 98°56'44.438"" W","22°59'48.378"" N",0092,10327,4328,3251,4304,3227,3251,cabecera_municipal
29,Tlaxcala,000,Total de la entidad Tlaxcala,0000,Total de la Entidad,,,,1342977,424275,341656,409271,326652,341577,total
29,Tlaxcala,001,Amaxac de Guerrero,0000,Total del Municipio,,,,11403,3767,3010,3733,2976,3009,total
29,Tlaxcala,001,Amaxac de Guerrero,0001,Amaxac de Guerrero," 98°10'10.450"" W","19°21'01.029"" N",2299,10417,3436,2740,3403,2707,2739,cabecera_municipal
29,Tlaxcala,002,Apetatitlán de Antonio Carvajal,0000,Total del Municipio,,,,16003,4990,4234,4630,3874,4232,total
29,Tlaxcala,002,Apetatitlán de Antonio Carvajal,0001,Apetatitlán," 98°11'48.558"" W","19°19'56.137"" N",2264,4161,1352,1118,1268,1034,1116,cabecera_municipal
29,Tlaxcala,003,Atlangatepec,0000,Total del Municipio,,,,7087,2541,1908,2534,1901,1907,total
29,Tlaxcala,003,Atlangatepec,0001,Atlangatepec," 98°12'30.724"" W","19°31'56.342"" N",2507,550,232,156,232,156,156,cabecera_municipal
29,Tlaxcala,004,Atltzayanca,0000,Total del Municipio,,,,18111,5434,4536,5420,4522,4535,total
29,Tlaxcala,004,Atltzayanca,0001,Atlzayanca," 97°47'47.515"" W","19°25'52.911"" N",2599,4387,1378,1125,1376,1123,1124,cabecera_municipal
29,Tlaxcala,005,Apizaco,0000,Total del Municipio,,,,80725,28836,22607,28009,21780,22595,total
29,Tlaxcala,005,Apizaco,0001,Ciudad de Apizaco," 98°08'26.202"" W","19°24'58.805"" N",2415,47632,17584,13884,17053,13353,13876,cabecera_municipal
29,Tlaxcala,006,Calpulalpan,0000,Total del Municipio,,,,51172,15018,12870,14419,12271,12870,total
29,Tlaxcala,006,Calpulalpan,0001,Heroica Ciudad de Calpulalpan," 98°34'13.712"" W","19°35'18.693"" N",2591,37704,11089,9565,10608,9084,9565,cabecera_municipal
29,Tlaxcala,007,El Carmen Tequexquitla,0000,Total del Municipio,,,,17332,5235,4163,5132,4060,4163,total
29,Tlaxcala,007,El Carmen Tequexquitla,0001,Villa de El Carmen Tequexquitla," 97°39'32.973"" W","19°19'28.510"" N",2370,14004,4223,3336,4132,3245,3336,cabecera_municipal
29,Tlaxcala,008,Cuapiaxtla,0000,Total del Municipio,,,,16222,4619,3875,4567,3823,3875,total
29,Tlaxcala,008,Cuapiaxtla,0001,Cuapiaxtla," 97°46'09.751"" W","19°17'47.978"" N",2452,10070,2918,2434,2877,2393,2434,cabecera_municipal
29,Tlaxcala,009,Cuaxomulco,0000,Total del Municipio,,,,5928,1965,1521,1963,1519,1521,total
29,Tlaxcala,009,Cuaxomulco,0001,Cuaxomulco," 98°06'11.240"" W","19°21'20.906"" N",2417,3213,1091,855,1089,853,855,cabecera_municipal
29,Tlaxcala,010,Chiautempan,0000,Total del Municipio,,,,73215,22233,18706,21171,17644,18701,total
29,Tlaxcala,010,Chiautempan,0001,Santa Ana Chiautempan," 98°11'34.661"" W","19°18'50.328"" N",2290,53373,16277,13841,15751,13315,13837,cabecera_municipal
29,Tlaxcala,011,Muñoz de Domingo Arenas,0000,Total del Municipio,,,,4755,1603,1242,1555,1194,1242,total
29,Tlaxcala,011,Muñoz de Domingo Arenas,0001,Muñoz," 98°12'31.989"" W","19°28'33.779"" N",2490,2477,842,668,809,635,668,cabecera_municipal
29,Tlaxcala,012,Españita,0000,Total del Municipio,,,,9416,3692,2446,3681,2435,2445,total
29,Tlaxcala,012,Españita,0001,Españita," 98°25'25.704"" W","19°27'44.278"" N",2647,3119,1141,774,1138,771,774,cabecera_municipal
29,Tlaxcala,013,Huamantla,0000,Total del Municipio,,,,98764,28544,23998,27720,23174,23989,total
29,Tlaxcala,013,Huamantla,0001,Huamantla," 97°55'23.170"" W","19°18'45.575"" N",2498,59871,18327,14963,17645,14281,14954,cabecera_municipal
29,Tlaxcala,014,Hueyotlipan,0000,Total del Municipio,,,,15190,5322,3861,5315,3854,3861,total
29,Tlaxcala,014,Hueyotlipan,0001,Hueyotlipan," 98°20'54.593"" W","19°28'11.957"" N",2567,5910,1947,1493,1945,1491,1493,cabecera_municipal
29,Tlaxcala,015,Ixtacuixtla de Mariano Matamoros,0000,Total del Municipio,,,,38970,13028,10170,12941,10083,10169,total
29,Tlaxcala,015,Ixtacuixtla de Mariano Matamoros,0001,Villa Mariano Matamoros," 98°22'37.614"" W","19°19'35.925"" N",2233,6946,2633,1939,2628,1934,1939,cabecera_municipal
29,Tlaxcala,016,Ixtenco,0000,Total del Municipio,,,,7504,2831,1970,2810,1949,1970,total
29,Tlaxcala,016,Ixtenco,0001,Ixtenco," 97°53'42.400"" W","19°15'04.119"" N",2499,7436,2812,1955,2791,1934,1955,cabecera_municipal
29,Tlaxcala,017,Mazatecochco de José María Morelos,0000,Total del Municipio,,,,11592,2967,2519,2834,2386,2519,total
29,Tlaxcala,017,Mazatecochco de José María Morelos,0001,Mazatecochco," 98°11'26.446"" W","19°10'47.013"" N",2307,11580,2962,2516,2829,2383,2516,cabecera_municipal
29,Tlaxcala,018,Contla de Juan Cuamatzi,0000,Total del Municipio,,,,38579,10870,9297,10635,9062,9297,total
29,Tlaxcala,018,Contla de Juan Cuamatzi,0001,Contla," 98°10'04.463"" W","19°20'04.264"" N",2313,30417,8448,7223,8254,7029,7223,cabecera_municipal
29,Tlaxcala,019,Tepetitla de Lardizábal,0000,Total del Municipio,,,,22274,7197,5695,6930,5428,5694,total
29,Tlaxcala,019,Tepetitla de Lardizábal,0001,Tepetitla," 98°22'55.232"" W","19°16'03.108"" N",2226,9606,2976,2402,2918,2344,2402,cabecera_municipal
29,Tlaxcala,020,Sanctórum de Lázaro Cárdenas,0000,Total del Municipio,,,,9432,2979,2385,2932,2338,2385,total
29,Tlaxcala,020,Sanctórum de Lázaro Cárdenas,0001,Sanctórum," 98°28'19.348"" W","19°29'33.737"" N",2741,5259,1612,1272,1600,1260,1272,cabecera_municipal
29,Tlaxcala,021,Nanacamilpa de Mariano Arista,0000,Total del Municipio,,,,18686,6031,4795,5905,4669,4795,total
29,Tlaxcala,021,Nanacamilpa de Mariano Arista,0001,Ciudad de Nanacamilpa," 98°32'10.833"" W","19°29'35.376"" N",2719,13401,4360,3457,4246,3343,3457,cabecera_municipal
29,Tlaxcala,022,Acuamanala de Miguel Hidalgo,0000,Total del Municipio,,,,6432,1772,1515,1766,1509,1515,total
29,Tlaxcala,022,Acuamanala de Miguel Hidalgo,0001,Acuamanala," 98°12'02.927"" W","19°13'28.829"" N",2301,1911,550,456,549,455,456,cabecera_municipal
29,Tlaxcala,023,Natívitas,0000,Total del Municipio,,,,26309,8076,6420,7902,6246,6418,total
29,Tlaxcala,023,Natívitas,0001,Natívitas," 98°18'54.699"" W","19°14'04.230"" N",2202,1583,497,403,488,394,403,cabecera_municipal
29,Tlaxcala,024,Panotla,0000,Total del Municipio,,,,28357,9860,7680,9385,7205,7677,total
29,Tlaxcala,024,Panotla,0001,Panotla," 98°16'02.039"" W","19°18'54.465"" N",2241,8696,2564,2235,2407,2078,2233,cabecera_municipal
29,Tlaxcala,025,San Pablo del Monte,0000,Total del Municipio,,,,82688,20708,18316,20299,17907,18312,total
29,Tlaxcala,025,San Pablo del Monte,0001,Ciudad de San Pablo del Monte," 98°10'13.497"" W","19°07'11.056"" N",2291,70224,17184,15225,16862,14903,15221,cabecera_municipal
29,Tlaxcala,026,Santa Cruz Tlaxcala,0000,Total del Municipio,,,,24116,9425,6542,9218,6335,6542,total
29,Tlaxcala,026,Santa Cruz Tlaxcala,0001,Santa Cruz Tlaxcala," 98°09'01.367"" W","19°21'20.863"" N",2323,5845,2118,1661,2089,1632,1661,cabecera_municipal
29,Tlaxcala,027,Tenancingo,0000,Total del Municipio,,,,12974,3580,2910,3550,2880,2908,total
29,Tlaxcala,027,Tenancingo,0001,Tenancingo," 98°12'09.108"" W","19°08'51.928"" N",2261,12892,3552,2889,3522,2859,2887,cabecera_municipal
29,Tlaxcala,028,Teolocholco,0000,Total del Municipio,,,,25257,7105,5783,7085,5763,5783,total
29,Tlaxcala,028,Teolocholco,0001,Teolocholco," 98°11'32.465"" W","19°14'39.820"" N",2322,19147,5353,4355,5339,4341,4355,cabecera_municipal
29,Tlaxcala,029,Tepeyanco,0000,Total del Municipio,,,,13328,4074,3254,4048,3228,3254,total
29,Tlaxcala,029,Tepeyanco,0001,Tepeyanco," 98°14'09.727"" W","19°14'44.042"" N",2247,3613,1104,904,1096,896,904,cabecera_municipal
29,Tlaxcala,030,Terrenate,0000,Total del Municipio,,,,15475,4655,3774,4642,3761,3773,total
29,Tlaxcala,030,Terrenate,0001,Terrenate," 97°55'08.777"" W","19°28'38.775"" N",2682,5643,1716,1364,1715,1363,1364,cabecera_municipal
29,Tlaxcala,031,Tetla de la Solidaridad,0000,Total del Municipio,,,,35284,12723,9514,12518,9309,9514,total
29,Tlaxcala,031,Tetla de la Solidaridad,0001,Tetla," 98°06'14.588"" W","19°26'29.096"" N",2445,17480,6816,4861,6741,4786,4861,cabecera_municipal
29,Tlaxcala,032,Tetlatlahuca,0000,Total del Municipio,,,,13561,4029,3362,3957,3290,3362,total
29,Tlaxcala,032,Tetlatlahuca,0001,Tetlatlahuca," 98°17'44.622"" W","19°13'53.902"" N",2196,4618,1299,1095,1277,1073,1095,cabecera_municipal
29,Tlaxcala,033,Tlaxcala,0000,Total del Municipio,,,,99896,36702,28873,35313,27484,28855,total
29,Tlaxcala,033,Tlaxcala,0001,Tlaxcala de Xicohténcatl," 98°14'15.505"" W","19°18'59.590"" N",2228,13555,5027,3935,4798,3706,3931,cabecera_municipal
29,Tlaxcala,034,Tlaxco,0000,Total del Municipio,,,,45438,15301,11842,15173,11714,11840,total
29,Tlaxcala,034,Tlaxco,0001,Tlaxco," 98°07'09.124"" W","19°36'53.602"" N",2546,17978,6202,4824,6088,4710,4824,cabecera_municipal
29,Tlaxcala,035,Tocatlán,0000,Total del Municipio,,,,6294,1724,1464,1724,1464,1464,total
29,Tlaxcala,035,Tocatlán,0001,Tocatlán," 98°01'54.952"" W","19°23'25.627"" N",2558,6230,1698,1447,1698,1447,1447,cabecera_municipal
29,Tlaxcala,036,Totolac,0000,Total del Municipio,,,,22529,7134,5921,6903,5690,5920,total
29,Tlaxcala,036,Totolac,0001,San Juan Totolac," 98°15'30.288"" W","19°19'32.319"" N",2244,7584,2290,1891,2248,1849,1890,cabecera_municipal
29,Tlaxcala,037,Ziltlaltépec de Trinidad Sánchez Santos,0000,Total del Municipio,,,,9207,3144,2235,2990,2081,2235,total
29,Tlaxcala,037,Ziltlaltépec de Trinidad Sánchez Santos,0001,Zitlaltépec," 97°54'31.523"" W","19°12'17.027"" N",2558,6926,2469,1695,2323,1549,1695,cabecera_municipal
29,Tlaxcala,038,Tzompantepec,0000,Total del Municipio,,,,18006,7222,5079,7045,4902,5078,total
29,Tlaxcala,038,Tzompantepec,0001,Tzompantepec," 98°05'28.217"" W","19°22'33.824"" N",2462,2102,737,576,721,560,576,cabecera_municipal
29,Tlaxcala,039,Xaloztoc,0000,Total del Municipio,,,,25607,7214,5994,7201,5981,5993,total
29,Tlaxcala,039,Xaloztoc,0001,Xaloztoc," 98°02'55.763"" W","19°24'15.049"" N",2506,11838,3411,2743,3404,2736,2743,cabecera_municipal
29,Tlaxcala,040,Xaltocan,0000,Total del Municipio,,,,10601,3994,2961,3842,2809,2961,total
29,Tlaxcala,040,Xaltocan,0001,Xaltocan," 98°12'38.336"" W","19°25'25.712"" N",2446,1328,495,364,491,360,364,cabecera_municipal
29,Tlaxcala,041,Papalotla de Xicohténcatl,0000,Total del Municipio,,,,33499,9953,8350,9888,8285,8349,total
29,Tlaxcala,041,Papalotla de Xicohténcatl,0001,Papalotla," 98°12'16.511"" W","19°10'11.469"" N",2246,28657,8709,7272,8646,7209,7271,cabecera_municipal
29,Tlaxcala,042,Xicohtzinco,0000,Total del Municipio,,,,14197,4224,3634,4131,3541,3633,total
29,Tlaxcala,042,Xicohtzinco,0001,Xicohtzinco," 98°14'01.400"" W","19°10'30.122"" N",2202,14197,4224,3634,4131,3541,3633,cabecera_municipal
29,Tlaxcala,043,Yauhquemehcan,0000,Total del Municipio,,,,42242,15421,12050,14545,11174,12047,total
29,Tlaxcala,043,Yauhquemehcan,0001,San Dionisio Yauhquemehcan," 98°11'02.439"" W","19°24'18.036"" N",2433,4544,1580,1252,1540,1212,1251,cabecera_municipal
29,Tlaxcala,044,Zacatelco,0000,Total del Municipio,,,,45717,14048,11368,13697,11017,11364,total
29,Tlaxcala,044,Zacatelco,0001,Zacatelco," 98°14'24.815"" W","19°12'58.140"" N",2215,45587,14003,11337,13652,10986,11333,cabecera_municipal
29,Tlaxcala,045,Benito Juárez,0000,Total del Municipio,,,,6211,1826,1541,1806,1521,1541,total
29,Tlaxcala,045,Benito Juárez,0001,Benito Juárez," 98°25'34.887"" W","19°35'04.249"" N",2534,6185,1816,1533,1796,1513,1533,cabecera_municipal
29,Tlaxcala,046,Emiliano Zapata,0000,Total del Municipio,,,,4951,1496,1240,1493,1237,1240,total
29,Tlaxcala,046,Emiliano Zapata,0001,Emiliano Zapata," 97°55'01.922"" W","19°33'31.701"" N",2903,3364,950,800,947,797,800,cabecera_municipal
29,Tlaxcala,047,Lázaro Cárdenas,0000,Total del Municipio,,,,3534,1151,910,1147,906,910,total
29,Tlaxcala,047,Lázaro Cárdenas,0001,Lázaro Cárdenas," 97°58'59.486"" W","19°32'19.550"" N",2525,3117,1022,813,1018,809,813,cabecera_municipal
29,Tlaxcala,048,La Magdalena Tlaltelulco,0000,Total del Municipio,,,,19036,5279,4614,1060,395,4614,total
29,Tlaxcala,048,La Magdalena Tlaltelulco,0001,La Magdalena Tlaltelulco," 98°11'41.862"" W","19°16'38.478"" N",2328,19036,5279,4614,1060,395,4614,cabecera_municipal
29,Tlaxcala,049,San Damián Texóloc,0000,Total del Municipio,,,,5884,1779,1479,1768,1468,1479,total
29,Tlaxcala,049,San Damián Texóloc,0001,San Damián Texóloc," 98°17'04.646"" W","19°16'42.354"" N",2261,5832,1764,1466,1753,1455,1466,cabecera_municipal
29,Tlaxcala,050,San Francisco Tetlanohcan,0000,Total del Municipio,,,,11761,3462,2747,3298,2583,2746,total
29,Tlaxcala,050,San Francisco Tetlanohcan,0001,San Francisco Tetlanohcan," 98°09'48.781"" W","19°15'36.282"" N",2427,11746,3455,2743,3291,2579,2742,cabecera_municipal
29,Tlaxcala,051,San Jerónimo Zacualpan,0000,Total del Municipio,,,,4092,1265,1038,1255,1028,1038,total
29,Tlaxcala,051,San Jerónimo Zacualpan,0001,San Jerónimo Zacualpan," 98°15'45.422"" W","19°14'30.163"" N",2201,4061,1260,1033,1251,1024,1033,cabecera_municipal
29,Tlaxcala,052,San José Teacalco,0000,Total del Municipio,,,,6436,1752,1399,1737,1384,1399,total
29,Tlaxcala,052,San José Teacalco,0001,San José Teacalco," 98°03'51.923"" W","19°20'08.535"" N",2605,6178,1650,1329,1635,1314,1329,cabecera_municipal
29,Tlaxcala,053,San Juan Huactzinco,0000,Total del Municipio,,,,7688,2016,1714,1885,1583,1714,total
29,Tlaxcala,053,San Juan Huactzinco,0001,San Juan Huactzinco," 98°15'01.082"" W","19°14'16.604"" N",2223,7679,2013,1712,1882,1581,1712,cabecera_municipal
29,Tlaxcala,054,San Lorenzo Axocomanitla,0000,Total del Municipio,,,,5689,1604,1332,1581,1309,1332,total
29,Tlaxcala,054,San Lorenzo Axocomanitla,0001,San Lorenzo Axocomanitla," 98°14'55.946"" W","19°13'30.805"" N",2210,5684,1603,1331,1580,1308,1331,cabecera_municipal
29,Tlaxcala,055,San Lucas Tecopilco,0000,Total del Municipio,,,,3077,1025,786,1022,783,786,total
29,Tlaxcala,055,San Lucas Tecopilco,0001,San Lucas Tecopilco," 98°15'23.552"" W","19°29'05.961"" N",2581,2892,967,740,964,737,740,cabecera_municipal
29,Tlaxcala,056,Santa Ana Nopalucan,0000,Total del Municipio,,,,7952,2237,1888,2166,1817,1888,total
29,Tlaxcala,056,Santa Ana Nopalucan,0001,Santa Ana Nopalucan," 98°20'03.081"" W","19°17'59.408"" N",2220,7951,2232,1887,2161,1816,1887,cabecera_municipal
29,Tlaxcala,057,Santa Apolonia Teacalco,0000,Total del Municipio,,,,4636,1377,1136,1339,1098,1136,total
29,Tlaxcala,057,Santa Apolonia Teacalco,0001,Santa Apolonia Teacalco," 98°18'31.209"" W","19°14'13.806"" N",2189,4624,1375,1134,1337,1096,1134,cabecera_municipal
29,Tlaxcala,058,Santa Catarina Ayometla,0000,Total del Municipio,,,,9463,2631,2220,2560,2149,2220,total
29,Tlaxcala,058,Santa Catarina Ayometla,0001,Santa Catarina Ayometla," 98°12'51.906"" W","19°11'59.708"" N",2260,9458,2627,2217,2556,2146,2217,cabecera_municipal
29,Tlaxcala,059,Santa Cruz Quilehtla,0000,Total del Municipio,,,,7750,2019,1722,1946,1649,1722,total
29,Tlaxcala,059,Santa Cruz Quilehtla,0001,Santa Cruz Quilehtla," 98°13'19.264"" W","19°12'47.447"" N",2245,5557,1502,1262,1437,1197,1262,cabecera_municipal
29,Tlaxcala,060,Santa Isabel Xiloxoxtla,0000,Total del Municipio,,,,5443,1566,1241,1550,1225,1241,total
29,Tlaxcala,060,Santa Isabel Xiloxoxtla,0001,Santa Isabel Xiloxoxtla," 98°12'48.809"" W","19°16'05.032"" N",2284,5443,1566,1241,1550,1225,1241,cabecera_municipal
30,Veracruz de Ignacio de la Llave,000,Total de la entidad Veracruz de Ignacio de la Llave,0000,Total de la Entidad,,,,8062579,3013239,2391262,2908695,2286718,2390726,total
30,Veracruz de Ignacio de la Llave,001,Acajete,0000,Total del Municipio,,,,9701,3256,2630,3214,2588,2630,total
30,Veracruz de Ignacio de la Llave,001,Acajete,0001,Acajete," 97°00'37.633"" W","19°35'13.108"" N",2019,1810,612,491,586,465,491,cabecera_municipal
30,Veracruz de Ignacio de la Llave,002,Acatlán,0000,Total del Municipio,,,,3441,1164,863,1163,862,863,total
30,Veracruz de Ignacio de la Llave,002,Acatlán,0001,Acatlán," 96°50'31.829"" W","19°41'48.927"" N",1739,3253,1106,818,1105,817,818,cabecera_municipal
30,Veracruz de Ignacio de la Llave,003,Acayucan,0000,Total del Municipio,,,,80815,29657,23832,28692,22867,23823,total
30,Veracruz de Ignacio de la Llave,003,Acayucan,0001,Acayucan," 94°54'49.935"" W","17°56'55.761"" N",0101,48567,17898,14593,17159,13854,14587,cabecera_municipal
30,Veracruz de Ignacio de la Llave,004,Actopan,0000,Total del Municipio,,,,41742,17854,13456,17489,13091,13456,total
30,Veracruz de Ignacio de la Llave,004,Actopan,0001,Actopan," 96°37'00.773"" W","19°30'14.584"" N",0245,4607,1780,1418,1750,1388,1418,cabecera_municipal
30,Veracruz de Ignacio de la Llave,005,Acula,0000,Total del Municipio,,,,5253,2032,1704,1965,1637,1704,total
30,Veracruz de Ignacio de la Llave,005,Acula,0001,Acula," 95°46'28.502"" W","18°30'21.710"" N",0015,2761,1051,884,1009,842,884,cabecera_municipal
30,Veracruz de Ignacio de la Llave,006,Acultzingo,0000,Total del Municipio,,,,23100,7284,5991,7281,5988,5990,total
30,Veracruz de Ignacio de la Llave,006,Acultzingo,0001,Acultzingo," 97°18'10.214"" W","18°43'07.546"" N",1659,7773,2300,1912,2297,1909,1911,cabecera_municipal
30,Veracruz de Ignacio de la Llave,007,Camarón de Tejeda,0000,Total del Municipio,,,,6538,2267,1930,2185,1848,1930,total
30,Veracruz de Ignacio de la Llave,007,Camarón de Tejeda,0001,Camarón de Tejeda," 96°36'53.912"" W","19°01'16.229"" N",0332,2280,891,725,839,673,725,cabecera_municipal
30,Veracruz de Ignacio de la Llave,008,Alpatláhuac,0000,Total del Municipio,,,,10338,3191,2514,3052,2375,2513,total
30,Veracruz de Ignacio de la Llave,008,Alpatláhuac,0001,Alpatláhuac," 97°05'35.347"" W","19°07'11.823"" N",1846,1295,402,327,385,310,327,cabecera_municipal
30,Veracruz de Ignacio de la Llave,009,Alto Lucero de Gutiérrez Barrios,0000,Total del Municipio,,,,28184,11864,8830,11510,8476,8829,total
30,Veracruz de Ignacio de la Llave,009,Alto Lucero de Gutiérrez Barrios,0001,Alto Lucero," 96°44'01.030"" W","19°37'24.689"" N",1111,5238,2019,1531,1970,1482,1531,cabecera_municipal
30,Veracruz de Ignacio de la Llave,010,Altotonga,0000,Total del Municipio,,,,64234,21708,16708,21646,16646,16706,total
30,Veracruz de Ignacio de la Llave,010,Altotonga,0001,Altotonga," 97°14'43.894"" W","19°45'58.136"" N",1881,21640,8034,6021,7991,5978,6019,cabecera_municipal
30,Veracruz de Ignacio de la Llave,011,Alvarado,0000,Total del Municipio,,,,57035,26243,18446,25978,18181,18444,total
30,Veracruz de Ignacio de la Llave,011,Alvarado,0001,Alvarado," 95°45'50.145"" W","18°46'27.399"" N",0006,20797,8918,6858,8901,6841,6858,cabecera_municipal
30,Veracruz de Ignacio de la Llave,012,Amatitlán,0000,Total del Municipio,,,,7866,3349,2732,3273,2656,2732,total
30,Veracruz de Ignacio de la Llave,012,Amatitlán,0001,Amatitlán," 95°43'59.806"" W","18°25'56.438"" N",0000,1314,609,487,584,462,487,cabecera_municipal
30,Veracruz de Ignacio de la Llave,013,Naranjos Amatlán,0000,Total del Municipio,,,,26843,10405,8369,9926,7890,8369,total
30,Veracruz de Ignacio de la Llave,013,Naranjos Amatlán,0001,Naranjos," 97°41'10.506"" W","21°20'48.849"" N",0041,19272,7375,6046,7036,5707,6046,cabecera_municipal
30,Veracruz de Ignacio de la Llave,014,Amatlán de los Reyes,0000,Total del Municipio,,,,46955,17602,13305,17587,13290,13302,total
30,Veracruz de Ignacio de la Llave,014,Amatlán de los Reyes,0001,Amatlán de los Reyes," 96°54'55.742"" W","18°50'51.282"" N",0742,10888,3952,3103,3951,3102,3103,cabecera_municipal
30,Veracruz de Ignacio de la Llave,015,Angel R. Cabada,0000,Total del Municipio,,,,33839,13994,10876,13508,10390,10876,total
30,Veracruz de Ignacio de la Llave,015,Angel R. Cabada,0001,Ángel R. Cabada," 95°26'33.811"" W","18°35'43.734"" N",0021,13225,5601,4366,5368,4133,4366,cabecera_municipal
30,Veracruz de Ignacio de la Llave,016,La Antigua,0000,Total del Municipio,,,,28682,12356,9177,12209,9030,9174,total
30,Veracruz de Ignacio de la Llave,016,La Antigua,0001,José Cardel," 96°22'17.002"" W","19°22'00.589"" N",0020,20165,8364,6467,8293,6396,6464,cabecera_municipal
30,Veracruz de Ignacio de la Llave,017,Apazapan,0000,Total del Municipio,,,,4709,1823,1520,1589,1286,1520,total
30,Veracruz de Ignacio de la Llave,017,Apazapan,0001,Apazapan," 96°43'07.138"" W","19°19'13.521"" N",0279,833,342,291,287,236,291,cabecera_municipal
30,Veracruz de Ignacio de la Llave,018,Aquila,0000,Total del Municipio,,,,1978,631,486,590,445,486,total
30,Veracruz de Ignacio de la Llave,018,Aquila,0001,Aquila," 97°18'29.244"" W","18°47'44.647"" N",1824,916,333,241,309,217,241,cabecera_municipal
30,Veracruz de Ignacio de la Llave,019,Astacinga,0000,Total del Municipio,,,,6909,2241,1694,2240,1693,1694,total
30,Veracruz de Ignacio de la Llave,019,Astacinga,0001,Astacinga," 97°06'07.474"" W","18°34'00.588"" N",2257,966,333,248,332,247,248,cabecera_municipal
30,Veracruz de Ignacio de la Llave,020,Atlahuilco,0000,Total del Municipio,,,,11577,3284,2955,3282,2953,2954,total
30,Veracruz de Ignacio de la Llave,020,Atlahuilco,0001,Atlahuilco," 97°05'26.468"" W","18°41'50.738"" N",1739,1241,360,311,359,310,310,cabecera_municipal
30,Veracruz de Ignacio de la Llave,021,Atoyac,0000,Total del Municipio,,,,23461,8705,7094,8490,6879,7094,total
30,Veracruz de Ignacio de la Llave,021,Atoyac,0001,Atoyac," 96°46'41.786"" W","18°54'51.439"" N",0484,2809,1056,831,1034,809,831,cabecera_municipal
30,Veracruz de Ignacio de la Llave,022,Atzacan,0000,Total del Municipio,,,,22651,6731,5631,6723,5623,5630,total
30,Veracruz de Ignacio de la Llave,022,Atzacan,0001,Atzacan," 97°05'02.057"" W","18°54'25.084"" N",1283,10146,3047,2549,3041,2543,2548,cabecera_municipal
30,Veracruz de Ignacio de la Llave,023,Atzalan,0000,Total del Municipio,,,,49180,17622,14103,17100,13581,14103,total
30,Veracruz de Ignacio de la Llave,023,Atzalan,0001,Atzalan," 97°14'38.914"" W","19°47'20.673"" N",1676,2303,899,654,874,629,654,cabecera_municipal
30,Veracruz de Ignacio de la Llave,024,Tlaltetela,0000,Total del Municipio,,,,16485,5023,4274,5021,4272,4274,total
30,Veracruz de Ignacio de la Llave,024,Tlaltetela,0001,Tlaltetela," 96°54'09.308"" W","19°18'52.775"" N",0980,5686,1811,1561,1811,1561,1561,cabecera_municipal
30,Veracruz de Ignacio de la Llave,025,Ayahualulco,0000,Total del Municipio,,,,27217,8092,6424,7372,5704,6422,total
30,Veracruz de Ignacio de la Llave,025,Ayahualulco,0001,Ayahualulco," 97°08'55.692"" W","19°21'05.708"" N",2052,2823,949,719,838,608,717,cabecera_municipal
30,Veracruz de Ignacio de la Llave,026,Banderilla,0000,Total del Municipio,,,,25993,9351,7609,9144,7402,7607,total
30,Veracruz de Ignacio de la Llave,026,Banderilla,0001,Banderilla," 96°56'27.184"" W","19°35'29.784"" N",1510,22760,8131,6741,7939,6549,6740,cabecera_municipal
30,Veracruz de Ignacio de la Llave,027,Benito Juárez,0000,Total del Municipio,,,,16120,5191,4384,4814,4007,4383,total
30,Veracruz de Ignacio de la Llave,027,Benito Juárez,0001,Benito Juárez," 98°12'19.601"" W","20°53'11.619"" N",0258,1703,614,475,575,436,475,cabecera_municipal
30,Veracruz de Ignacio de la Llave,028,Boca del Río,0000,Total del Municipio,,,,144550,59184,47818,55348,43982,47796,total
30,Veracruz de Ignacio de la Llave,028,Boca del Río,0001,Boca del Río," 96°06'23.945"" W","19°06'19.580"" N",0010,9988,5194,3208,5035,3049,3206,cabecera_municipal
30,Veracruz de Ignacio de la Llave,029,Calcahualco,0000,Total del Municipio,,,,13701,3930,3095,3928,3093,3095,total
30,Veracruz de Ignacio de la Llave,029,Calcahualco,0001,Calcahualco," 97°05'06.950"" W","19°07'20.248"" N",1793,1100,376,285,374,283,285,cabecera_municipal
30,Veracruz de Ignacio de la Llave,030,Camerino Z. Mendoza,0000,Total del Municipio,,,,41835,13763,11735,12970,10942,11734,total
30,Veracruz de Ignacio de la Llave,030,Camerino Z. Mendoza,0001,Ciudad Mendoza," 97°11'04.982"" W","18°48'15.267"" N",1339,34847,12085,10195,11339,9449,10194,cabecera_municipal
30,Veracruz de Ignacio de la Llave,031,Carrillo Puerto,0000,Total del Municipio,,,,18888,6083,5048,6082,5047,5048,total
30,Veracruz de Ignacio de la Llave,031,Carrillo Puerto,0001,Tamarindo," 96°34'15.815"" W","18°47'59.609"" N",0190,1209,432,322,432,322,322,cabecera_municipal
30,Veracruz de Ignacio de la Llave,032,Catemaco,0000,Total del Municipio,,,,49451,17215,13747,16603,13135,13745,total
30,Veracruz de Ignacio de la Llave,032,Catemaco,0001,Catemaco," 95°06'44.421"" W","18°25'28.613"" N",0363,28655,9809,7975,9400,7566,7973,cabecera_municipal
30,Veracruz de Ignacio de la Llave,033,Cazones de Herrera,0000,Total del Municipio,,,,24421,9247,7043,9243,7039,7042,total
30,Veracruz de Ignacio de la Llave,033,Cazones de Herrera,0001,Cazones de Herrera," 97°18'44.354"" W","20°42'11.826"" N",0018,4773,1727,1327,1726,1326,1327,cabecera_municipal
30,Veracruz de Ignacio de la Llave,034,Cerro Azul,0000,Total del Municipio,,,,25011,9950,7804,9412,7266,7804,total
30,Veracruz de Ignacio de la Llave,034,Cerro Azul,0001,Cerro Azul," 97°44'32.347"" W","21°11'29.280"" N",0144,21318,8409,6655,7948,6194,6655,cabecera_municipal
30,Veracruz de Ignacio de la Llave,035,Citlaltépetl,0000,Total del Municipio,,,,11165,4184,3356,3823,2995,3355,total
30,Veracruz de Ignacio de la Llave,035,Citlaltépetl,0001,Citlaltépec," 97°52'45.390"" W","21°19'42.485"" N",0221,5070,1884,1528,1735,1379,1527,cabecera_municipal
30,Veracruz de Ignacio de la Llave,036,Coacoatzintla,0000,Total del Municipio,,,,11018,3720,2873,3715,2868,2873,total
30,Veracruz de Ignacio de la Llave,036,Coacoatzintla,0001,Coacoatzintla," 96°56'42.507"" W","19°39'11.182"" N",1415,7977,2698,2123,2693,2118,2123,cabecera_municipal
30,Veracruz de Ignacio de la Llave,037,Coahuitlán,0000,Total del Municipio,,,,8176,2320,1973,2235,1888,1973,total
30,Veracruz de Ignacio de la Llave,037,Coahuitlán,0001,Progreso de Zaragoza," 97°42'53.549"" W","20°16'30.222"" N",0181,2675,764,674,739,649,674,cabecera_municipal
30,Veracruz de Ignacio de la Llave,038,Coatepec,0000,Total del Municipio,,,,93911,34938,27374,34551,26987,27362,total
30,Veracruz de Ignacio de la Llave,038,Coatepec,0001,Coatepec," 96°57'36.987"" W","19°27'16.778"" N",1200,55720,20088,16412,19858,16182,16405,cabecera_municipal
30,Veracruz de Ignacio de la Llave,039,Coatzacoalcos,0000,Total del Municipio,,,,310698,132369,98227,126613,92471,98204,total
30,Veracruz de Ignacio de la Llave,039,Coatzacoalcos,0001,Coatzacoalcos," 94°27'10.805"" W","18°08'16.378"" N",0019,212540,87635,67914,82757,63036,67893,cabecera_municipal
30,Veracruz de Ignacio de la Llave,040,Coatzintla,0000,Total del Municipio,,,,55016,19211,16159,17502,14450,16157,total
30,Veracruz de Ignacio de la Llave,040,Coatzintla,0001,Coatzintla," 97°27'38.815"" W","20°28'56.508"" N",0113,34039,11363,10132,10450,9219,10130,cabecera_municipal
30,Veracruz de Ignacio de la Llave,041,Coetzala,0000,Total del Municipio,,,,2355,729,641,728,640,641,total
30,Veracruz de Ignacio de la Llave,041,Coetzala,0001,Coetzala," 96°55'00.092"" W","18°47'08.291"" N",0640,1353,470,395,470,395,395,cabecera_municipal
30,Veracruz de Ignacio de la Llave,042,Colipa,0000,Total del Municipio,,,,5743,2546,1847,2486,1787,1847,total
30,Veracruz de Ignacio de la Llave,042,Colipa,0001,Colipa," 96°43'36.228"" W","19°55'26.399"" N",0192,2482,1168,833,1137,802,833,cabecera_municipal
30,Veracruz de Ignacio de la Llave,043,Comapa,0000,Total del Municipio,,,,19876,6568,5362,6568,5362,5362,total
30,Veracruz de Ignacio de la Llave,043,Comapa,0001,Comapa," 96°53'10.433"" W","19°09'52.664"" N",1060,1393,429,345,429,345,345,cabecera_municipal
30,Veracruz de Ignacio de la Llave,044,Córdoba,0000,Total del Municipio,,,,204721,76962,61960,75357,60355,61934,total
30,Veracruz de Ignacio de la Llave,044,Córdoba,0001,Córdoba," 96°56'07.257"" W","18°53'39.782"" N",0861,139075,53455,43196,52286,42027,43175,cabecera_municipal
30,Veracruz de Ignacio de la Llave,045,Cosamaloapan de Carpio,0000,Total del Municipio,,,,54737,24166,18415,23310,17559,18411,total
30,Veracruz de Ignacio de la Llave,045,Cosamaloapan de Carpio,0001,Cosamaloapan," 95°47'46.891"" W","18°21'53.186"" N",0015,29081,13029,9907,12450,9328,9904,cabecera_municipal
30,Veracruz de Ignacio de la Llave,046,Cosautlán de Carvajal,0000,Total del Municipio,,,,16167,5446,4457,5183,4194,4457,total
30,Veracruz de Ignacio de la Llave,046,Cosautlán de Carvajal,0001,Cosautlán de Carvajal," 96°59'28.912"" W","19°19'57.517"" N",1262,4768,1643,1349,1551,1257,1349,cabecera_municipal
30,Veracruz de Ignacio de la Llave,047,Coscomatepec,0000,Total del Municipio,,,,59471,17353,14328,17345,14320,14325,total
30,Veracruz de Ignacio de la Llave,047,Coscomatepec,0001,Coscomatepec de Bravo," 97°02'47.114"" W","19°04'22.434"" N",1530,16364,5505,4360,5502,4357,4357,cabecera_municipal
30,Veracruz de Ignacio de la Llave,048,Cosoleacaque,0000,Total del Municipio,,,,130903,51398,40694,47498,36794,40691,total
30,Veracruz de Ignacio de la Llave,048,Cosoleacaque,0001,Cosoleacaque," 94°38'08.499"" W","17°59'54.942"" N",0048,22521,7695,6825,7328,6458,6824,cabecera_municipal
30,Veracruz de Ignacio de la Llave,049,Cotaxtla,0000,Total del Municipio,,,,22050,8096,6558,8068,6530,6556,total
30,Veracruz de Ignacio de la Llave,049,Cotaxtla,0001,Cotaxtla," 96°23'43.511"" W","18°50'07.893"" N",0037,1316,529,405,525,401,405,cabecera_municipal
30,Veracruz de Ignacio de la Llave,050,Coxquihui,0000,Total del Municipio,,,,16333,4511,4027,4140,3656,4025,total
30,Veracruz de Ignacio de la Llave,050,Coxquihui,0001,Coxquihui," 97°35'10.574"" W","20°11'05.054"" N",0299,4561,1276,1133,1131,988,1132,cabecera_municipal
30,Veracruz de Ignacio de la Llave,051,Coyutla,0000,Total del Municipio,,,,23096,7290,6060,7040,5810,6058,total
30,Veracruz de Ignacio de la Llave,051,Coyutla,0001,Coyutla," 97°39'27.710"" W","20°14'49.638"" N",0154,9113,2773,2355,2703,2285,2354,cabecera_municipal
30,Veracruz de Ignacio de la Llave,052,Cuichapa,0000,Total del Municipio,,,,11869,4349,3393,4346,3390,3393,total
30,Veracruz de Ignacio de la Llave,052,Cuichapa,0001,Cuichapa," 96°52'09.206"" W","18°46'24.636"" N",0569,3459,1252,970,1249,967,970,cabecera_municipal
30,Veracruz de Ignacio de la Llave,053,Cuitláhuac,0000,Total del Municipio,,,,28075,10188,8055,9984,7851,8054,total
30,Veracruz de Ignacio de la Llave,053,Cuitláhuac,0001,Cuitláhuac," 96°43'20.362"" W","18°48'52.342"" N",0371,14304,4984,4070,4868,3954,4069,cabecera_municipal
30,Veracruz de Ignacio de la Llave,054,Chacaltianguis,0000,Total del Municipio,,,,11461,4869,3998,4549,3678,3998,total
30,Veracruz de Ignacio de la Llave,054,Chacaltianguis,0001,Chacaltianguis," 95°50'29.005"" W","18°18'19.211"" N",0013,3855,1702,1403,1588,1289,1403,cabecera_municipal
30,Veracruz de Ignacio de la Llave,055,Chalma,0000,Total del Municipio,,,,13527,4830,3822,4560,3552,3821,total
30,Veracruz de Ignacio de la Llave,055,Chalma,0001,Chalma," 98°23'51.371"" W","21°12'30.208"" N",0142,2799,1071,832,1021,782,832,cabecera_municipal
30,Veracruz de Ignacio de la Llave,056,Chiconamel,0000,Total del Municipio,,,,6610,2081,1730,1952,1601,1730,total
30,Veracruz de Ignacio de la Llave,056,Chiconamel,0001,Chiconamel," 98°27'34.247"" W","21°13'50.000"" N",0131,1451,531,439,495,403,439,cabecera_municipal
30,Veracruz de Ignacio de la Llave,057,Chiconquiaco,0000,Total del Municipio,,,,13881,4510,3340,4500,3330,3339,total
30,Veracruz de Ignacio de la Llave,057,Chiconquiaco,0001,Chiconquiaco," 96°49'07.710"" W","19°44'31.546"" N",2054,3500,1122,800,1113,791,799,cabecera_municipal
30,Veracruz de Ignacio de la Llave,058,Chicontepec,0000,Total del Municipio,,,,53858,17301,15207,16202,14108,15201,total
30,Veracruz de Ignacio de la Llave,058,Chicontepec,0001,Chicontepec de Tejeda," 98°10'42.039"" W","20°58'19.110"" N",0557,4823,1869,1436,1741,1308,1434,cabecera_municipal
30,Veracruz de Ignacio de la Llave,059,Chinameca,0000,Total del Municipio,,,,22638,8379,7092,7941,6654,7092,total
30,Veracruz de Ignacio de la Llave,059,Chinameca,0001,Chinameca," 94°40'59.000"" W","18°01'04.000"" N",0040,13974,4979,4298,4770,4089,4298,cabecera_municipal
30,Veracruz de Ignacio de la Llave,060,Chinampa de Gorostiza,0000,Total del Municipio,,,,16283,5365,4670,5020,4325,4669,total
30,Veracruz de Ignacio de la Llave,060,Chinampa de Gorostiza,0001,Chinampa de Gorostiza," 97°44'07.217"" W","21°21'34.558"" N",0096,5988,1944,1657,1833,1546,1657,cabecera_municipal
30,Veracruz de Ignacio de la Llave,061,Las Choapas,0000,Total del Municipio,,,,81080,27043,22434,24966,20357,22433,total
30,Veracruz de Ignacio de la Llave,061,Las Choapas,0001,Las Choapas," 94°05'24.994"" W","17°54'33.573"" N",0006,46909,17068,13871,15521,12324,13870,cabecera_municipal
30,Veracruz de Ignacio de la Llave,062,Chocamán,0000,Total del Municipio,,,,20839,6227,5207,6223,5203,5206,total
30,Veracruz de Ignacio de la Llave,062,Chocamán,0001,Chocamán," 97°01'59.655"" W","19°00'39.136"" N",1359,11868,3586,2948,3584,2946,2947,cabecera_municipal
30,Veracruz de Ignacio de la Llave,063,Chontla,0000,Total del Municipio,,,,13359,4980,4138,4480,3638,4138,total
30,Veracruz de Ignacio de la Llave,063,Chontla,0001,Chontla," 97°55'29.747"" W","21°17'36.365"" N",0267,2298,829,686,747,604,686,cabecera_municipal
30,Veracruz de Ignacio de la Llave,064,Chumatlán,0000,Total del Municipio,,,,4008,1278,1112,1217,1051,1112,total
30,Veracruz de Ignacio de la Llave,064,Chumatlán,0001,Chumatlán," 97°35'40.691"" W","20°12'27.117"" N",0422,1703,588,509,551,472,509,cabecera_municipal
30,Veracruz de Ignacio de la Llave,065,Emiliano Zapata,0000,Total del Municipio,,,,85489,36813,27261,34850,25298,27258,total
30,Veracruz de Ignacio de la Llave,065,Emiliano Zapata,0001,Dos Ríos," 96°47'53.100"" W","19°28'59.154"" N",0941,1698,806,562,760,516,561,cabecera_municipal
30,Veracruz de Ignacio de la Llave,066,Espinal,0000,Total del Municipio,,,,26830,8869,7346,8797,7274,7344,total
30,Veracruz de Ignacio de la Llave,066,Espinal,0001,Espinal," 97°23'54.652"" W","20°15'33.942"" N",0119,3066,1081,882,1051,852,881,cabecera_municipal
30,Veracruz de Ignacio de la Llave,067,Filomeno Mata,0000,Total del Municipio,,,,19179,3917,3638,3706,3427,3638,total
30,Veracruz de Ignacio de la Llave,067,Filomeno Mata,0001,Filomeno Mata," 97°42'13.459"" W","20°12'00.887"" N",0711,15417,2999,2844,2821,2666,2844,cabecera_municipal
30,Veracruz de Ignacio de la Llave,068,Fortín,0000,Total del Municipio,,,,66372,24609,19979,23520,18890,19973,total
30,Veracruz de Ignacio de la Llave,068,Fortín,0001,Fortín de las Flores," 96°59'57.644"" W","18°54'13.187"" N",1017,21391,7831,6550,7447,6166,6547,cabecera_municipal
30,Veracruz de Ignacio de la Llave,069,Gutiérrez Zamora,0000,Total del Municipio,,,,24085,9813,7682,9455,7324,7681,total
30,Veracruz de Ignacio de la Llave,069,Gutiérrez Zamora,0001,Gutiérrez Zamora," 97°05'15.237"" W","20°27'06.956"" N",0016,13966,5675,4446,5470,4241,4445,cabecera_municipal
30,Veracruz de Ignacio de la Llave,070,Hidalgotitlán,0000,Total del Municipio,,,,18275,6146,5308,5795,4957,5308,total
30,Veracruz de Ignacio de la Llave,070,Hidalgotitlán,0001,Hidalgotitlán," 94°38'47.459"" W","17°46'15.660"" N",0020,4106,1536,1297,1442,1203,1297,cabecera_municipal
30,Veracruz de Ignacio de la Llave,071,Huatusco,0000,Total del Municipio,,,,59920,20404,16101,20369,16066,16093,total
30,Veracruz de Ignacio de la Llave,071,Huatusco,0001,Huatusco de Chicuellar," 96°58'02.459"" W","19°08'49.097"" N",1286,33402,12456,9668,12427,9639,9661,cabecera_municipal
30,Veracruz de Ignacio de la Llave,072,Huayacocotla,0000,Total del Municipio,,,,21796,9109,6137,8891,5919,6135,total
30,Veracruz de Ignacio de la Llave,072,Huayacocotla,0001,Huayacocotla," 98°28'44.947"" W","20°32'14.198"" N",2165,6113,2478,1715,2405,1642,1714,cabecera_municipal
30,Veracruz de Ignacio de la Llave,073,Hueyapan de Ocampo,0000,Total del Municipio,,,,41670,14907,12652,14060,11805,12651,total
30,Veracruz de Ignacio de la Llave,073,Hueyapan de Ocampo,0001,Hueyapan de Ocampo," 95°08'33.664"" W","18°09'06.689"" N",0039,3889,1546,1264,1419,1137,1264,cabecera_municipal
30,Veracruz de Ignacio de la Llave,074,Huiloapan de Cuauhtémoc,0000,Total del Municipio,,,,7293,2428,2018,2355,1945,2018,total
30,Veracruz de Ignacio de la Llave,074,Huiloapan de Cuauhtémoc,0001,Huiloapan de Cuauhtémoc," 97°09'21.311"" W","18°48'59.678"" N",1279,4270,1420,1181,1377,1138,1181,cabecera_municipal
30,Veracruz de Ignacio de la Llave,075,Ignacio de la Llave,0000,Total del Municipio,,,,16525,7601,5663,7599,5661,5663,total
30,Veracruz de Ignacio de la Llave,075,Ignacio de la Llave,0001,Ignacio de la Llave," 95°59'08.287"" W","18°43'27.500"" N",0005,4654,2238,1620,2237,1619,1620,cabecera_municipal
30,Veracruz de Ignacio de la Llave,076,Ilamatlán,0000,Total del Municipio,,,,13377,5289,3713,5201,3625,3712,total
30,Veracruz de Ignacio de la Llave,076,Ilamatlán,0001,Ilamatlán," 98°26'35.710"" W","20°46'51.532"" N",1158,623,322,215,321,214,215,cabecera_municipal
30,Veracruz de Ignacio de la Llave,077,Isla,0000,Total del Municipio,,,,42807,16773,13269,16032,12528,13268,total
30,Veracruz de Ignacio de la Llave,077,Isla,0001,Isla," 95°31'39.461"" W","18°01'39.050"" N",0076,25608,10279,8027,9737,7485,8026,cabecera_municipal
30,Veracruz de Ignacio de la Llave,078,Ixcatepec,0000,Total del Municipio,,,,12379,4187,3745,3817,3375,3745,total
30,Veracruz de Ignacio de la Llave,078,Ixcatepec,0001,Ixcatepec," 98°00'21.427"" W","21°14'15.484"" N",0201,4169,1320,1183,1215,1078,1183,cabecera_municipal
30,Veracruz de Ignacio de la Llave,079,Ixhuacán de los Reyes,0000,Total del Municipio,,,,11387,3982,3072,3785,2875,3071,total
30,Veracruz de Ignacio de la Llave,079,Ixhuacán de los Reyes,0001,Ixhuacán de los Reyes," 97°06'55.007"" W","19°21'21.405"" N",1781,2692,1045,774,970,699,773,cabecera_municipal
30,Veracruz de Ignacio de la Llave,080,Ixhuatlán del Café,0000,Total del Municipio,,,,23132,7079,5964,7077,5962,5964,total
30,Veracruz de Ignacio de la Llave,080,Ixhuatlán del Café,0001,Ixhuatlán del Café," 96°59'03.570"" W","19°03'04.164"" N",1341,6946,2217,1836,2216,1835,1836,cabecera_municipal
30,Veracruz de Ignacio de la Llave,081,Ixhuatlancillo,0000,Total del Municipio,,,,27295,9603,7851,9069,7317,7851,total
30,Veracruz de Ignacio de la Llave,081,Ixhuatlancillo,0001,Ixhuatlancillo," 97°08'56.165"" W","18°53'52.525"" N",1431,5182,1998,1420,1885,1307,1420,cabecera_municipal
30,Veracruz de Ignacio de la Llave,082,Ixhuatlán del Sureste,0000,Total del Municipio,,,,15831,6011,4782,5990,4761,4782,total
30,Veracruz de Ignacio de la Llave,082,Ixhuatlán del Sureste,0001,Ixhuatlán del Sureste," 94°23'37.419"" W","18°01'21.913"" N",0022,10432,3712,3123,3702,3113,3123,cabecera_municipal
30,Veracruz de Ignacio de la Llave,083,Ixhuatlán de Madero,0000,Total del Municipio,,,,50836,15888,14058,14889,13059,14055,total
30,Veracruz de Ignacio de la Llave,083,Ixhuatlán de Madero,0001,Ixhuatlán de Madero," 98°00'45.181"" W","20°41'21.772"" N",0242,1353,480,407,446,373,407,cabecera_municipal
30,Veracruz de Ignacio de la Llave,084,Ixmatlahuacan,0000,Total del Municipio,,,,5574,2541,1924,2538,1921,1924,total
30,Veracruz de Ignacio de la Llave,084,Ixmatlahuacan,0001,Ixmatlahuacan," 95°49'47.575"" W","18°26'54.847"" N",0001,1802,838,610,838,610,610,cabecera_municipal
30,Veracruz de Ignacio de la Llave,085,Ixtaczoquitlán,0000,Total del Municipio,,,,74004,23984,20868,23141,20025,20866,total
30,Veracruz de Ignacio de la Llave,085,Ixtaczoquitlán,0001,Ixtaczoquitlán," 97°03'47.042"" W","18°51'03.839"" N",1138,30131,10107,8872,9563,8328,8871,cabecera_municipal
30,Veracruz de Ignacio de la Llave,086,Jalacingo,0000,Total del Municipio,,,,46794,14007,11593,13585,11171,11590,total
30,Veracruz de Ignacio de la Llave,086,Jalacingo,0001,Jalacingo," 97°18'31.254"" W","19°48'21.478"" N",1865,15807,4588,3858,4472,3742,3855,cabecera_municipal
30,Veracruz de Ignacio de la Llave,087,Xalapa,0000,Total del Municipio,,,,488531,195268,151306,187786,143824,151258,total
30,Veracruz de Ignacio de la Llave,087,Xalapa,0001,Xalapa-Enríquez," 96°55'21.521"" W","19°31'37.505"" N",1392,443063,176186,137679,169112,130605,137632,cabecera_municipal
30,Veracruz de Ignacio de la Llave,088,Jalcomulco,0000,Total del Municipio,,,,5054,2210,1632,2208,1630,1632,total
30,Veracruz de Ignacio de la Llave,088,Jalcomulco,0001,Jalcomulco," 96°45'42.561"" W","19°19'54.068"" N",0343,3150,1392,1010,1390,1008,1010,cabecera_municipal
30,Veracruz de Ignacio de la Llave,089,Jáltipan,0000,Total del Municipio,,,,38669,14787,12270,13937,11420,12266,total
30,Veracruz de Ignacio de la Llave,089,Jáltipan,0001,Jáltipan de Morelos," 94°43'18.245"" W","17°57'57.845"" N",0070,31856,12076,10053,11359,9336,10049,cabecera_municipal
30,Veracruz de Ignacio de la Llave,090,Jamapa,0000,Total del Municipio,,,,11132,4551,3617,4540,3606,3617,total
30,Veracruz de Ignacio de la Llave,090,Jamapa,0001,Jamapa," 96°14'26.127"" W","19°02'31.295"" N",0021,4660,1884,1493,1882,1491,1493,cabecera_municipal
30,Veracruz de Ignacio de la Llave,091,Jesús Carranza,0000,Total del Municipio,,,,28524,9959,8206,9463,7710,8206,total
30,Veracruz de Ignacio de la Llave,091,Jesús Carranza,0001,Jesús Carranza," 95°01'34.509"" W","17°26'05.737"" N",0034,4405,1689,1367,1622,1300,1367,cabecera_municipal
30,Veracruz de Ignacio de la Llave,092,Xico,0000,Total del Municipio,,,,39623,12157,10250,11823,9916,10248,total
30,Veracruz de Ignacio de la Llave,092,Xico,0001,Xico," 97°00'26.038"" W","19°25'16.570"" N",1311,21585,6425,5454,6227,5256,5453,cabecera_municipal
30,Veracruz de Ignacio de la Llave,093,Jilotepec,0000,Total del Municipio,,,,16585,5859,4637,5677,4455,4634,total
30,Veracruz de Ignacio de la Llave,093,Jilotepec,0001,Jilotepec," 96°57'01.007"" W","19°36'40.694"" N",1365,4309,1327,1088,1306,1067,1088,cabecera_municipal
30,Veracruz de Ignacio de la Llave,094,Juan Rodríguez Clara,0000,Total del Municipio,,,,38367,14169,11743,13549,11123,11743,total
30,Veracruz de Ignacio de la Llave,094,Juan Rodríguez Clara,0001,Juan Rodríguez Clara," 95°24'04.874"" W","17°59'38.413"" N",0140,15512,5793,4751,5521,4479,4751,cabecera_municipal
30,Veracruz de Ignacio de la Llave,095,Juchique de Ferrer,0000,Total del Municipio,,,,15059,6527,4694,6219,4386,4694,total
30,Veracruz de Ignacio de la Llave,095,Juchique de Ferrer,0001,Juchique de Ferrer," 96°41'41.029"" W","19°50'28.180"" N",0377,2619,1019,809,962,752,809,cabecera_municipal
30,Veracruz de Ignacio de la Llave,096,Landero y Coss,0000,Total del Municipio,,,,1543,751,425,749,423,425,total
30,Veracruz de Ignacio de la Llave,096,Landero y Coss,0001,Landero y Coss," 96°51'05.716"" W","19°44'06.691"" N",2001,1117,622,319,620,317,319,cabecera_municipal
30,Veracruz de Ignacio de la Llave,097,Lerdo de Tejada,0000,Total del Municipio,,,,19123,8540,6585,8325,6370,6585,total
30,Veracruz de Ignacio de la Llave,097,Lerdo de Tejada,0001,Lerdo de Tejada," 95°31'23.599"" W","18°37'41.519"" N",0010,17727,7928,6131,7721,5924,6131,cabecera_municipal
30,Veracruz de Ignacio de la Llave,098,Magdalena,0000,Total del Municipio,,,,3299,986,856,984,854,855,total
30,Veracruz de Ignacio de la Llave,098,Magdalena,0001,Magdalena," 97°02'43.683"" W","18°45'38.122"" N",1485,854,266,225,265,224,225,cabecera_municipal
30,Veracruz de Ignacio de la Llave,099,Maltrata,0000,Total del Municipio,,,,18327,5583,4504,5432,4353,4504,total
30,Veracruz de Ignacio de la Llave,099,Maltrata,0001,Maltrata," 97°16'41.894"" W","18°48'37.443"" N",1727,13206,3857,3172,3776,3091,3172,cabecera_municipal
30,Veracruz de Ignacio de la Llave,100,Manlio Fabio Altamirano,0000,Total del Municipio,,,,23918,9290,7630,9015,7355,7630,total
30,Veracruz de Ignacio de la Llave,100,Manlio Fabio Altamirano,0001,Manlio Fabio Altamirano," 96°19'59.629"" W","19°05'39.963"" N",0049,6076,2356,1948,2253,1845,1948,cabecera_municipal
30,Veracruz de Ignacio de la Llave,101,Mariano Escobedo,0000,Total del Municipio,,,,38670,12041,10300,11579,9838,10299,total
30,Veracruz de Ignacio de la Llave,101,Mariano Escobedo,0001,Mariano Escobedo," 97°07'48.087"" W","18°54'46.388"" N",1514,3312,965,812,935,782,811,cabecera_municipal
30,Veracruz de Ignacio de la Llave,102,Martínez de la Torre,0000,Total del Municipio,,,,108842,41943,32755,41456,32268,32751,total
30,Veracruz de Ignacio de la Llave,102,Martínez de la Torre,0001,Martínez de la Torre," 97°03'13.824"" W","20°04'24.196"" N",0083,64692,24869,19576,24654,19361,19573,cabecera_municipal
30,Veracruz de Ignacio de la Llave,103,Mecatlán,0000,Total del Municipio,,,,12799,3756,3136,3615,2995,3136,total
30,Veracruz de Ignacio de la Llave,103,Mecatlán,0001,Mecatlán," 97°40'54.264"" W","20°12'38.360"" N",0857,5649,1760,1449,1691,1380,1449,cabecera_municipal
30,Veracruz de Ignacio de la Llave,104,Mecayapan,0000,Total del Municipio,,,,17134,6512,5002,6328,4818,5002,total
30,Veracruz de Ignacio de la Llave,104,Mecayapan,0001,Mecayapan," 94°50'15.515"" W","18°13'17.246"" N",0350,5770,2188,1634,2119,1565,1634,cabecera_municipal
30,Veracruz de Ignacio de la Llave,105,Medellín de Bravo,0000,Total del Municipio,,,,95202,44118,33236,43871,32989,33232,total
30,Veracruz de Ignacio de la Llave,105,Medellín de Bravo,0001,Medellín," 96°09'29.419"" W","19°03'33.266"" N",0012,2820,1162,925,1142,905,925,cabecera_municipal
30,Veracruz de Ignacio de la Llave,106,Miahuatlán,0000,Total del Municipio,,,,4841,1754,1203,1753,1202,1203,total
30,Veracruz de Ignacio de la Llave,106,Miahuatlán,0001,Miahuatlán," 96°52'11.480"" W","19°42'26.854"" N",1778,3667,1329,905,1328,904,905,cabecera_municipal
30,Veracruz de Ignacio de la Llave,107,Las Minas,0000,Total del Municipio,,,,2934,903,720,903,720,720,total
30,Veracruz de Ignacio de la Llave,107,Las Minas,0001,Las Minas," 97°08'46.021"" W","19°41'27.327"" N",1350,219,80,53,80,53,53,cabecera_municipal
30,Veracruz de Ignacio de la Llave,108,Minatitlán,0000,Total del Municipio,,,,144776,57889,44984,57325,44420,44981,total
30,Veracruz de Ignacio de la Llave,108,Minatitlán,0001,Minatitlán," 94°32'54.399"" W","17°59'27.519"" N",0017,101336,42386,32434,41900,31948,32432,cabecera_municipal
30,Veracruz de Ignacio de la Llave,109,Misantla,0000,Total del Municipio,,,,65761,25367,19527,24379,18539,19523,total
30,Veracruz de Ignacio de la Llave,109,Misantla,0001,Misantla," 96°51'09.850"" W","19°55'43.084"" N",0305,30232,11670,8936,11097,8363,8932,cabecera_municipal
30,Veracruz de Ignacio de la Llave,110,Mixtla de Altamirano,0000,Total del Municipio,,,,12125,3960,3197,3957,3194,3196,total
30,Veracruz de Ignacio de la Llave,110,Mixtla de Altamirano,0001,Mixtla de Altamirano," 96°59'33.842"" W","18°35'44.226"" N",1650,405,152,107,152,107,107,cabecera_municipal
30,Veracruz de Ignacio de la Llave,111,Moloacán,0000,Total del Municipio,,,,16493,5765,4960,5408,4603,4959,total
30,Veracruz de Ignacio de la Llave,111,Moloacán,0001,Moloacán," 94°20'49.495"" W","17°59'19.579"" N",0091,2038,757,647,737,627,647,cabecera_municipal
30,Veracruz de Ignacio de la Llave,112,Naolinco,0000,Total del Municipio,,,,22835,9660,6608,9650,6598,6605,total
30,Veracruz de Ignacio de la Llave,112,Naolinco,0001,Naolinco de Victoria," 96°52'25.232"" W","19°39'18.963"" N",1544,9554,3545,2812,3541,2808,2809,cabecera_municipal
30,Veracruz de Ignacio de la Llave,113,Naranjal,0000,Total del Municipio,,,,4614,1459,1224,1458,1223,1224,total
30,Veracruz de Ignacio de la Llave,113,Naranjal,0001,Naranjal," 96°57'40.828"" W","18°48'38.974"" N",0726,2328,747,624,746,623,624,cabecera_municipal
30,Veracruz de Ignacio de la Llave,114,Nautla,0000,Total del Municipio,,,,10130,4586,3377,4383,3174,3377,total
30,Veracruz de Ignacio de la Llave,114,Nautla,0001,Nautla," 96°46'26.930"" W","20°12'33.090"" N",0004,3311,1626,1122,1551,1047,1122,cabecera_municipal
30,Veracruz de Ignacio de la Llave,115,Nogales,0000,Total del Municipio,,,,37314,13117,10712,12334,9929,10712,total
30,Veracruz de Ignacio de la Llave,115,Nogales,0001,Nogales," 97°09'45.203"" W","18°49'21.134"" N",1290,21261,7610,6374,7141,5905,6374,cabecera_municipal
30,Veracruz de Ignacio de la Llave,116,Oluta,0000,Total del Municipio,,,,17027,5831,5039,5405,4613,5033,total
30,Veracruz de Ignacio de la Llave,116,Oluta,0001,Oluta," 94°53'48.998"" W","17°55'41.467"" N",0085,13995,4817,4176,4484,3843,4170,cabecera_municipal
30,Veracruz de Ignacio de la Llave,117,Omealca,0000,Total del Municipio,,,,23773,8174,6710,7923,6459,6710,total
30,Veracruz de Ignacio de la Llave,117,Omealca,0001,Omealca," 96°47'10.331"" W","18°44'50.299"" N",0420,3715,1324,1103,1263,1042,1103,cabecera_municipal
30,Veracruz de Ignacio de la Llave,118,Orizaba,0000,Total del Municipio,,,,123182,44044,37722,42198,35876,37690,total
30,Veracruz de Ignacio de la Llave,118,Orizaba,0001,Orizaba," 97°05'56.092"" W","18°51'03.459"" N",1219,120500,42795,36881,40950,35036,36849,cabecera_municipal
30,Veracruz de Ignacio de la Llave,119,Otatitlán,0000,Total del Municipio,,,,5651,2336,1824,2333,1821,1824,total
30,Veracruz de Ignacio de la Llave,119,Otatitlán,0001,Otatitlán," 96°02'04.468"" W","18°10'36.165"" N",0009,5060,2098,1633,2095,1630,1633,cabecera_municipal
30,Veracruz de Ignacio de la Llave,120,Oteapan,0000,Total del Municipio,,,,10343,3467,3039,3320,2892,3039,total
30,Veracruz de Ignacio de la Llave,120,Oteapan,0001,Oteapan," 94°39'59.722"" W","17°59'58.212"" N",0060,10343,3467,3039,3320,2892,3039,cabecera_municipal
30,Veracruz de Ignacio de la Llave,121,Ozuluama de Mascareñas,0000,Total del Municipio,,,,22756,9091,7156,8735,6800,7154,total
30,Veracruz de Ignacio de la Llave,121,Ozuluama de Mascareñas,0001,Ozuluama de Mascareñas," 97°51'01.823"" W","21°39'40.538"" N",0164,4317,1780,1362,1695,1277,1361,cabecera_municipal
30,Veracruz de Ignacio de la Llave,122,Pajapan,0000,Total del Municipio,,,,18051,6695,5567,6549,5421,5566,total
30,Veracruz de Ignacio de la Llave,122,Pajapan,0001,Pajapan," 94°41'30.425"" W","18°15'42.277"" N",0182,10156,3418,2984,3362,2928,2983,cabecera_municipal
30,Veracruz de Ignacio de la Llave,123,Pánuco,0000,Total del Municipio,,,,96185,34667,28379,32989,26701,28374,total
30,Veracruz de Ignacio de la Llave,123,Pánuco,0001,Pánuco," 98°10'52.699"" W","22°03'13.005"" N",0019,41588,14710,12150,13857,11297,12147,cabecera_municipal
30,Veracruz de Ignacio de la Llave,124,Papantla,0000,Total del Municipio,,,,159910,53836,45472,51862,43498,45459,total
30,Veracruz de Ignacio de la Llave,124,Papantla,0001,Papantla de Olarte," 97°19'21.897"" W","20°26'48.237"" N",0171,55452,19157,16147,18347,15337,16139,cabecera_municipal
30,Veracruz de Ignacio de la Llave,125,Paso del Macho,0000,Total del Municipio,,,,31894,11328,9130,11201,9003,9129,total
30,Veracruz de Ignacio de la Llave,125,Paso del Macho,0001,Paso del Macho," 96°43'28.240"" W","18°58'19.758"" N",0484,14582,5259,4215,5177,4133,4215,cabecera_municipal
30,Veracruz de Ignacio de la Llave,126,Paso de Ovejas,0000,Total del Municipio,,,,33442,13295,10627,12954,10286,10626,total
30,Veracruz de Ignacio de la Llave,126,Paso de Ovejas,0001,Paso de Ovejas," 96°26'18.430"" W","19°17'06.169"" N",0046,6888,2812,2166,2701,2055,2166,cabecera_municipal
30,Veracruz de Ignacio de la Llave,127,La Perla,0000,Total del Municipio,,,,28258,7659,6348,7657,6346,6348,total
30,Veracruz de Ignacio de la Llave,127,La Perla,0001,La Perla," 97°08'02.485"" W","18°55'39.429"" N",1611,4627,1311,1086,1309,1084,1086,cabecera_municipal
30,Veracruz de Ignacio de la Llave,128,Perote,0000,Total del Municipio,,,,77432,24493,19096,24468,19071,19092,total
30,Veracruz de Ignacio de la Llave,128,Perote,0001,Perote," 97°14'38.659"" W","19°33'38.352"" N",2409,42451,14362,10916,14346,10900,10914,cabecera_municipal
30,Veracruz de Ignacio de la Llave,129,Platón Sánchez,0000,Total del Municipio,,,,18053,6063,5193,5647,4777,5193,total
30,Veracruz de Ignacio de la Llave,129,Platón Sánchez,0001,Platón Sánchez," 98°22'26.923"" W","21°16'23.512"" N",0060,11233,3730,3233,3517,3020,3233,cabecera_municipal
30,Veracruz de Ignacio de la Llave,130,Playa Vicente,0000,Total del Municipio,,,,39327,15633,11598,15624,11589,11597,total
30,Veracruz de Ignacio de la Llave,130,Playa Vicente,0001,Playa Vicente," 95°48'43.404"" W","17°49'55.678"" N",0044,8969,3862,2732,3857,2727,2731,cabecera_municipal
30,Veracruz de Ignacio de la Llave,131,Poza Rica de Hidalgo,0000,Total del Municipio,,,,189457,70940,56971,66719,52750,56959,total
30,Veracruz de Ignacio de la Llave,131,Poza Rica de Hidalgo,0001,Poza Rica de Hidalgo," 97°26'36.841"" W","20°32'02.715"" N",0051,180057,66784,54180,62626,50022,54168,cabecera_municipal
30,Veracruz de Ignacio de la Llave,132,Las Vigas de Ramírez,0000,Total del Municipio,,,,20300,6293,5070,6291,5068,5070,total
30,Veracruz de Ignacio de la Llave,132,Las Vigas de Ramírez,0001,Las Vigas de Ramírez," 97°06'12.160"" W","19°38'18.527"" N",2420,9924,3150,2556,3149,2555,2556,cabecera_municipal
30,Veracruz de Ignacio de la Llave,133,Pueblo Viejo,0000,Total del Municipio,,,,57909,19341,16522,18191,15372,16522,total
30,Veracruz de Ignacio de la Llave,133,Pueblo Viejo,0001,Cd. Cuauhtémoc," 97°50'12.034"" W","22°11'01.078"" N",0003,9663,3212,2746,2989,2523,2746,cabecera_municipal
30,Veracruz de Ignacio de la Llave,134,Puente Nacional,0000,Total del Municipio,,,,23544,9493,7539,9085,7131,7536,total
30,Veracruz de Ignacio de la Llave,134,Puente Nacional,0001,Puente Nacional," 96°28'53.900"" W","19°19'38.547"" N",0081,306,135,107,131,103,106,cabecera_municipal
30,Veracruz de Ignacio de la Llave,135,Rafael Delgado,0000,Total del Municipio,,,,24127,7023,6017,6875,5869,6016,total
30,Veracruz de Ignacio de la Llave,135,Rafael Delgado,0001,Rafael Delgado," 97°04'24.375"" W","18°48'37.878"" N",1139,10298,2742,2424,2710,2392,2423,cabecera_municipal
30,Veracruz de Ignacio de la Llave,136,Rafael Lucio,0000,Total del Municipio,,,,8343,2682,2113,2677,2108,2112,total
30,Veracruz de Ignacio de la Llave,136,Rafael Lucio,0001,Rafael Lucio," 96°59'22.410"" W","19°35'35.180"" N",1820,4837,1497,1201,1494,1198,1201,cabecera_municipal
30,Veracruz de Ignacio de la Llave,137,Los Reyes,0000,Total del Municipio,,,,6308,1950,1641,1947,1638,1638,total
30,Veracruz de Ignacio de la Llave,137,Los Reyes,0001,Los Reyes," 97°02'39.327"" W","18°40'21.280"" N",1682,1105,373,291,371,289,289,cabecera_municipal
30,Veracruz de Ignacio de la Llave,138,Río Blanco,0000,Total del Municipio,,,,41795,14216,12341,13262,11387,12339,total
30,Veracruz de Ignacio de la Llave,138,Río Blanco,0001,Río Blanco," 97°08'22.290"" W","18°50'19.914"" N",1240,41785,14211,12336,13258,11383,12334,cabecera_municipal
30,Veracruz de Ignacio de la Llave,139,Saltabarranca,0000,Total del Municipio,,,,6126,2415,2057,2272,1914,2057,total
30,Veracruz de Ignacio de la Llave,139,Saltabarranca,0001,Saltabarranca," 95°31'54.764"" W","18°35'24.865"" N",0002,3454,1320,1145,1245,1070,1145,cabecera_municipal
30,Veracruz de Ignacio de la Llave,140,San Andrés Tenejapan,0000,Total del Municipio,,,,3134,832,743,831,742,743,total
30,Veracruz de Ignacio de la Llave,140,San Andrés Tenejapan,0001,San Andrés Tenejapan," 97°05'35.611"" W","18°47'19.329"" N",1167,735,207,175,207,175,175,cabecera_municipal
30,Veracruz de Ignacio de la Llave,141,San Andrés Tuxtla,0000,Total del Municipio,,,,162428,55560,44809,53291,42540,44798,total
30,Veracruz de Ignacio de la Llave,141,San Andrés Tuxtla,0001,San Andrés Tuxtla," 95°12'45.255"" W","18°26'55.206"" N",0299,64445,22634,18475,21628,17469,18466,cabecera_municipal
30,Veracruz de Ignacio de la Llave,142,San Juan Evangelista,0000,Total del Municipio,,,,32631,11761,9517,11394,9150,9517,total
30,Veracruz de Ignacio de la Llave,142,San Juan Evangelista,0001,San Juan Evangelista," 95°08'24.288"" W","17°53'09.788"" N",0027,3942,1598,1257,1529,1188,1257,cabecera_municipal
30,Veracruz de Ignacio de la Llave,143,Santiago Tuxtla,0000,Total del Municipio,,,,57085,20478,16708,19604,15834,16706,total
30,Veracruz de Ignacio de la Llave,143,Santiago Tuxtla,0001,Santiago Tuxtla," 95°18'06.313"" W","18°27'56.314"" N",0200,15733,5577,4700,5266,4389,4698,cabecera_municipal
30,Veracruz de Ignacio de la Llave,144,Sayula de Alemán,0000,Total del Municipio,,,,32400,10488,8937,10072,8521,8936,total
30,Veracruz de Ignacio de la Llave,144,Sayula de Alemán,0001,Sayula de Alemán," 94°57'36.392"" W","17°52'51.490"" N",0085,15116,4414,3931,4223,3740,3930,cabecera_municipal
30,Veracruz de Ignacio de la Llave,145,Soconusco,0000,Total del Municipio,,,,16574,5970,5009,5498,4537,5008,total
30,Veracruz de Ignacio de la Llave,145,Soconusco,0001,Soconusco," 94°52'51.783"" W","17°57'46.370"" N",0064,6317,2101,1834,1989,1722,1834,cabecera_municipal
30,Veracruz de Ignacio de la Llave,146,Sochiapa,0000,Total del Municipio,,,,3925,1172,941,1171,940,941,total
30,Veracruz de Ignacio de la Llave,146,Sochiapa,0001,Sochiapa," 96°56'26.324"" W","19°11'35.863"" N",1333,1288,375,328,374,327,328,cabecera_municipal
30,Veracruz de Ignacio de la Llave,147,Soledad Atzompa,0000,Total del Municipio,,,,24578,6352,5595,6347,5590,5595,total
30,Veracruz de Ignacio de la Llave,147,Soledad Atzompa,0001,Soledad Atzompa," 97°08'57.888"" W","18°45'19.134"" N",2088,1037,281,239,280,238,239,cabecera_municipal
30,Veracruz de Ignacio de la Llave,148,Soledad de Doblado,0000,Total del Municipio,,,,28130,10573,8505,10565,8497,8505,total
30,Veracruz de Ignacio de la Llave,148,Soledad de Doblado,0001,Soledad de Doblado," 96°25'23.841"" W","19°02'41.085"" N",0101,13716,5080,4115,5076,4111,4115,cabecera_municipal
30,Veracruz de Ignacio de la Llave,149,Soteapan,0000,Total del Municipio,,,,34385,11175,9365,10868,9058,9362,total
30,Veracruz de Ignacio de la Llave,149,Soteapan,0001,Soteapan," 94°52'21.923"" W","18°13'46.236"" N",0439,5285,1734,1522,1694,1482,1519,cabecera_municipal
30,Veracruz de Ignacio de la Llave,150,Tamalín,0000,Total del Municipio,,,,11631,4145,3524,3957,3336,3524,total
30,Veracruz de Ignacio de la Llave,150,Tamalín,0001,Tamalín," 97°48'47.628"" W","21°20'16.579"" N",0151,5595,1794,1584,1725,1515,1584,cabecera_municipal
30,Veracruz de Ignacio de la Llave,151,Tamiahua,0000,Total del Municipio,,,,21902,9368,7430,8854,6916,7430,total
30,Veracruz de Ignacio de la Llave,151,Tamiahua,0001,Tamiahua," 97°26'47.489"" W","21°16'47.071"" N",0016,4908,2076,1679,1945,1548,1679,cabecera_municipal
30,Veracruz de Ignacio de la Llave,152,Tampico Alto,0000,Total del Municipio,,,,11561,5085,3820,4830,3565,3820,total
30,Veracruz de Ignacio de la Llave,152,Tampico Alto,0001,Tampico Alto," 97°48'05.850"" W","22°06'46.966"" N",0027,2706,1081,825,1038,782,825,cabecera_municipal
30,Veracruz de Ignacio de la Llave,153,Tancoco,0000,Total del Municipio,,,,5795,2292,1831,2119,1658,1831,total
30,Veracruz de Ignacio de la Llave,153,Tancoco,0001,Tancoco," 97°47'29.109"" W","21°17'10.972"" N",0223,1438,658,490,593,425,490,cabecera_municipal
30,Veracruz de Ignacio de la Llave,154,Tantima,0000,Total del Municipio,,,,11991,4383,3688,4101,3406,3688,total
30,Veracruz de Ignacio de la Llave,154,Tantima,0001,Tantima," 97°49'59.852"" W","21°19'46.693"" N",0203,1222,467,395,439,367,395,cabecera_municipal
30,Veracruz de Ignacio de la Llave,155,Tantoyuca,0000,Total del Municipio,,,,99959,31722,27314,29763,25355,27305,total
30,Veracruz de Ignacio de la Llave,155,Tantoyuca,0001,Tantoyuca," 98°13'47.710"" W","21°21'06.531"" N",0131,33226,11017,9314,10199,8496,9311,cabecera_municipal
30,Veracruz de Ignacio de la Llave,156,Tatatila,0000,Total del Municipio,,,,6041,1993,1472,1993,1472,1472,total
30,Veracruz de Ignacio de la Llave,156,Tatatila,0001,Tatatila," 97°06'43.711"" W","19°41'36.445"" N",2059,1062,369,277,369,277,277,cabecera_municipal
30,Veracruz de Ignacio de la Llave,157,Castillo de Teayo,0000,Total del Municipio,,,,20145,6347,5623,6044,5320,5623,total
30,Veracruz de Ignacio de la Llave,157,Castillo de Teayo,0001,Castillo de Teayo," 97°37'57.898"" W","20°44'59.039"" N",0070,4716,1565,1333,1490,1258,1333,cabecera_municipal
30,Veracruz de Ignacio de la Llave,158,Tecolutla,0000,Total del Municipio,,,,24551,11333,7579,11132,7378,7569,total
30,Veracruz de Ignacio de la Llave,158,Tecolutla,0001,Tecolutla," 97°00'30.423"" W","20°28'38.613"" N",0001,5432,2579,1656,2476,1553,1649,cabecera_municipal
30,Veracruz de Ignacio de la Llave,159,Tehuipango,0000,Total del Municipio,,,,29686,6694,5694,6682,5682,5693,total
30,Veracruz de Ignacio de la Llave,159,Tehuipango,0001,Tehuipango," 97°03'22.058"" W","18°31'03.936"" N",2350,2740,607,508,604,505,507,cabecera_municipal
30,Veracruz de Ignacio de la Llave,160,Álamo Temapache,0000,Total del Municipio,,,,107270,35222,30024,34614,29416,30023,total
30,Veracruz de Ignacio de la Llave,160,Álamo Temapache,0001,Álamo," 97°40'31.913"" W","20°55'01.713"" N",0019,26236,8959,7526,8719,7286,7525,cabecera_municipal
30,Veracruz de Ignacio de la Llave,161,Tempoal,0000,Total del Municipio,,,,34408,11863,10053,11249,9439,10052,total
30,Veracruz de Ignacio de la Llave,161,Tempoal,0001,Tempoal de Sánchez," 98°23'17.251"" W","21°31'20.210"" N",0065,12494,4268,3701,4058,3491,3700,cabecera_municipal
30,Veracruz de Ignacio de la Llave,162,Tenampa,0000,Total del Municipio,,,,6448,2082,1704,2081,1703,1704,total
30,Veracruz de Ignacio de la Llave,162,Tenampa,0001,Tenampa," 96°53'05.473"" W","19°14'54.798"" N",1022,2081,688,552,688,552,552,cabecera_municipal
30,Veracruz de Ignacio de la Llave,163,Tenochtitlán,0000,Total del Municipio,,,,5040,1672,1298,1669,1295,1298,total
30,Veracruz de Ignacio de la Llave,163,Tenochtitlán,0001,Tenochtitlán," 96°54'58.917"" W","19°48'36.479"" N",0896,1985,660,517,659,516,517,cabecera_municipal
30,Veracruz de Ignacio de la Llave,164,Teocelo,0000,Total del Municipio,,,,16957,5983,4903,5781,4701,4900,total
30,Veracruz de Ignacio de la Llave,164,Teocelo,0001,Teocelo," 96°58'19.837"" W","19°23'10.502"" N",1181,10581,3504,3021,3398,2915,3019,cabecera_municipal
30,Veracruz de Ignacio de la Llave,165,Tepatlaxco,0000,Total del Municipio,,,,8925,2807,2373,2807,2373,2373,total
30,Veracruz de Ignacio de la Llave,165,Tepatlaxco,0001,Tepatlaxco," 96°50'31.339"" W","19°04'02.442"" N",0804,1321,481,367,481,367,367,cabecera_municipal
30,Veracruz de Ignacio de la Llave,166,Tepetlán,0000,Total del Municipio,,,,9405,3698,2797,3695,2794,2797,total
30,Veracruz de Ignacio de la Llave,166,Tepetlán,0001,Tepetlán," 96°47'45.552"" W","19°40'25.928"" N",1184,1533,606,445,606,445,445,cabecera_municipal
30,Veracruz de Ignacio de la Llave,167,Tepetzintla,0000,Total del Municipio,,,,14619,4916,4216,4627,3927,4216,total
30,Veracruz de Ignacio de la Llave,167,Tepetzintla,0001,Tepetzintla," 97°51'03.807"" W","21°09'58.008"" N",0253,5597,1892,1606,1783,1497,1606,cabecera_municipal
30,Veracruz de Ignacio de la Llave,168,Tequila,0000,Total del Municipio,,,,16343,4641,4105,4639,4103,4104,total
30,Veracruz de Ignacio de la Llave,168,Tequila,0001,Tequila," 97°04'09.929"" W","18°43'47.299"" N",1692,4487,1330,1148,1329,1147,1148,cabecera_municipal
30,Veracruz de Ignacio de la Llave,169,José Azueta,0000,Total del Municipio,,,,22709,9500,7302,9498,7300,7302,total
30,Veracruz de Ignacio de la Llave,169,José Azueta,0001,Villa Azueta," 95°42'28.674"" W","18°04'32.286"" N",0018,6219,2773,2028,2772,2027,2028,cabecera_municipal
30,Veracruz de Ignacio de la Llave,170,Texcatepec,0000,Total del Municipio,,,,10824,3640,2846,3534,2740,2846,total
30,Veracruz de Ignacio de la Llave,170,Texcatepec,0001,Texcatepec," 98°21'52.432"" W","20°35'05.350"" N",1867,1030,406,307,387,288,307,cabecera_municipal
30,Veracruz de Ignacio de la Llave,171,Texhuacán,0000,Total del Municipio,,,,5575,1816,1451,1813,1448,1449,total
30,Veracruz de Ignacio de la Llave,171,Texhuacán,0001,Texhuacán," 97°02'19.440"" W","18°37'14.297"" N",1968,1739,537,445,535,443,444,cabecera_municipal
30,Veracruz de Ignacio de la Llave,172,Texistepec,0000,Total del Municipio,,,,19925,6817,5763,6373,5319,5763,total
30,Veracruz de Ignacio de la Llave,172,Texistepec,0001,Texistepec," 94°48'54.752"" W","17°53'39.146"" N",0040,8969,3155,2620,2936,2401,2620,cabecera_municipal
30,Veracruz de Ignacio de la Llave,173,Tezonapa,0000,Total del Municipio,,,,54537,17868,15420,17008,14560,15416,total
30,Veracruz de Ignacio de la Llave,173,Tezonapa,0001,Tezonapa," 96°41'15.121"" W","18°36'24.505"" N",0219,5653,1977,1664,1836,1523,1663,cabecera_municipal
30,Veracruz de Ignacio de la Llave,174,Tierra Blanca,0000,Total del Municipio,,,,95602,39168,30821,38228,29881,30807,total
30,Veracruz de Ignacio de la Llave,174,Tierra Blanca,0001,Tierra Blanca," 96°21'37.133"" W","18°26'50.816"" N",0058,47035,19777,15445,19263,14931,15442,cabecera_municipal
30,Veracruz de Ignacio de la Llave,175,Tihuatlán,0000,Total del Municipio,,,,92726,30625,26206,28238,23819,26204,total
30,Veracruz de Ignacio de la Llave,175,Tihuatlán,0001,Tihuatlán," 97°32'16.602"" W","20°43'00.020"" N",0118,15305,4925,4290,4573,3938,4290,cabecera_municipal
30,Veracruz de Ignacio de la Llave,176,Tlacojalpan,0000,Total del Municipio,,,,4489,1948,1472,1935,1459,1472,total
30,Veracruz de Ignacio de la Llave,176,Tlacojalpan,0001,Tlacojalpan," 95°56'51.459"" W","18°13'51.188"" N",0009,3965,1731,1302,1718,1289,1302,cabecera_municipal
30,Veracruz de Ignacio de la Llave,177,Tlacolulan,0000,Total del Municipio,,,,11685,3508,2821,3501,2814,2821,total
30,Veracruz de Ignacio de la Llave,177,Tlacolulan,0001,Tlacolulan," 97°00'04.935"" W","19°39'53.491"" N",1746,1539,530,384,529,383,384,cabecera_municipal
30,Veracruz de Ignacio de la Llave,178,Tlacotalpan,0000,Total del Municipio,,,,12898,5837,4424,5808,4395,4424,total
30,Veracruz de Ignacio de la Llave,178,Tlacotalpan,0001,Tlacotalpan," 95°39'22.720"" W","18°36'47.778"" N",-003,7287,3443,2485,3417,2459,2485,cabecera_municipal
30,Veracruz de Ignacio de la Llave,179,Tlacotepec de Mejía,0000,Total del Municipio,,,,4284,1689,1218,1687,1216,1218,total
30,Veracruz de Ignacio de la Llave,179,Tlacotepec de Mejía,0001,Tlacotepec de Mejía," 96°50'11.427"" W","19°11'31.683"" N",0877,2503,1009,712,1008,711,712,cabecera_municipal
30,Veracruz de Ignacio de la Llave,180,Tlachichilco,0000,Total del Municipio,,,,10900,3559,3041,3309,2791,3040,total
30,Veracruz de Ignacio de la Llave,180,Tlachichilco,0001,Tlachichilco," 98°11'56.575"" W","20°37'17.647"" N",0791,1497,497,413,450,366,413,cabecera_municipal
30,Veracruz de Ignacio de la Llave,181,Tlalixcoyan,0000,Total del Municipio,,,,37795,15889,12540,15457,12108,12538,total
30,Veracruz de Ignacio de la Llave,181,Tlalixcoyan,0001,Tlalixcoyan," 96°03'39.197"" W","18°48'07.781"" N",0003,3508,1449,1150,1399,1100,1150,cabecera_municipal
30,Veracruz de Ignacio de la Llave,182,Tlalnelhuayocan,0000,Total del Municipio,,,,19664,5782,4996,5371,4585,4996,total
30,Veracruz de Ignacio de la Llave,182,Tlalnelhuayocan,0001,Tlalnelhuayocan," 96°58'26.029"" W","19°33'53.055"" N",1616,1129,327,290,313,276,290,cabecera_municipal
30,Veracruz de Ignacio de la Llave,183,Tlapacoyan,0000,Total del Municipio,,,,61377,21688,17510,21216,17038,17505,total
30,Veracruz de Ignacio de la Llave,183,Tlapacoyan,0001,Tlapacoyan," 97°12'45.107"" W","19°57'45.548"" N",0431,35893,12799,10392,12531,10124,10388,cabecera_municipal
30,Veracruz de Ignacio de la Llave,184,Tlaquilpa,0000,Total del Municipio,,,,7933,2251,1897,2251,1897,1897,total
30,Veracruz de Ignacio de la Llave,184,Tlaquilpa,0001,Tlaquilpa," 97°07'07.971"" W","18°36'44.174"" N",2380,808,234,199,234,199,199,cabecera_municipal
30,Veracruz de Ignacio de la Llave,185,Tlilapan,0000,Total del Municipio,,,,5548,1651,1360,1649,1358,1360,total
30,Veracruz de Ignacio de la Llave,185,Tlilapan,0001,Tlilapan," 97°05'56.610"" W","18°48'20.684"" N",1132,3977,1224,980,1223,979,980,cabecera_municipal
30,Veracruz de Ignacio de la Llave,186,Tomatlán,0000,Total del Municipio,,,,7197,2471,2092,2470,2091,2091,total
30,Veracruz de Ignacio de la Llave,186,Tomatlán,0001,Tomatlán," 97°00'36.938"" W","19°01'53.542"" N",1357,4415,1570,1321,1569,1320,1320,cabecera_municipal
30,Veracruz de Ignacio de la Llave,187,Tonayán,0000,Total del Municipio,,,,6105,1738,1393,1737,1392,1393,total
30,Veracruz de Ignacio de la Llave,187,Tonayán,0001,Tonayán," 96°55'17.425"" W","19°40'58.405"" N",1819,1456,457,343,457,343,343,cabecera_municipal
30,Veracruz de Ignacio de la Llave,188,Totutla,0000,Total del Municipio,,,,17217,5416,4599,5300,4483,4599,total
30,Veracruz de Ignacio de la Llave,188,Totutla,0001,Totutla," 96°57'40.661"" W","19°12'40.629"" N",1448,4051,1197,1044,1183,1030,1044,cabecera_municipal
30,Veracruz de Ignacio de la Llave,189,Tuxpan,0000,Total del Municipio,,,,154600,59430,46524,56397,43491,46511,total
30,Veracruz de Ignacio de la Llave,189,Tuxpan,0001,Túxpam de Rodríguez Cano," 97°24'14.138"" W","20°57'51.468"" N",0020,89557,33834,27171,31375,24712,27162,cabecera_municipal
30,Veracruz de Ignacio de la Llave,190,Tuxtilla,0000,Total del Municipio,,,,2258,1036,824,965,753,824,total
30,Veracruz de Ignacio de la Llave,190,Tuxtilla,0001,Tuxtilla," 95°53'41.086"" W","18°14'20.255"" N",0008,2211,1008,806,939,737,806,cabecera_municipal
30,Veracruz de Ignacio de la Llave,191,Ursulo Galván,0000,Total del Municipio,,,,30097,13126,9924,12641,9439,9916,total
30,Veracruz de Ignacio de la Llave,191,Ursulo Galván,0001,Ursulo Galván," 96°21'35.857"" W","19°24'23.206"" N",0006,5642,2475,1845,2361,1731,1845,cabecera_municipal
30,Veracruz de Ignacio de la Llave,192,Vega de Alatorre,0000,Total del Municipio,,,,20204,8479,6549,8185,6255,6549,total
30,Veracruz de Ignacio de la Llave,192,Vega de Alatorre,0001,Vega de Alatorre," 96°38'59.154"" W","20°01'38.877"" N",0020,7578,3060,2407,2942,2289,2407,cabecera_municipal
30,Veracruz de Ignacio de la Llave,193,Veracruz,0000,Total del Municipio,,,,607209,280373,202144,273911,195682,202082,total
30,Veracruz de Ignacio de la Llave,193,Veracruz,0001,Veracruz," 96°09'10.899"" W","19°11'25.164"" N",0008,405952,175519,135020,172284,131785,134964,cabecera_municipal
30,Veracruz de Ignacio de la Llave,194,Villa Aldama,0000,Total del Municipio,,,,12492,3710,2937,3705,2932,2937,total
30,Veracruz de Ignacio de la Llave,194,Villa Aldama,0001,Villa Aldama," 97°13'22.890"" W","19°38'55.991"" N",2398,3770,1082,874,1080,872,874,cabecera_municipal
30,Veracruz de Ignacio de la Llave,195,Xoxocotla,0000,Total del Municipio,,,,5900,1716,1500,1715,1499,1500,total
30,Veracruz de Ignacio de la Llave,195,Xoxocotla,0001,Xoxocotla," 97°09'06.832"" W","18°38'52.099"" N",2119,2790,813,734,812,733,734,cabecera_municipal
30,Veracruz de Ignacio de la Llave,196,Yanga,0000,Total del Municipio,,,,17902,7240,5533,7055,5348,5533,total
30,Veracruz de Ignacio de la Llave,196,Yanga,0001,Yanga," 96°47'54.593"" W","18°50'01.810"" N",0515,5681,2278,1757,2188,1667,1757,cabecera_municipal
30,Veracruz de Ignacio de la Llave,197,Yecuatla,0000,Total del Municipio,,,,11205,4249,3311,3973,3035,3310,total
30,Veracruz de Ignacio de la Llave,197,Yecuatla,0001,Yecuatla," 96°46'34.416"" W","19°51'58.271"" N",0440,3151,1167,944,1090,867,944,cabecera_municipal
30,Veracruz de Ignacio de la Llave,198,Zacualpan,0000,Total del Municipio,,,,6788,2771,1998,2659,1886,1997,total
30,Veracruz de Ignacio de la Llave,198,Zacualpan,0001,Zacualpan," 98°20'55.309"" W","20°26'01.344"" N",1695,757,341,237,326,222,237,cabecera_municipal
30,Veracruz de Ignacio de la Llave,199,Zaragoza,0000,Total del Municipio,,,,11899,3383,3166,3262,3045,3166,total
30,Veracruz de Ignacio de la Llave,199,Zaragoza,0001,Zaragoza," 94°38'32.689"" W","17°57'20.691"" N",0019,10459,2945,2793,2847,2695,2793,cabecera_municipal
30,Veracruz de Ignacio de la Llave,200,Zentla,0000,Total del Municipio,,,,12581,4462,3487,4460,3485,3486,total
30,Veracruz de Ignacio de la Llave,200,Zentla,0001,Colonia Manuel González," 96°51'31.532"" W","19°06'55.089"" N",0931,1046,392,302,391,301,301,cabecera_municipal
30,Veracruz de Ignacio de la Llave,201,Zongolica,0000,Total del Municipio,,,,45028,14300,12241,14288,12229,12233,total
30,Veracruz de Ignacio de la Llave,201,Zongolica,0001,Zongolica," 96°59'54.112"" W","18°40'00.807"" N",1187,7455,2302,1894,2295,1887,1891,cabecera_municipal
30,Veracruz de Ignacio de la Llave,202,Zontecomatlán de López y Fuentes,0000,Total del Municipio,,,,14644,4602,3956,4322,3676,3954,total
30,Veracruz de Ignacio de la Llave,202,Zontecomatlán de López y Fuentes,0001,Zontecomatlán de López y Fuentes," 98°20'34.500"" W","20°45'43.133"" N",0500,745,267,211,246,190,210,cabecera_municipal
30,Veracruz de Ignacio de la Llave,203,Zozocolco de Hidalgo,0000,Total del Municipio,,,,14524,4307,3605,4038,3336,3605,total
30,Veracruz de Ignacio de la Llave,203,Zozocolco de Hidalgo,0001,Zozocolco de Hidalgo," 97°34'31.848"" W","20°08'27.043"" N",0290,3794,1141,984,1064,907,984,cabecera_municipal
30,Veracruz de Ignacio de la Llave,204,Agua Dulce,0000,Total del Municipio,,,,44104,16762,13725,15506,12469,13724,total
30,Veracruz de Ignacio de la Llave,204,Agua Dulce,0001,Agua Dulce," 94°08'50.060"" W","18°08'17.780"" N",0010,33986,12960,10703,11892,9635,10702,cabecera_municipal
30,Veracruz de Ignacio de la Llave,205,El Higo,0000,Total del Municipio,,,,19402,6575,5591,6557,5573,5589,total
30,Veracruz de Ignacio de la Llave,205,El Higo,0001,El Higo," 98°27'13.407"" W","21°46'07.443"" N",0027,8913,3039,2573,3026,2560,2572,cabecera_municipal
30,Veracruz de Ignacio de la Llave,206,Nanchital de Lázaro Cárdenas del Río,0000,Total del Municipio,,,,29209,10543,8979,9807,8243,8979,total
30,Veracruz de Ignacio de la Llave,206,Nanchital de Lázaro Cárdenas del Río,0001,Nanchital de Lázaro Cárdenas del Río," 94°24'40.233"" W","18°04'19.709"" N",0005,28076,10040,8615,9324,7899,8615,cabecera_municipal
30,Veracruz de Ignacio de la Llave,207,Tres Valles,0000,Total del Municipio,,,,44978,18864,14169,18557,13862,14166,total
30,Veracruz de Ignacio de la Llave,207,Tres Valles,0001,Tres Valles," 96°08'05.269"" W","18°14'27.319"" N",0041,16758,7598,5437,7410,5249,5434,cabecera_municipal
30,Veracruz de Ignacio de la Llave,208,Carlos A. Carrillo,0000,Total del Municipio,,,,23376,9319,7833,8733,7247,7826,total
30,Veracruz de Ignacio de la Llave,208,Carlos A. Carrillo,0001,Carlos A. Carrillo," 95°44'41.135"" W","18°22'18.244"" N",0001,17919,7107,6020,6635,5548,6014,cabecera_municipal
30,Veracruz de Ignacio de la Llave,209,Tatahuicapan de Juárez,0000,Total del Municipio,,,,15044,5156,4344,4859,4047,4341,total
30,Veracruz de Ignacio de la Llave,209,Tatahuicapan de Juárez,0001,Tatahuicapan," 94°45'36.861"" W","18°14'47.210"" N",0119,8611,3167,2632,2941,2406,2630,cabecera_municipal
30,Veracruz de Ignacio de la Llave,210,Uxpanapa,0000,Total del Municipio,,,,30891,9403,7758,9097,7452,7758,total
30,Veracruz de Ignacio de la Llave,210,Uxpanapa,0001,Poblado 10," 94°27'04.798"" W","17°16'33.685"" N",0114,4258,1421,1098,1357,1034,1098,cabecera_municipal
30,Veracruz de Ignacio de la Llave,211,San Rafael,0000,Total del Municipio,,,,30351,11563,9388,11526,9351,9387,total
30,Veracruz de Ignacio de la Llave,211,San Rafael,0001,San Rafael," 96°52'15.435"" W","20°11'16.891"" N",0009,6838,2633,2221,2623,2211,2220,cabecera_municipal
30,Veracruz de Ignacio de la Llave,212,Santiago Sochiapan,0000,Total del Municipio,,,,13062,4511,3600,4274,3363,3600,total
30,Veracruz de Ignacio de la Llave,212,Santiago Sochiapan,0001,Xochiapa," 95°44'04.567"" W","17°39'49.435"" N",0130,3353,1158,894,1102,838,894,cabecera_municipal
31,Yucatán,000,Total de la entidad Yucatán,0000,Total de la Entidad,,,,2320898,837334,658351,812181,633198,658085,total
31,Yucatán,001,Abalá,0000,Total del Municipio,,,,6550,2208,1822,2208,1822,1822,total
31,Yucatán,001,Abalá,0001,Abalá," 89°40'51.191"" W","20°38'51.280"" N",0012,2039,742,608,742,608,608,cabecera_municipal
31,Yucatán,002,Acanceh,0000,Total del Municipio,,,,16772,4914,4259,4830,4175,4259,total
31,Yucatán,002,Acanceh,0001,Acanceh," 89°27'12.768"" W","20°48'44.718"" N",0014,11917,3395,2959,3314,2878,2959,cabecera_municipal
31,Yucatán,003,Akil,0000,Total del Municipio,,,,12285,3874,3277,3872,3275,3277,total
31,Yucatán,003,Akil,0001,Akil," 89°20'48.572"" W","20°16'01.390"" N",0021,12022,3770,3200,3768,3198,3200,cabecera_municipal
31,Yucatán,004,Baca,0000,Total del Municipio,,,,6195,2213,1752,2195,1734,1751,total
31,Yucatán,004,Baca,0001,Baca," 89°23'57.776"" W","21°06'34.374"" N",0008,4997,1787,1414,1770,1397,1414,cabecera_municipal
31,Yucatán,005,Bokobá,0000,Total del Municipio,,,,2167,837,634,834,631,634,total
31,Yucatán,005,Bokobá,0001,Bokobá," 89°10'46.290"" W","21°00'24.983"" N",0009,2167,837,634,834,631,634,cabecera_municipal
31,Yucatán,006,Buctzotz,0000,Total del Municipio,,,,9159,3733,2688,3726,2681,2687,total
31,Yucatán,006,Buctzotz,0001,Buctzotz," 88°47'40.064"" W","21°12'06.828"" N",0008,7973,3227,2339,3220,2332,2338,cabecera_municipal
31,Yucatán,007,Cacalchén,0000,Total del Municipio,,,,7490,2502,2051,2462,2011,2051,total
31,Yucatán,007,Cacalchén,0001,Cacalchén," 89°13'41.448"" W","20°58'59.155"" N",0012,7460,2493,2043,2453,2003,2043,cabecera_municipal
31,Yucatán,008,Calotmul,0000,Total del Municipio,,,,3949,1613,1157,1613,1157,1157,total
31,Yucatán,008,Calotmul,0001,Calotmul," 88°10'37.367"" W","21°01'09.442"" N",0023,2584,1113,763,1113,763,763,cabecera_municipal
31,Yucatán,009,Cansahcab,0000,Total del Municipio,,,,4466,1853,1315,1852,1314,1315,total
31,Yucatán,009,Cansahcab,0001,Cansahcab," 89°06'08.429"" W","21°09'29.170"" N",0008,4065,1708,1200,1707,1199,1200,cabecera_municipal
31,Yucatán,010,Cantamayec,0000,Total del Municipio,,,,2755,960,746,960,746,746,total
31,Yucatán,010,Cantamayec,0001,Cantamayec," 89°04'51.399"" W","20°28'14.000"" N",0021,1913,690,522,690,522,522,cabecera_municipal
31,Yucatán,011,Celestún,0000,Total del Municipio,,,,8389,3101,2370,3100,2369,2369,total
31,Yucatán,011,Celestún,0001,Celestún," 90°23'58.069"" W","20°51'36.330"" N",0001,8366,3086,2360,3086,2360,2360,cabecera_municipal
31,Yucatán,012,Cenotillo,0000,Total del Municipio,,,,3736,2143,1189,2142,1188,1188,total
31,Yucatán,012,Cenotillo,0001,Cenotillo," 88°36'15.912"" W","20°57'56.778"" N",0029,3328,1950,1068,1949,1067,1067,cabecera_municipal
31,Yucatán,013,Conkal,0000,Total del Municipio,,,,16671,6507,4990,6154,4637,4989,total
31,Yucatán,013,Conkal,0001,Conkal," 89°31'16.622"" W","21°04'26.018"" N",0008,13944,5492,4195,5156,3859,4194,cabecera_municipal
31,Yucatán,014,Cuncunul,0000,Total del Municipio,,,,1714,582,441,581,440,441,total
31,Yucatán,014,Cuncunul,0001,Cuncunul," 88°17'47.873"" W","20°38'28.187"" N",0025,1444,496,374,495,373,374,cabecera_municipal
31,Yucatán,015,Cuzamá,0000,Total del Municipio,,,,5560,1791,1513,1771,1493,1513,total
31,Yucatán,015,Cuzamá,0001,Cuzamá," 89°19'01.060"" W","20°44'29.343"" N",0016,4208,1320,1110,1307,1097,1110,cabecera_municipal
31,Yucatán,016,Chacsinkín,0000,Total del Municipio,,,,3104,900,725,898,723,725,total
31,Yucatán,016,Chacsinkín,0001,Chacsinkín," 89°00'59.072"" W","20°10'21.363"" N",0033,2860,826,665,824,663,665,cabecera_municipal
31,Yucatán,017,Chankom,0000,Total del Municipio,,,,4686,1770,1239,1767,1236,1237,total
31,Yucatán,017,Chankom,0001,Chankom," 88°30'44.447"" W","20°34'06.899"" N",0027,772,343,206,342,205,205,cabecera_municipal
31,Yucatán,018,Chapab,0000,Total del Municipio,,,,3385,1220,966,1219,965,965,total
31,Yucatán,018,Chapab,0001,Chapab," 89°27'23.588"" W","20°27'31.502"" N",0007,2370,873,686,873,686,686,cabecera_municipal
31,Yucatán,019,Chemax,0000,Total del Municipio,,,,38934,10282,8511,10280,8509,8509,total
31,Yucatán,019,Chemax,0001,Chemax," 87°56'14.381"" W","20°39'18.059"" N",0025,17502,4484,3607,4483,3606,3606,cabecera_municipal
31,Yucatán,020,Chicxulub Pueblo,0000,Total del Municipio,,,,4497,1724,1312,1714,1302,1312,total
31,Yucatán,020,Chicxulub Pueblo,0001,Chicxulub Pueblo," 89°30'54.274"" W","21°08'14.242"" N",0008,4463,1709,1299,1699,1289,1299,cabecera_municipal
31,Yucatán,021,Chichimilá,0000,Total del Municipio,,,,9406,2675,2060,2673,2058,2059,total
31,Yucatán,021,Chichimilá,0001,Chichimilá," 88°13'02.628"" W","20°37'52.572"" N",0023,6540,1889,1401,1889,1401,1401,cabecera_municipal
31,Yucatán,022,Chikindzonot,0000,Total del Municipio,,,,4363,1329,1015,1328,1014,1014,total
31,Yucatán,022,Chikindzonot,0001,Chikindzonot," 88°29'11.348"" W","20°20'01.159"" N",0026,3019,870,679,869,678,678,cabecera_municipal
31,Yucatán,023,Chocholá,0000,Total del Municipio,,,,4863,1878,1456,1877,1455,1456,total
31,Yucatán,023,Chocholá,0001,Chocholá," 89°49'50.515"" W","20°45'00.833"" N",0010,4847,1870,1450,1869,1449,1450,cabecera_municipal
31,Yucatán,024,Chumayel,0000,Total del Municipio,,,,3244,1228,894,1227,893,894,total
31,Yucatán,024,Chumayel,0001,Chumayel," 89°18'09.069"" W","20°25'46.325"" N",0025,3237,1224,891,1223,890,891,cabecera_municipal
31,Yucatán,025,Dzán,0000,Total del Municipio,,,,6003,1844,1473,1843,1472,1472,total
31,Yucatán,025,Dzán,0001,Dzan," 89°28'07.934"" W","20°23'15.951"" N",0024,6001,1842,1471,1841,1470,1470,cabecera_municipal
31,Yucatán,026,Dzemul,0000,Total del Municipio,,,,3622,1842,1091,1842,1091,1091,total
31,Yucatán,026,Dzemul,0001,Dzemul," 89°18'31.730"" W","21°12'41.411"" N",0006,3467,1386,1037,1386,1037,1037,cabecera_municipal
31,Yucatán,027,Dzidzantún,0000,Total del Municipio,,,,8345,3475,2495,3467,2487,2494,total
31,Yucatán,027,Dzidzantún,0001,Dzidzantún," 89°02'34.710"" W","21°14'48.042"" N",0005,7530,2977,2243,2969,2235,2242,cabecera_municipal
31,Yucatán,028,Dzilam de Bravo,0000,Total del Municipio,,,,2936,1244,882,1233,871,882,total
31,Yucatán,028,Dzilam de Bravo,0001,Dzilam de Bravo," 88°53'30.767"" W","21°23'35.625"" N",0001,2455,1017,744,1014,741,744,cabecera_municipal
31,Yucatán,029,Dzilam González,0000,Total del Municipio,,,,6240,2584,1922,2583,1921,1922,total
31,Yucatán,029,Dzilam González,0001,Dzilam González," 88°55'47.066"" W","21°16'48.450"" N",0005,6169,2550,1891,2549,1890,1891,cabecera_municipal
31,Yucatán,030,Dzitás,0000,Total del Municipio,,,,4015,1468,1079,1468,1079,1079,total
31,Yucatán,030,Dzitás,0001,Dzitás," 88°31'40.160"" W","20°50'23.516"" N",0026,3204,1146,841,1146,841,841,cabecera_municipal
31,Yucatán,031,Dzoncauich,0000,Total del Municipio,,,,2818,1161,792,1159,790,792,total
31,Yucatán,031,Dzoncauich,0001,Dzoncauich," 88°53'27.352"" W","21°07'44.990"" N",0014,2352,998,671,996,669,671,cabecera_municipal
31,Yucatán,032,Espita,0000,Total del Municipio,,,,16779,5561,4237,5559,4235,4237,total
31,Yucatán,032,Espita,0001,Espita," 88°18'24.561"" W","21°00'39.789"" N",0025,12320,4187,3098,4185,3096,3098,cabecera_municipal
31,Yucatán,033,Halachó,0000,Total del Municipio,,,,21255,6985,5767,6983,5765,5766,total
31,Yucatán,033,Halachó,0001,Halachó," 90°04'56.024"" W","20°28'39.885"" N",0008,10183,3592,2786,3591,2785,2786,cabecera_municipal
31,Yucatán,034,Hocabá,0000,Total del Municipio,,,,6514,2225,1686,2206,1667,1686,total
31,Yucatán,034,Hocabá,0001,Hocabá," 89°14'42.357"" W","20°48'58.464"" N",0009,4397,1547,1172,1531,1156,1172,cabecera_municipal
31,Yucatán,035,Hoctún,0000,Total del Municipio,,,,6384,2367,1836,2358,1827,1834,total
31,Yucatán,035,Hoctún,0001,Hoctún," 89°12'07.437"" W","20°51'54.764"" N",0028,5151,2028,1515,2019,1506,1513,cabecera_municipal
31,Yucatán,036,Homún,0000,Total del Municipio,,,,8090,2755,2229,2742,2216,2229,total
31,Yucatán,036,Homún,0001,Homún," 89°17'08.716"" W","20°44'22.255"" N",0028,6810,2308,1857,2295,1844,1857,cabecera_municipal
31,Yucatán,037,Huhí,0000,Total del Municipio,,,,5250,2070,1578,2057,1565,1578,total
31,Yucatán,037,Huhí,0001,Huhí," 89°09'43.916"" W","20°43'29.966"" N",0009,5194,1998,1549,1985,1536,1549,cabecera_municipal
31,Yucatán,038,Hunucmá,0000,Total del Municipio,,,,35137,11953,8944,11945,8936,8941,total
31,Yucatán,038,Hunucmá,0001,Hunucmá," 89°52'37.386"" W","21°00'58.155"" N",0006,28412,9175,7191,9170,7186,7189,cabecera_municipal
31,Yucatán,039,Ixil,0000,Total del Municipio,,,,4186,1359,1121,1353,1115,1120,total
31,Yucatán,039,Ixil,0001,Ixil," 89°28'52.360"" W","21°09'10.801"" N",0006,4115,1319,1095,1313,1089,1094,cabecera_municipal
31,Yucatán,040,Izamal,0000,Total del Municipio,,,,28555,10279,7905,10231,7857,7900,total
31,Yucatán,040,Izamal,0001,Izamal," 89°01'10.973"" W","20°55'58.791"" N",0012,17841,6582,5020,6538,4976,5016,cabecera_municipal
31,Yucatán,041,Kanasín,0000,Total del Municipio,,,,141939,52140,40034,50642,38536,40023,total
31,Yucatán,041,Kanasín,0001,Kanasín," 89°33'29.014"" W","20°56'04.703"" N",0008,139753,51246,39434,49753,37941,39423,cabecera_municipal
31,Yucatán,042,Kantunil,0000,Total del Municipio,,,,5553,2177,1561,2172,1556,1561,total
31,Yucatán,042,Kantunil,0001,Kantunil," 89°02'11.469"" W","20°47'47.184"" N",0016,3573,1385,1000,1383,998,1000,cabecera_municipal
31,Yucatán,043,Kaua,0000,Total del Municipio,,,,3405,1063,845,1063,845,845,total
31,Yucatán,043,Kaua,0001,Kaua," 88°24'52.620"" W","20°37'12.308"" N",0028,2879,908,720,908,720,720,cabecera_municipal
31,Yucatán,044,Kinchil,0000,Total del Municipio,,,,7530,2402,2011,2402,2011,2011,total
31,Yucatán,044,Kinchil,0001,Kinchil," 89°56'51.298"" W","20°54'59.263"" N",0006,7190,2301,1925,2301,1925,1925,cabecera_municipal
31,Yucatán,045,Kopomá,0000,Total del Municipio,,,,2677,973,788,972,787,788,total
31,Yucatán,045,Kopomá,0001,Kopomá," 89°53'58.293"" W","20°38'56.292"" N",0016,2211,810,653,810,653,653,cabecera_municipal
31,Yucatán,046,Mama,0000,Total del Municipio,,,,3296,1152,866,1151,865,866,total
31,Yucatán,046,Mama,0001,Mama," 89°21'56.086"" W","20°28'38.633"" N",0020,3189,1111,836,1110,835,836,cabecera_municipal
31,Yucatán,047,Maní,0000,Total del Municipio,,,,5968,2063,1555,2063,1555,1555,total
31,Yucatán,047,Maní,0001,Maní," 89°23'34.695"" W","20°23'15.725"" N",0023,4715,1634,1217,1634,1217,1217,cabecera_municipal
31,Yucatán,048,Maxcanú,0000,Total del Municipio,,,,23991,7366,6322,7363,6319,6320,total
31,Yucatán,048,Maxcanú,0001,Maxcanú," 90°00'02.305"" W","20°35'06.214"" N",0010,13965,4201,3620,4198,3617,3618,cabecera_municipal
31,Yucatán,049,Mayapán,0000,Total del Municipio,,,,3965,1188,945,1188,945,945,total
31,Yucatán,049,Mayapán,0001,Mayapán," 89°12'54.616"" W","20°28'07.479"" N",0019,3956,1183,941,1183,941,941,cabecera_municipal
31,Yucatán,050,Mérida,0000,Total del Municipio,,,,995129,371987,303941,352728,284682,303783,total
31,Yucatán,050,Mérida,0001,Mérida," 89°37'27.810"" W","20°58'03.134"" N",0010,921771,348231,284120,331049,266938,283967,cabecera_municipal
31,Yucatán,051,Mocochá,0000,Total del Municipio,,,,3430,1195,1004,1194,1003,1004,total
31,Yucatán,051,Mocochá,0001,Mocochá," 89°27'07.400"" W","21°06'20.464"" N",0009,2293,829,687,828,686,687,cabecera_municipal
31,Yucatán,052,Motul,0000,Total del Municipio,,,,37804,12883,10134,12787,10038,10132,total
31,Yucatán,052,Motul,0001,Motul de Carrillo Puerto," 89°17'02.129"" W","21°05'43.982"" N",0017,26081,8972,7042,8938,7008,7040,cabecera_municipal
31,Yucatán,053,Muna,0000,Total del Municipio,,,,13494,4481,3411,4425,3355,3410,total
31,Yucatán,053,Muna,0001,Muna," 89°42'48.159"" W","20°29'02.232"" N",0012,12553,4162,3145,4106,3089,3144,cabecera_municipal
31,Yucatán,054,Muxupip,0000,Total del Municipio,,,,2990,1076,866,1076,866,866,total
31,Yucatán,054,Muxupip,0001,Muxupip," 89°19'47.608"" W","21°02'34.163"" N",0008,2590,933,750,933,750,750,cabecera_municipal
31,Yucatán,055,Opichén,0000,Total del Municipio,,,,7080,2485,1914,2437,1866,1914,total
31,Yucatán,055,Opichén,0001,Opichén," 89°51'22.480"" W","20°33'02.345"" N",0015,5412,1900,1439,1856,1395,1439,cabecera_municipal
31,Yucatán,056,Oxkutzcab,0000,Total del Municipio,,,,33854,11463,8573,11356,8466,8570,total
31,Yucatán,056,Oxkutzcab,0001,Oxkutzcab," 89°25'07.506"" W","20°18'06.957"" N",0023,26175,8865,6622,8785,6542,6620,cabecera_municipal
31,Yucatán,057,Panabá,0000,Total del Municipio,,,,7766,2995,2215,2995,2215,2215,total
31,Yucatán,057,Panabá,0001,Panabá," 88°16'16.260"" W","21°17'48.700"" N",0017,5318,2052,1493,2052,1493,1493,cabecera_municipal
31,Yucatán,058,Peto,0000,Total del Municipio,,,,25954,8621,6403,8572,6354,6401,total
31,Yucatán,058,Peto,0001,Peto," 88°55'26.347"" W","20°07'33.306"" N",0042,21456,7054,5197,7011,5154,5196,cabecera_municipal
31,Yucatán,059,Progreso,0000,Total del Municipio,,,,66008,28542,18511,26576,16545,18503,total
31,Yucatán,059,Progreso,0001,Progreso," 89°39'48.942"" W","21°16'57.278"" N",0002,41965,15362,11929,14120,10687,11922,cabecera_municipal
31,Yucatán,060,Quintana Roo,0000,Total del Municipio,,,,976,440,305,440,305,305,total
31,Yucatán,060,Quintana Roo,0001,Quintana Roo," 88°37'54.304"" W","20°52'01.875"" N",0015,975,439,304,439,304,304,cabecera_municipal
31,Yucatán,061,Río Lagartos,0000,Total del Municipio,,,,3974,1495,1101,1493,1099,1101,total
31,Yucatán,061,Río Lagartos,0001,Río Lagartos," 88°09'28.719"" W","21°35'51.902"" N",0001,2493,1004,697,1003,696,697,cabecera_municipal
31,Yucatán,062,Sacalum,0000,Total del Municipio,,,,4962,1737,1374,1736,1373,1373,total
31,Yucatán,062,Sacalum,0001,Sacalum," 89°35'28.195"" W","20°29'44.985"" N",0016,3999,1397,1102,1397,1102,1102,cabecera_municipal
31,Yucatán,063,Samahil,0000,Total del Municipio,,,,5631,1667,1443,1660,1436,1442,total
31,Yucatán,063,Samahil,0001,Samahil," 89°53'19.736"" W","20°53'00.303"" N",0005,3352,942,844,937,839,843,cabecera_municipal
31,Yucatán,064,Sanahcat,0000,Total del Municipio,,,,1701,689,484,688,483,484,total
31,Yucatán,064,Sanahcat,0001,Sanahcat," 89°12'53.138"" W","20°46'16.544"" N",0015,1701,689,484,688,483,484,cabecera_municipal
31,Yucatán,065,San Felipe,0000,Total del Municipio,,,,2118,892,632,892,632,632,total
31,Yucatán,065,San Felipe,0001,San Felipe," 88°13'55.428"" W","21°34'03.356"" N",0012,2069,866,610,866,610,610,cabecera_municipal
31,Yucatán,066,Santa Elena,0000,Total del Municipio,,,,4220,1468,1124,1468,1124,1124,total
31,Yucatán,066,Santa Elena,0001,Santa Elena," 89°38'35.734"" W","20°19'44.031"" N",0039,3767,1321,998,1321,998,998,cabecera_municipal
31,Yucatán,067,Seyé,0000,Total del Municipio,,,,10053,3314,2698,3298,2682,2698,total
31,Yucatán,067,Seyé,0001,Seyé," 89°22'20.110"" W","20°50'13.152"" N",0016,9141,3024,2447,3008,2431,2447,cabecera_municipal
31,Yucatán,068,Sinanché,0000,Total del Municipio,,,,3206,1649,993,1649,993,993,total
31,Yucatán,068,Sinanché,0001,Sinanché," 89°11'08.820"" W","21°13'32.142"" N",0006,2586,1154,810,1154,810,810,cabecera_municipal
31,Yucatán,069,Sotuta,0000,Total del Municipio,,,,8967,3271,2398,3255,2382,2398,total
31,Yucatán,069,Sotuta,0001,Sotuta," 89°00'24.140"" W","20°35'42.064"" N",0010,5758,2152,1561,2141,1550,1561,cabecera_municipal
31,Yucatán,070,Sucilá,0000,Total del Municipio,,,,3971,1588,1177,1588,1177,1177,total
31,Yucatán,070,Sucilá,0001,Sucilá," 88°18'50.178"" W","21°09'22.196"" N",0016,3855,1542,1134,1542,1134,1134,cabecera_municipal
31,Yucatán,071,Sudzal,0000,Total del Municipio,,,,1949,771,579,763,571,579,total
31,Yucatán,071,Sudzal,0001,Sudzal," 88°59'19.651"" W","20°52'19.544"" N",0019,1444,589,434,581,426,434,cabecera_municipal
31,Yucatán,072,Suma,0000,Total del Municipio,,,,1857,756,572,755,571,572,total
31,Yucatán,072,Suma,0001,Suma," 89°08'53.803"" W","21°05'11.369"" N",0004,1847,736,569,735,568,569,cabecera_municipal
31,Yucatán,073,Tahdziú,0000,Total del Municipio,,,,5854,1574,1278,1572,1276,1277,total
31,Yucatán,073,Tahdziú,0001,Tahdziú," 88°56'41.653"" W","20°12'13.754"" N",0030,4963,1372,1094,1370,1092,1093,cabecera_municipal
31,Yucatán,074,Tahmek,0000,Total del Municipio,,,,3774,1385,1089,1376,1080,1089,total
31,Yucatán,074,Tahmek,0001,Tahmek," 89°15'20.861"" W","20°52'31.926"" N",0016,3654,1340,1048,1331,1039,1048,cabecera_municipal
31,Yucatán,075,Teabo,0000,Total del Municipio,,,,6921,2065,1676,2063,1674,1676,total
31,Yucatán,075,Teabo,0001,Teabo," 89°17'05.709"" W","20°24'01.480"" N",0017,6890,2055,1667,2053,1665,1667,cabecera_municipal
31,Yucatán,076,Tecoh,0000,Total del Municipio,,,,17939,5580,4722,5491,4633,4720,total
31,Yucatán,076,Tecoh,0001,Tecoh," 89°28'27.488"" W","20°44'30.214"" N",0015,10017,3106,2602,3057,2553,2600,cabecera_municipal
31,Yucatán,077,Tekal de Venegas,0000,Total del Municipio,,,,2683,1043,775,1043,775,775,total
31,Yucatán,077,Tekal de Venegas,0001,Tekal de Venegas," 88°56'49.219"" W","21°00'50.661"" N",0013,2645,1032,766,1032,766,766,cabecera_municipal
31,Yucatán,078,Tekantó,0000,Total del Municipio,,,,3747,1535,1082,1534,1081,1082,total
31,Yucatán,078,Tekantó,0001,Tekantó," 89°06'21.902"" W","21°00'41.930"" N",0021,3143,1292,906,1291,905,906,cabecera_municipal
31,Yucatán,079,Tekax,0000,Total del Municipio,,,,45062,14276,11545,14176,11445,11535,total
31,Yucatán,079,Tekax,0001,Tekax de Álvaro Obregón," 89°17'18.197"" W","20°12'12.473"" N",0029,28461,9112,7283,9038,7209,7278,cabecera_municipal
31,Yucatán,080,Tekit,0000,Total del Municipio,,,,11020,3245,2797,3232,2784,2797,total
31,Yucatán,080,Tekit,0001,Tekit," 89°19'59.141"" W","20°32'00.576"" N",0018,11015,3243,2795,3230,2782,2795,cabecera_municipal
31,Yucatán,081,Tekom,0000,Total del Municipio,,,,3355,1195,801,1193,799,801,total
31,Yucatán,081,Tekom,0001,Tekom," 88°15'51.976"" W","20°36'08.009"" N",0023,2785,1005,655,1004,654,655,cabecera_municipal
31,Yucatán,082,Telchac Pueblo,0000,Total del Municipio,,,,3512,1705,1121,1701,1117,1121,total
31,Yucatán,082,Telchac Pueblo,0001,Telchac," 89°16'16.562"" W","21°12'12.056"" N",0006,3496,1698,1114,1694,1110,1114,cabecera_municipal
31,Yucatán,083,Telchac Puerto,0000,Total del Municipio,,,,1915,2111,568,2096,553,568,total
31,Yucatán,083,Telchac Puerto,0001,Telchac Puerto," 89°15'51.210"" W","21°20'34.814"" N",0010,1913,2110,567,2095,552,567,cabecera_municipal
31,Yucatán,084,Temax,0000,Total del Municipio,,,,7037,2492,1878,2491,1877,1878,total
31,Yucatán,084,Temax,0001,Temax," 88°56'19.083"" W","21°09'06.628"" N",0008,6472,2267,1711,2266,1710,1711,cabecera_municipal
31,Yucatán,085,Temozón,0000,Total del Municipio,,,,16680,5401,4262,5397,4258,4260,total
31,Yucatán,085,Temozón,0001,Temozón," 88°12'04.168"" W","20°48'13.249"" N",0021,7365,2534,1884,2534,1884,1884,cabecera_municipal
31,Yucatán,086,Tepakán,0000,Total del Municipio,,,,2133,994,682,994,682,682,total
31,Yucatán,086,Tepakán,0001,Tepakán," 89°02'22.008"" W","21°02'57.758"" N",0023,1942,935,630,935,630,630,cabecera_municipal
31,Yucatán,087,Tetiz,0000,Total del Municipio,,,,5464,1901,1485,1901,1485,1485,total
31,Yucatán,087,Tetiz,0001,Tetiz," 89°56'00.416"" W","20°57'42.882"" N",0017,4550,1633,1257,1633,1257,1257,cabecera_municipal
31,Yucatán,088,Teya,0000,Total del Municipio,,,,1917,855,570,855,570,570,total
31,Yucatán,088,Teya,0001,Teya," 89°04'25.352"" W","21°02'54.738"" N",0008,1917,855,570,855,570,570,cabecera_municipal
31,Yucatán,089,Ticul,0000,Total del Municipio,,,,40495,12298,10082,12182,9966,10075,total
31,Yucatán,089,Ticul,0001,Ticul," 89°32'04.008"" W","20°23'54.024"" N",0020,35183,10608,8723,10497,8612,8718,cabecera_municipal
31,Yucatán,090,Timucuy,0000,Total del Municipio,,,,7503,2078,1809,2069,1800,1809,total
31,Yucatán,090,Timucuy,0001,Timucuy," 89°30'48.618"" W","20°48'37.829"" N",0014,4204,1245,1056,1237,1048,1056,cabecera_municipal
31,Yucatán,091,Tinum,0000,Total del Municipio,,,,12700,4224,3234,4207,3217,3233,total
31,Yucatán,091,Tinum,0001,Tinum," 88°23'28.455"" W","20°46'01.709"" N",0031,1929,678,485,677,484,485,cabecera_municipal
31,Yucatán,092,Tixcacalcupul,0000,Total del Municipio,,,,7888,2367,1938,2362,1933,1937,total
31,Yucatán,092,Tixcacalcupul,0001,Tixcacalcupul," 88°16'12.961"" W","20°32'13.519"" N",0025,4174,1303,1020,1298,1015,1019,cabecera_municipal
31,Yucatán,093,Tixkokob,0000,Total del Municipio,,,,18420,6099,5137,6071,5109,5136,total
31,Yucatán,093,Tixkokob,0001,Tixkokob," 89°23'42.185"" W","21°00'08.937"" N",0010,11904,3864,3322,3852,3310,3321,cabecera_municipal
31,Yucatán,094,Tixmehuac,0000,Total del Municipio,,,,5444,1814,1422,1811,1419,1421,total
31,Yucatán,094,Tixmehuac,0001,Tixmehuac," 89°06'32.404"" W","20°14'08.595"" N",0020,2786,1022,748,1020,746,747,cabecera_municipal
31,Yucatán,095,Tixpéhual,0000,Total del Municipio,,,,5690,1841,1537,1830,1526,1537,total
31,Yucatán,095,Tixpéhual,0001,Tixpéhual," 89°26'30.850"" W","20°58'41.406"" N",0009,3723,1164,971,1161,968,971,cabecera_municipal
31,Yucatán,096,Tizimín,0000,Total del Municipio,,,,80672,28688,21283,28564,21159,21277,total
31,Yucatán,096,Tizimín,0001,Tizimín," 88°09'08.158"" W","21°08'36.683"" N",0020,52593,18816,13833,18710,13727,13829,cabecera_municipal
31,Yucatán,097,Tunkás,0000,Total del Municipio,,,,3684,1665,1094,1664,1093,1094,total
31,Yucatán,097,Tunkás,0001,Tunkás," 88°45'08.206"" W","20°54'08.459"" N",0019,3004,1415,897,1415,897,897,cabecera_municipal
31,Yucatán,098,Tzucacab,0000,Total del Municipio,,,,15346,5150,4006,5107,3963,4004,total
31,Yucatán,098,Tzucacab,0001,Tzucacab," 89°03'01.189"" W","20°04'18.954"" N",0031,10879,3616,2767,3580,2731,2766,cabecera_municipal
31,Yucatán,099,Uayma,0000,Total del Municipio,,,,4191,1229,1008,1223,1002,1008,total
31,Yucatán,099,Uayma,0001,Uayma," 88°19'01.699"" W","20°43'04.035"" N",0024,3460,1037,841,1031,835,841,cabecera_municipal
31,Yucatán,100,Ucú,0000,Total del Municipio,,,,4049,1439,1139,1434,1134,1139,total
31,Yucatán,100,Ucú,0001,Ucú," 89°44'47.185"" W","21°01'54.245"" N",0006,3119,1113,876,1110,873,876,cabecera_municipal
31,Yucatán,101,Umán,0000,Total del Municipio,,,,69147,25114,19364,24714,18964,19361,total
31,Yucatán,101,Umán,0001,Umán," 89°44'53.820"" W","20°52'54.804"" N",0007,56409,21163,16031,20779,15647,16028,cabecera_municipal
31,Yucatán,102,Valladolid,0000,Total del Municipio,,,,85460,30221,22083,29968,21830,22070,total
31,Yucatán,102,Valladolid,0001,Valladolid," 88°12'03.528"" W","20°41'23.012"" N",0028,56494,21768,15108,21538,14878,15098,cabecera_municipal
31,Yucatán,103,Xocchel,0000,Total del Municipio,,,,3451,1176,900,1176,900,900,total
31,Yucatán,103,Xocchel,0001,Xocchel," 89°11'01.390"" W","20°50'00.560"" N",0016,3447,1174,898,1174,898,898,cabecera_municipal
31,Yucatán,104,Yaxcabá,0000,Total del Municipio,,,,16350,5280,4195,5232,4147,4194,total
31,Yucatán,104,Yaxcabá,0001,Yaxcabá," 88°49'37.942"" W","20°32'56.852"" N",0025,3310,1161,879,1151,869,879,cabecera_municipal
31,Yucatán,105,Yaxkukul,0000,Total del Municipio,,,,3293,1084,908,1083,907,908,total
31,Yucatán,105,Yaxkukul,0001,Yaxkukul," 89°25'09.258"" W","21°03'48.524"" N",0007,3197,1045,883,1045,883,883,cabecera_municipal
31,Yucatán,106,Yobaín,0000,Total del Municipio,,,,2215,1212,683,1210,681,683,total
31,Yucatán,106,Yobaín,0001,Yobaín," 89°06'59.401"" W","21°14'00.483"" N",0011,1876,824,585,822,583,585,cabecera_municipal
32,Zacatecas,000,Total de la entidad Zacatecas,0000,Total de la Entidad,,,,1622138,607828,442835,598567,433574,442623,total
32,Zacatecas,001,Apozol,0000,Total del Municipio,,,,6260,2943,1812,2941,1810,1812,total
32,Zacatecas,001,Apozol,0001,Apozol,"103°05'28.284"" W","21°28'15.157"" N",1269,2608,1138,760,1136,758,760,cabecera_municipal
32,Zacatecas,002,Apulco,0000,Total del Municipio,,,,4942,2091,1345,2091,1345,1345,total
32,Zacatecas,002,Apulco,0001,Apulco,"102°40'52.352"" W","21°23'18.378"" N",1793,1619,710,459,710,459,459,cabecera_municipal
32,Zacatecas,003,Atolinga,0000,Total del Municipio,,,,2277,1829,766,1829,766,766,total
32,Zacatecas,003,Atolinga,0001,Atolinga,"103°27'56.100"" W","21°48'25.015"" N",2123,1446,963,467,963,467,467,cabecera_municipal
32,Zacatecas,004,Benito Juárez,0000,Total del Municipio,,,,4493,2193,1276,2184,1267,1273,total
32,Zacatecas,004,Benito Juárez,0001,Florencia,"103°33'21.421"" W","21°30'16.120"" N",2180,2905,1302,818,1294,810,816,cabecera_municipal
32,Zacatecas,005,Calera,0000,Total del Municipio,,,,45759,14446,11997,14266,11817,11991,total
32,Zacatecas,005,Calera,0001,Víctor Rosales,"102°42'08.145"" W","22°56'56.534"" N",2169,38193,12049,10084,11896,9931,10078,cabecera_municipal
32,Zacatecas,006,Cañitas de Felipe Pescador,0000,Total del Municipio,,,,8255,3041,2228,3031,2218,2227,total
32,Zacatecas,006,Cañitas de Felipe Pescador,0001,Cañitas de Felipe Pescador,"102°43'35.724"" W","23°36'25.114"" N",2015,6378,2230,1674,2220,1664,1673,cabecera_municipal
32,Zacatecas,007,Concepción del Oro,0000,Total del Municipio,,,,12115,4347,3251,4130,3034,3245,total
32,Zacatecas,007,Concepción del Oro,0001,Concepción del Oro,"101°25'13.742"" W","24°36'47.408"" N",2083,6915,2309,1820,2174,1685,1817,cabecera_municipal
32,Zacatecas,008,Cuauhtémoc,0000,Total del Municipio,,,,13466,4320,3230,4317,3227,3230,total
32,Zacatecas,008,Cuauhtémoc,0001,San Pedro Piedra Gorda,"102°21'00.367"" W","22°26'57.186"" N",2036,9463,3014,2249,3011,2246,2249,cabecera_municipal
32,Zacatecas,009,Chalchihuites,0000,Total del Municipio,,,,10086,4188,2677,4144,2633,2675,total
32,Zacatecas,009,Chalchihuites,0001,Chalchihuites,"103°53'02.565"" W","23°28'38.460"" N",2260,3816,1480,941,1448,909,939,cabecera_municipal
32,Zacatecas,010,Fresnillo,0000,Total del Municipio,,,,240532,79248,64065,77166,61983,64037,total
32,Zacatecas,010,Fresnillo,0001,Fresnillo,"102°52'05.626"" W","23°10'29.621"" N",2180,143281,45844,38790,44219,37165,38766,cabecera_municipal
32,Zacatecas,011,Trinidad García de la Cadena,0000,Total del Municipio,,,,3362,2048,1080,2045,1077,1080,total
32,Zacatecas,011,Trinidad García de la Cadena,0001,La Estanzuela,"103°27'53.535"" W","21°12'35.244"" N",1735,2721,1519,850,1516,847,850,cabecera_municipal
32,Zacatecas,012,Genaro Codina,0000,Total del Municipio,,,,8168,2993,2054,2990,2051,2054,total
32,Zacatecas,012,Genaro Codina,0001,Genaro Codina,"102°27'23.666"" W","22°29'15.410"" N",2154,1428,556,381,556,381,381,cabecera_municipal
32,Zacatecas,013,General Enrique Estrada,0000,Total del Municipio,,,,6644,2487,1813,2481,1807,1813,total
32,Zacatecas,013,General Enrique Estrada,0001,General Enrique Estrada,"102°44'24.047"" W","22°59'42.444"" N",2149,4520,1725,1236,1720,1231,1236,cabecera_municipal
32,Zacatecas,014,General Francisco R. Murguía,0000,Total del Municipio,,,,20191,9048,5405,9039,5396,5404,total
32,Zacatecas,014,General Francisco R. Murguía,0001,Nieves,"103°01'11.371"" W","23°59'40.805"" N",1911,5844,2551,1553,2550,1552,1552,cabecera_municipal
32,Zacatecas,015,El Plateado de Joaquín Amaro,0000,Total del Municipio,,,,1579,978,531,974,527,531,total
32,Zacatecas,015,El Plateado de Joaquín Amaro,0001,El Plateado de Joaquín Amaro,"103°05'32.617"" W","21°56'11.951"" N",2371,541,232,163,230,161,163,cabecera_municipal
32,Zacatecas,016,General Pánfilo Natera,0000,Total del Municipio,,,,23526,8498,6041,8351,5894,6040,total
32,Zacatecas,016,General Pánfilo Natera,0001,General Pánfilo Natera,"102°06'35.724"" W","22°39'51.737"" N",2116,4894,1697,1219,1635,1157,1218,cabecera_municipal
32,Zacatecas,017,Guadalupe,0000,Total del Municipio,,,,211740,78570,60476,76456,58362,60452,total
32,Zacatecas,017,Guadalupe,0001,Guadalupe,"102°31'07.686"" W","22°44'48.415"" N",2279,170029,64687,49995,62875,48183,49971,cabecera_municipal
32,Zacatecas,018,Huanusco,0000,Total del Municipio,,,,4547,2391,1357,2385,1351,1357,total
32,Zacatecas,018,Huanusco,0001,Huanusco,"102°58'19.287"" W","21°46'19.808"" N",1502,1806,888,535,887,534,535,cabecera_municipal
32,Zacatecas,019,Jalpa,0000,Total del Municipio,,,,25296,10783,7097,10751,7065,7092,total
32,Zacatecas,019,Jalpa,0001,Jalpa,"102°58'33.003"" W","21°37'56.061"" N",1368,15291,6099,4361,6088,4350,4358,cabecera_municipal
32,Zacatecas,020,Jerez,0000,Total del Municipio,,,,59910,27432,17861,27242,17671,17849,total
32,Zacatecas,020,Jerez,0001,Jerez de García Salinas,"102°59'23.725"" W","22°38'57.852"" N",1999,46132,18837,13559,18664,13386,13547,cabecera_municipal
32,Zacatecas,021,Jiménez del Teul,0000,Total del Municipio,,,,4465,1595,1081,1594,1080,1080,total
32,Zacatecas,021,Jiménez del Teul,0001,Jiménez del Teul,"103°47'54.182"" W","23°15'14.797"" N",1900,1847,660,452,659,451,451,cabecera_municipal
32,Zacatecas,022,Juan Aldama,0000,Total del Municipio,,,,19749,8140,5400,8132,5392,5395,total
32,Zacatecas,022,Juan Aldama,0001,Juan Aldama,"103°23'36.925"" W","24°17'25.732"" N",1991,15045,6059,4089,6052,4082,4084,cabecera_municipal
32,Zacatecas,023,Juchipila,0000,Total del Municipio,,,,12251,6724,3890,6651,3817,3888,total
32,Zacatecas,023,Juchipila,0001,Juchipila,"103°07'09.276"" W","21°24'41.414"" N",1241,5836,3062,1899,2996,1833,1898,cabecera_municipal
32,Zacatecas,024,Loreto,0000,Total del Municipio,,,,53709,16259,13004,16073,12818,12996,total
32,Zacatecas,024,Loreto,0001,Loreto,"101°59'11.630"" W","22°16'19.872"" N",2029,26287,7804,6463,7668,6327,6456,cabecera_municipal
32,Zacatecas,025,Luis Moya,0000,Total del Municipio,,,,13184,4227,3267,4123,3163,3267,total
32,Zacatecas,025,Luis Moya,0001,Luis Moya,"102°14'57.298"" W","22°25'56.920"" N",1983,6983,2231,1776,2166,1711,1776,cabecera_municipal
32,Zacatecas,026,Mazapil,0000,Total del Municipio,,,,17774,6881,4649,6794,4562,4645,total
32,Zacatecas,026,Mazapil,0001,Mazapil,"101°33'17.880"" W","24°38'17.149"" N",2264,1262,678,298,655,275,297,cabecera_municipal
32,Zacatecas,027,Melchor Ocampo,0000,Total del Municipio,,,,2736,1026,722,1025,721,721,total
32,Zacatecas,027,Melchor Ocampo,0001,Melchor Ocampo,"101°38'32.015"" W","24°49'54.208"" N",2036,698,263,174,262,173,173,cabecera_municipal
32,Zacatecas,028,Mezquital del Oro,0000,Total del Municipio,,,,2451,1283,735,1279,731,735,total
32,Zacatecas,028,Mezquital del Oro,0001,Mezquital del Oro,"103°21'46.444"" W","21°13'00.198"" N",1204,1136,565,339,561,335,339,cabecera_municipal
32,Zacatecas,029,Miguel Auza,0000,Total del Municipio,,,,23713,7658,5884,7645,5871,5878,total
32,Zacatecas,029,Miguel Auza,0001,Miguel Auza,"103°27'05.218"" W","24°17'40.007"" N",1963,14815,4888,3799,4882,3793,3795,cabecera_municipal
32,Zacatecas,030,Momax,0000,Total del Municipio,,,,2446,1550,791,1546,787,791,total
32,Zacatecas,030,Momax,0001,Momax,"103°18'50.311"" W","21°55'19.251"" N",1648,1608,905,504,902,501,504,cabecera_municipal
32,Zacatecas,031,Monte Escobedo,0000,Total del Municipio,,,,8683,4740,2789,4734,2783,2785,total
32,Zacatecas,031,Monte Escobedo,0001,Monte Escobedo,"103°33'41.915"" W","22°18'10.025"" N",1756,4247,2065,1351,2060,1346,1347,cabecera_municipal
32,Zacatecas,032,Morelos,0000,Total del Municipio,,,,13207,4409,3614,4408,3613,3614,total
32,Zacatecas,032,Morelos,0001,Morelos,"102°36'34.326"" W","22°51'43.900"" N",2308,7538,2552,2062,2551,2061,2062,cabecera_municipal
32,Zacatecas,033,Moyahua de Estrada,0000,Total del Municipio,,,,4530,2932,1458,2908,1434,1458,total
32,Zacatecas,033,Moyahua de Estrada,0001,Moyahua de Estrada,"103°09'56.508"" W","21°15'56.137"" N",1164,2294,1311,731,1298,718,731,cabecera_municipal
32,Zacatecas,034,Nochistlán de Mejía,0000,Total del Municipio,,,,27945,14165,8472,14138,8445,8465,total
32,Zacatecas,034,Nochistlán de Mejía,0001,Nochistlán de Mejía,"102°50'49.794"" W","21°21'47.712"" N",1879,16814,7825,5110,7809,5094,5105,cabecera_municipal
32,Zacatecas,035,Noria de Ángeles,0000,Total del Municipio,,,,16284,5220,4126,5202,4108,4126,total
32,Zacatecas,035,Noria de Ángeles,0001,Noria de Ángeles,"101°54'32.026"" W","22°26'33.724"" N",2191,1633,649,482,649,482,482,cabecera_municipal
32,Zacatecas,036,Ojocaliente,0000,Total del Municipio,,,,44144,14481,10892,14006,10417,10889,total
32,Zacatecas,036,Ojocaliente,0001,Ojocaliente,"102°15'10.562"" W","22°34'19.080"" N",2045,22295,7143,5602,6860,5319,5600,cabecera_municipal
32,Zacatecas,037,Pánuco,0000,Total del Municipio,,,,17577,6036,4742,5970,4676,4742,total
32,Zacatecas,037,Pánuco,0001,Pánuco,"102°32'27.182"" W","22°52'33.470"" N",2305,1177,434,311,430,307,311,cabecera_municipal
32,Zacatecas,038,Pinos,0000,Total del Municipio,,,,72241,25505,19276,25253,19024,19270,total
32,Zacatecas,038,Pinos,0001,Pinos,"101°34'30.602"" W","22°17'55.831"" N",2470,6304,2163,1651,2144,1632,1647,cabecera_municipal
32,Zacatecas,039,Río Grande,0000,Total del Municipio,,,,64535,24317,17720,23874,17277,17710,total
32,Zacatecas,039,Río Grande,0001,Río Grande,"103°02'03.594"" W","23°49'38.763"" N",1857,35050,12788,9683,12427,9322,9673,cabecera_municipal
32,Zacatecas,040,Sain Alto,0000,Total del Municipio,,,,21844,7789,5504,7764,5479,5504,total
32,Zacatecas,040,Sain Alto,0001,Sain Alto,"103°14'50.925"" W","23°34'47.389"" N",2038,5295,1898,1347,1889,1338,1347,cabecera_municipal
32,Zacatecas,041,El Salvador,0000,Total del Municipio,,,,2509,1103,733,1103,733,733,total
32,Zacatecas,041,El Salvador,0001,El Salvador,"100°52'04.188"" W","24°31'14.076"" N",1712,982,450,273,450,273,273,cabecera_municipal
32,Zacatecas,042,Sombrerete,0000,Total del Municipio,,,,63665,23785,17199,23618,17032,17191,total
32,Zacatecas,042,Sombrerete,0001,Sombrerete,"103°38'28.832"" W","23°37'52.960"" N",2292,25068,8385,6572,8233,6420,6564,cabecera_municipal
32,Zacatecas,043,Susticacán,0000,Total del Municipio,,,,1365,791,404,790,403,404,total
32,Zacatecas,043,Susticacán,0001,Susticacán,"103°05'58.879"" W","22°36'39.920"" N",2032,929,568,293,567,292,293,cabecera_municipal
32,Zacatecas,044,Tabasco,0000,Total del Municipio,,,,16588,6640,4538,6626,4524,4537,total
32,Zacatecas,044,Tabasco,0001,Tabasco,"102°54'47.005"" W","21°51'54.997"" N",1504,8092,3106,2228,3097,2219,2227,cabecera_municipal
32,Zacatecas,045,Tepechitlán,0000,Total del Municipio,,,,8321,4159,2554,4157,2552,2553,total
32,Zacatecas,045,Tepechitlán,0001,Tepechitlán,"103°19'39.451"" W","21°40'16.054"" N",1703,4883,2204,1481,2202,1479,1480,cabecera_municipal
32,Zacatecas,046,Tepetongo,0000,Total del Municipio,,,,6490,4169,2067,4162,2060,2066,total
32,Zacatecas,046,Tepetongo,0001,Tepetongo,"103°08'52.433"" W","22°27'40.553"" N",1925,1497,864,485,862,483,484,cabecera_municipal
32,Zacatecas,047,Teúl de González Ortega,0000,Total del Municipio,,,,5356,2627,1658,2618,1649,1655,total
32,Zacatecas,047,Teúl de González Ortega,0001,Teúl de González Ortega,"103°27'43.342"" W","21°27'50.729"" N",1916,3461,1655,1071,1647,1063,1068,cabecera_municipal
32,Zacatecas,048,Tlaltenango de Sánchez Román,0000,Total del Municipio,,,,27302,11523,7994,11253,7724,7989,total
32,Zacatecas,048,Tlaltenango de Sánchez Román,0001,Tlaltenango de Sánchez Román,"103°18'20.928"" W","21°46'58.950"" N",1679,17882,7144,5324,6901,5081,5319,cabecera_municipal
32,Zacatecas,049,Valparaíso,0000,Total del Municipio,,,,32461,15289,9095,15127,8933,9089,total
32,Zacatecas,049,Valparaíso,0001,Valparaíso,"103°34'02.040"" W","22°46'18.841"" N",1889,13577,5604,3727,5585,3708,3725,cabecera_municipal
32,Zacatecas,050,Vetagrande,0000,Total del Municipio,,,,10276,3226,2642,3123,2539,2642,total
32,Zacatecas,050,Vetagrande,0001,Vetagrande,"102°33'20.313"" W","22°49'58.133"" N",2559,1113,384,302,360,278,302,cabecera_municipal
32,Zacatecas,051,Villa de Cos,0000,Total del Municipio,,,,34623,12024,9186,11907,9069,9185,total
32,Zacatecas,051,Villa de Cos,0001,Villa de Cos,"102°20'48.798"" W","23°17'38.013"" N",1978,5928,2196,1546,2147,1497,1545,cabecera_municipal
32,Zacatecas,052,Villa García,0000,Total del Municipio,,,,19525,6251,4936,6244,4929,4936,total
32,Zacatecas,052,Villa García,0001,Villa García,"101°57'22.748"" W","22°09'53.633"" N",2100,7011,2271,1777,2269,1775,1777,cabecera_municipal
32,Zacatecas,053,Villa González Ortega,0000,Total del Municipio,,,,13208,4974,3493,4936,3455,3492,total
32,Zacatecas,053,Villa González Ortega,0001,Villa González Ortega,"101°54'49.538"" W","22°30'46.770"" N",2138,6611,2271,1746,2264,1739,1746,cabecera_municipal
32,Zacatecas,054,Villa Hidalgo,0000,Total del Municipio,,,,19446,6445,4951,6317,4823,4951,total
32,Zacatecas,054,Villa Hidalgo,0001,Villa Hidalgo,"101°42'45.356"" W","22°21'25.518"" N",2161,4851,1650,1242,1608,1200,1242,cabecera_municipal
32,Zacatecas,055,Villanueva,0000,Total del Municipio,,,,31558,14138,9052,14087,9001,9045,total
32,Zacatecas,055,Villanueva,0001,Villanueva,"102°53'01.414"" W","22°21'15.331"" N",1899,13641,5773,3919,5733,3879,3914,cabecera_municipal
32,Zacatecas,056,Zacatecas,0000,Total del Municipio,,,,149607,54825,42424,53733,41332,42394,total
32,Zacatecas,056,Zacatecas,0001,Zacatecas,"102°34'18.611"" W","22°46'33.946"" N",2423,138444,50612,39739,49553,38680,39712,cabecera_municipal
32,Zacatecas,057,Trancoso,0000,Total del Municipio,,,,20455,5633,4671,5421,4459,4669,total
32,Zacatecas,057,Trancoso,0001,Trancoso,"102°21'57.736"" W","22°44'07.401"" N",2192,17021,4569,3877,4384,3692,3875,cabecera_municipal
32,Zacatecas,058,Santa María de la Paz,0000,Total del Municipio,,,,2767,1415,860,1413,858,860,total
32,Zacatecas,058,Santa María de la Paz,0001,Santa María de la Paz,"103°24'25.351"" W","21°30'43.842"" N",1924,1995,925,613,923,611,613,cabecera_municipal
09,Ciudad de México,002,Azcapotzalco,0001,Azcapotzalco," 99°11'03.698"" W","19°29'02.770"" N",2244,432205,149381,134204,145267,130090,134168,localidad_mas_poblada
09,Ciudad de México,003,Coyoacán,0001,Coyoacán," 99°09'43.724"" W","19°21'00.770"" N",2247,614447,208024,191646,199165,182787,191517,localidad_mas_poblada
09,Ciudad de México,004,Cuajimalpa de Morelos,0001,Cuajimalpa de Morelos," 99°17'59.252"" W","19°21'26.461"" N",2780,186693,56986,52530,44568,40112,52524,localidad_mas_poblada
09,Ciudad de México,005,Gustavo A. Madero,0001,Gustavo A. Madero," 99°06'48.495"" W","19°28'58.603"" N",2230,1173351,370297,340301,362152,332156,340155,localidad_mas_poblada
09,Ciudad de México,006,Iztacalco,0001,Iztacalco," 99°05'51.406"" W","19°23'45.245"" N",2230,404695,130175,117740,125122,112687,117720,localidad_mas_poblada
09,Ciudad de México,007,Iztapalapa,0001,Iztapalapa," 99°05'33.441"" W","19°21'32.414"" N",2239,1835486,537596,504456,522378,489238,504365,localidad_mas_poblada
09,Ciudad de México,008,La Magdalena Contreras,0001,La Magdalena Contreras," 99°14'29.456"" W","19°18'17.633"" N",2521,246428,71126,67772,66145,62791,67755,localidad_mas_poblada
09,Ciudad de México,009,Milpa Alta,0011,San Antonio Tecómitl," 98°59'37.384"" W","19°13'03.134"" N",2257,27768,8123,7221,7648,6746,7221,localidad_mas_poblada
09,Ciudad de México,010,Álvaro Obregón,0001,Álvaro Obregón," 99°11'43.488"" W","19°23'26.902"" N",2309,759003,236094,219413,217218,200537,219322,localidad_mas_poblada
09,Ciudad de México,011,Tláhuac,0001,Tláhuac," 99°00'17.446"" W","19°16'14.039"" N",2250,323771,98856,89454,97703,88301,89429,localidad_mas_poblada
09,Ciudad de México,012,Tlalpan,0001,Tlalpan," 99°10'01.654"" W","19°17'17.790"" N",2280,599935,193514,176605,186824,169915,176454,localidad_mas_poblada
09,Ciudad de México,013,Xochimilco,0001,Xochimilco," 99°06'17.688"" W","19°15'48.463"" N",2237,429481,126945,113806,125654,112515,113760,localidad_mas_poblada
09,Ciudad de México,014,Benito Juárez,0001,Benito Juárez," 99°09'28.272"" W","19°22'19.172"" N",2238,434153,199993,176175,184968,161150,176053,localidad_mas_poblada
09,Ciudad de México,015,Cuauhtémoc,0001,Cuauhtémoc," 99°09'06.781"" W","19°26'29.928"" N",2230,545884,227906,196593,209043,177730,196466,localidad_mas_poblada
09,Ciudad de México,016,Miguel Hidalgo,0001,Miguel Hidalgo," 99°11'26.716"" W","19°24'26.168"" N",2264,414470,168191,146828,144530,123167,146762,localidad_mas_poblada
09,Ciudad de México,017,Venustiano Carranza,0001,Venustiano Carranza," 99°06'49.324"" W","19°25'09.343"" N",2230,443704,151569,135789,145218,129438,135768,localidad_mas_poblada
